source,oritext,seg,postag,wordNumDiff,charNumDiff,postagEditDistance,lastPosComb,lastPosEqual,firstPosComb,firstPosEqual,lastWordInTimian,lastTwoWordsInTimian,lastPostagInTimian,timeCombination,firstWordInSecondPart,containCuewordsMain,label
2003-北京,在此期间，能源生产与消费结构的变化为	1995年，煤炭生产量所占比重低于其消费量所占比重,在 此 期间 ， 能源 生产 与 消费 结构 的 变化 为 1995年 ， 煤炭 生产量 所 占 比重 低于 其 消费量 所 占 比重,P PN time PU NN NN CC NN NN DEG NN VC time PU NN NN MSP VV NN VV PN NN MSP VV NN,10,14,11,time/NN,False,time/NN,False,为,变化/为,VC,True/False,煤炭,None,n
2003-北京,在此期间，能源生产与消费结构的变化为	1994年，石油生产量和消费量所占比重相近,在 此 期间 ， 能源 生产 与 消费 结构 的 变化 为 1994年 ， 石油 生产量 和 消费量 所 占 比重 相近,P PN time PU NN NN CC NN NN DEG NN VC time PU NN NN CC NN MSP VV NN VV,7,10,8,time/VV,False,time/NN,False,为,变化/为,VC,True/False,石油,None,n
2003-北京,我国目前	因消费量少于生产量，原油可以大量出口,我国 目前 因 消费量 少于 生产量 ， 原油 可以 大量 出口,NR time P NN VV NN PU NN VV CD NN,0,1,2,NN/NN,True,P/NN,False,目前,我国/目前,time,False/False,原油,因果,n
2006-北京,三个观测点中	0－1km之间，①的水温变化比②大,三 个 观测点 中 0－1km 之间 ， ① 的 水温 变化 比 ② 大,CD M NN LC num LC PU NN DEG NN NN P NN VA,5,2,7,LC/VA,False,num/NN,False,中,观测点/中,LC,False/False,①,趋势,n
2006-北京,不够合理的治理土壤退化的措施是	东北平原开荒、焚烧秸秆，加速有机质分解,不 够 合理 的 治理 土壤 退化 的 措施 是 东北平原 开荒 、 焚烧 秸秆 ， 加速 有机质 分解,AD VA VA DEC NN NN VV DEC NN VC loc VV PU NN NN PU VV NR VV,2,4,4,NN/VV,False,loc/VV,False,是,措施/是,VC,False/False,加速,None,y
2006-北京,不够合理的治理土壤退化的措施是	黄土高原保塬、护坡、固沟，防治水土流失,不 够 合理 的 治理 土壤 退化 的 措施 是 黄土高原 保塬 、 护坡 、 固沟 ， 防治 水土流失,AD VA VA DEC NN NN VV DEC NN VC loc NN PU NN PU NN PU VV NN,4,6,5,NN/NN,True,loc/VV,False,是,措施/是,VC,False/False,防治,None,y
2006-北京,不够合理的治理土壤退化的措施是	黄淮海平原实施排灌，调控土壤盐分,不 够 合理 的 治理 土壤 退化 的 措施 是 黄淮海平原 实施 排灌 ， 调控 土壤 盐分,AD VA VA DEC NN NN VV DEC NN VC loc VV NN PU NN NN NN,0,3,2,NN/NN,True,loc/NN,False,是,措施/是,VC,False/False,调控,None,y
2006-北京,不够合理的治理土壤退化的措施是	江南丘陵施用石灰，中和土壤酸度,不 够 合理 的 治理 土壤 退化 的 措施 是 江南丘陵 施用 石灰 ， 中和 土壤 酸度,AD VA VA DEC NN NN VV DEC NN VC loc VV NN PU NR NN NN,0,2,2,NN/NN,True,loc/NR,False,是,措施/是,VC,False/False,中和,None,y
2007-北京,当火炬传递到	①地时，当地正午太阳高度为全年最大,当 火炬 传递 到 ①地 时 ， 当地 正午太阳高度 为 全年 最 大,P NN VV VV loc LC PU NN term VC NN AD VA,4,10,6,LC/VA,False,loc/NN,False,到,传递/到,VV,False/False,当地,None,n
2007-北京,当火炬传递到	③地时，当地黑夜比白昼长,当 火炬 传递 到 ③地 时 ， 当地 黑夜 比 白昼 长,P NN VV VV loc LC PU NN NN P NN VA,3,5,5,LC/VA,False,loc/NN,False,到,传递/到,VV,False/False,当地,None,n
2007-北京,当火炬传递到	④地时，当地正值多雨季节,当 火炬 传递 到 ④地 时 ， 当地 正值 多雨 季节,P NN VV VV loc LC PU NN VV JJ NN,2,5,4,LC/NN,False,loc/NN,False,到,传递/到,VV,False/False,当地,None,n
2007-北京,当火炬传递到	⑤地时，当地正值春暖花开季节,当 火炬 传递 到 ⑤地 时 ， 当地 正值 春暖 花开 季节,P NN VV VV loc LC PU NN VV JJ JJ NN,3,7,5,LC/NN,False,loc/NN,False,到,传递/到,VV,False/False,当地,None,n
2008-北京,该地区成为著名旅游地的优势在于	地质地貌景观独特，具有较高的游览价值,该 地区 成为 著名 旅游地 的 优势 在于 地质 地貌 景观 独特 ， 具有 较 高 的 游览 价值,DT NN VV JJ NN DEG NN VV NN NN NN VA PU VV AD VA DEC NN NN,2,1,5,VA/NN,False,NN/VV,False,在于,优势/在于,VV,False/False,具有,None,y
2008-北京,该地区成为著名旅游地的优势在于	水陆交通通达性好，旅游地吸引半径大,该 地区 成为 著名 旅游地 的 优势 在于 水陆 交通 通达性 好 ， 旅游地 吸引半径 大,DT NN VV JJ NN DEG NN VV NN NN NN VA PU NN NN JJ,1,0,2,VA/JJ,False,NN/NN,True,在于,优势/在于,VV,False/False,旅游地,None,y
2009-北京,该海域沿岸	存在上升流，为热带雨林气候,该 海域 沿岸 存在 上升流 ， 为 热带雨林气候,DT NN NN VV term PU VC term,0,2,1,term/term,True,VV/VC,False,沿岸,海域/沿岸,NN,False/False,为,None,y
2009-北京,该海域沿岸	有暖流经过，为热带草原气候,该 海域 沿岸 有 暖流 经过 ， 为 热带草原气候,DT NN NN VE term VV PU VC term,1,2,2,VV/term,False,VE/VC,False,沿岸,海域/沿岸,NN,False/False,为,None,y
2009-北京,该海域沿岸	有寒流经过，为热带沙漠气候,该 海域 沿岸 有 寒流 经过 ， 为 热带沙漠气候,DT NN NN VE term VV PU VC term,1,2,2,VV/term,False,VE/VC,False,沿岸,海域/沿岸,NN,False/False,为,None,y
2009-北京,该海域沿岸	盛行东南风，为热带季风气候,该 海域 沿岸 盛行 东南风 ， 为 热带季风气候,DT NN NN VV term PU VC term,0,2,1,term/term,True,VV/VC,False,沿岸,海域/沿岸,NN,False/False,为,None,y
2009-北京,岛内最大零售商业点位于甲村，主要形成原因是该村	地形平坦，交通便利,岛内 最 大 零售 商业点 位于 甲村 ， 主要 形成 原因 是 该 村 地形 平坦 ， 交通 便利,NN AD JJ NN NN VV loc PU AD VV NN VC DT NN NN VA PU NN VA,0,0,0,VA/VA,True,NN/NN,True,村,该/村,NN,False/False,交通,None,y
2009-北京,在海岛开发的过程中，该岛	河流入海口处地势开阔，适宜建设深水港,在 海岛 开发 的 过程 中 ， 该 岛 河流 入海口 处 地势 开阔 ， 适宜 建设 深水港,P NN VV DEC NN LC PU DT NN NN NN NN NN VA PU VV VV NN,2,3,4,VA/NN,False,NN/VV,False,岛,该/岛,NN,False/False,适宜,因果,y
2010-北京,图上标出的经纬网格区中	随地球自转，③的角速度比④小,图 上 标出 的 经纬网 格区 中 随 地球 自转 ， ③ 的 角速度 比 ④ 小,NN LC VV DEC term NN LC P NN term PU NN DEG NN P NN VA,3,3,4,term/VA,False,P/NN,False,中,格区/中,LC,False/False,③,趋势,n
2010-北京,图上标出的经纬网格区中	从春分到夏至，①比④的昼长变化幅度大,图 上 标出 的 经纬网 格区 中 从春分到夏至 ， ① 比 ④ 的 昼长 变化 幅度 大,NN LC VV DEC term NN LC time PU NN P NN DEG term NN NN VA,7,5,8,time/VA,False,time/NN,False,中,格区/中,LC,True/False,①,趋势,n
2010-北京,图上标出的经纬网格区中	从夏至到秋分，②比⑤的正午太阳高度角变化幅度大,图 上 标出 的 经纬网 格区 中 从夏至到秋分 ， ② 比 ⑤ 的 正午太阳高度角 变化 幅度 大,NN LC VV DEC term NN LC time PU NN P NN DEG term NN NN VA,7,10,8,time/VA,False,time/NN,False,中,格区/中,LC,True/False,②,趋势,n
2010-北京,由08时到20时，图中	①地风向偏北，风力逐渐减弱,由08时到20时 ， 图 中 ①地 风向 偏北 ， 风力 逐渐 减弱,time PU NN LC loc term VA PU NN AD VV,0,0,3,VA/VV,False,loc/NN,False,中,图/中,LC,False/False,风力,趋势,y
2010-北京,由08时到20时，图中	②地受高压脊控制，天气持续晴朗,由08时到20时 ， 图 中 ②地 受 高压脊 控制 ， 天气 持续 晴朗,time PU NN LC loc VV term NN PU NN VV VV,1,2,3,NN/VV,False,loc/NN,False,中,图/中,LC,False/False,天气,None,y
2010-北京,根据图中信息可以判断	1963年时湖底东南高，西北低,根据 图 中 信息 可以 判断 1963年 时 湖底 东南 高 ， 西北 低,P NN LC NN VV VV time LC NN NN VA PU NN VA,3,8,3,VA/VA,True,time/NN,False,判断,可以/判断,VV,True/False,西北,None,n
2011-北京,图中	河流③处左岸侵蚀，右岸堆积,图 中 河流 ③处 左岸 侵蚀 ， 右岸 堆积,NN LC NN NN NN term PU NN term,2,4,2,term/term,True,NN/NN,True,中,图/中,LC,False/False,右岸,None,y
2011-北京,该图的制作与应用借助于	遥感技术获取道路网信息，测定监测点分布,该 图 的 制作 与 应用 借助 于 遥感技术 获取 道路网 信息 ， 测定 监测点 分布,DT NN DEG NN CC NN VV P term VV NN NN PU VV NN NN,1,4,1,NN/NN,True,term/VV,False,于,借助/于,P,False/False,测定,None,y
2011-北京,该图的制作与应用借助于	全球定位系统确定事故的位置，预测交通流量,该 图 的 制作 与 应用 借助 于 全球定位系统 确定 事故 的 位置 ， 预测 交通 流量,DT NN DEG NN CC NN VV P term VV NN DEG NN PU VV NN NN,2,7,2,NN/NN,True,term/VV,False,于,借助/于,P,False/False,预测,None,y
2011-北京,该图的制作与应用借助于	地理信息系统查询事故频次，分析出警最优路径,该 图 的 制作 与 应用 借助 于 地理信息系统 查询 事故 频次 ， 分析 出警 最优 路径,DT NN DEG NN CC NN VV P term VV NN NN PU VV VV JJ NN,0,4,2,NN/NN,True,term/VV,False,于,借助/于,P,False/False,分析,None,y
2011-北京,该图的制作与应用借助于	数字地球技术，实现道路与监测点的互换,该 图 的 制作 与 应用 借助 于 数字地球技术 ， 实现 道路 与 监测点 的 互换,DT NN DEG NN CC NN VV P term PU VV NN CC NN DEG NN,5,5,6,term/NN,False,term/VV,False,于,借助/于,P,False/False,实现,None,n
2011年北京市西城区高三第一学期期末考试,若此图表示亚洲东部夏季季风环流，则	甲处是海洋，乙处是陆地,若 此 图 表示 亚洲东部 夏季 季风环流 ， 则 甲处 是 海洋 ， 乙处 是 陆地,CS DT NN VV loc time term PU AD NN VC NN PU NN VC NN,0,0,0,NN/NN,True,NN/NN,True,则,，/则,AD,False/False,乙处,None,y
2011年北京市西城区高三第一学期期末考试,图示两区域	地势平坦，有相同的农业地域类型,图示 两 区域 地势 平坦 ， 有 相同 的 农业地域类型,VV CD NN NN VA PU VE VA DEC term,2,6,3,VA/term,False,NN/VE,False,区域,两/区域,NN,False/False,有,None,y
2011年北京市西城区高三第一学期期末考试,图示两区域	河流以雨水补给为主，流量稳定,图示 两 区域 河流 以 雨水 补给 为主 ， 流量 稳定,VV CD NN NN P NN NN VV PU NN VA,3,5,4,VV/VA,False,NN/NN,True,区域,两/区域,NN,False/False,流量,None,y
2011年北京市西城区高三第一学期期末考试,图示两区域	地处板块交界处，多火山、地震,图示 两 区域 地处 板块 交界处 ， 多 火山 、 地震,VV CD NN VV NN NN PU JJ term PU term,1,1,4,NN/term,False,VV/JJ,False,区域,两/区域,NN,False/False,多,None,y
2011年北京市西城区高三第一学期期末考试,根据左图中等温线分布特点可知，该海区	在北半球，A处有暖流经过,根据 左图 中 等温线 分布 特点 可知 ， 该 海区 在 北半球 ， A处 有 暖流 经过,P NN LC term NN NN VA PU DT NN VV term PU NN VE term VV,2,3,3,term/VV,False,VV/NN,False,海区,该/海区,NN,False/False,A处,None,y
2011年北京市西城区高三第一学期期末考试,根据左图中等温线分布特点可知，该海区	在北半球，A处有寒流经过,根据 左图 中 等温线 分布 特点 可知 ， 该 海区 在 北半球 ， A处 有 寒流 经过,P NN LC term NN NN VA PU DT NN VV term PU NN VE term VV,2,3,3,term/VV,False,VV/NN,False,海区,该/海区,NN,False/False,A处,None,y
2011年北京市西城区高三第一学期期末考试,根据左图中等温线分布特点可知，该海区	在南半球，A处有暖流经过,根据 左图 中 等温线 分布 特点 可知 ， 该 海区 在 南半球 ， A处 有 暖流 经过,P NN LC term NN NN VA PU DT NN VV term PU NN VE term VV,2,3,3,term/VV,False,VV/NN,False,海区,该/海区,NN,False/False,A处,None,y
2011年北京市西城区高三第一学期期末考试,根据左图中等温线分布特点可知，该海区	在南半球，A处有寒流经过,根据 左图 中 等温线 分布 特点 可知 ， 该 海区 在 南半球 ， A处 有 寒流 经过,P NN LC term NN NN VA PU DT NN VV term PU NN VE term VV,2,3,3,term/VV,False,VV/NN,False,海区,该/海区,NN,False/False,A处,None,y
2011年北京市西城区高三第一学期期末考试,河西走廊水资源开发利用中，违背可持续发展区际公平性原则的是	河流下游水量锐减，甚至断流,河西走廊 水资源 开发 利用 中 ， 违背 可持续 发展 区际 公平性 原则 的 是 河流 下游 水量 锐减 ， 甚至 断流,loc NN NN NN LC PU VV JJ NN NN JJ NN DEC VC NN NN NN VV PU AD VV,2,4,3,VV/VV,True,NN/AD,False,是,的/是,VC,False/False,甚至,None,n
2011年北京市西城区高三第一学期期末考试,河西走廊水资源开发利用中，违背可持续发展区际公平性原则的是	地下水逐渐增加，水循环加快,河西走廊 水资源 开发 利用 中 ， 违背 可持续 发展 区际 公平性 原则 的 是 地下水 逐渐 增加 ， 水循环 加快,loc NN NN NN LC PU VV JJ NN NN JJ NN DEC VC NN AD VV PU NN VV,1,2,1,VV/VV,True,NN/NN,True,是,的/是,VC,False/False,水循环,趋势,y
2011年北京市西城区高三第一学期期末考试,河西走廊水资源开发利用中，违背可持续发展区际公平性原则的是	植被退化严重，生物多样性减少,河西走廊 水资源 开发 利用 中 ， 违背 可持续 发展 区际 公平性 原则 的 是 植被 退化 严重 ， 生物多样性 减少,loc NN NN NN LC PU VV JJ NN NN JJ NN DEC VC NN VV VA PU term VV,1,1,2,VA/VV,False,NN/term,False,是,的/是,VC,False/False,生物多样性,趋势,y
2011年北京市西城区高三第一学期期末考试,该市目前面临资源、能源短缺；进一步发展需要更多劳动力，而城市已经不堪人口重负；环境承载力达到极限。对此，你认为下列措施可行的是	实行区域经济合作，进行资源、能源的跨区域调配,该市 目前 面临 资源 、 能源 短缺 ； 进一步 发展 需要 更 多 劳动力 ， 而 城市 已经 不堪 人口 重负 ； 环境承载力 达到 极限 。 对此 ， 你 认为 下列 措施 可行 的 是 实行 区域 经济 合作 ， 进行 资源 、 能源 的 跨区域 调配,NN time VV NN PU NN VA PU AD VV VV AD JJ NN PU AD NN AD VV NN NN PU term VV NN PU AD PU PN VV JJ NN VA DEC VC VV NN NN NN PU VV NN PU NN DEG JJ NN,3,5,3,NN/NN,True,VV/VV,True,是,的/是,VC,False/False,进行,None,y
2011年北京市西城区高三第一学期期末考试,以-A过程形成的大城市，为防止出现城市问题应	扩大城市面积，分散布局工业,以 -A 过程 形成 的 大城市 ， 为 防止 出现 城市 问题 应 扩大 城市 面积 ， 分散 布局 工业,P NN NN VV DEC NN PU P VV VV NN NN VV VV NN NN PU VV NN NN,0,0,0,NN/NN,True,VV/VV,True,应,问题/应,VV,False/False,分散,趋势,y
2011年北京市西城区高三第一学期期末考试,以-A过程形成的大城市，为防止出现城市问题应	控制外来人口，减小就业压力,以 -A 过程 形成 的 大城市 ， 为 防止 出现 城市 问题 应 控制 外来 人口 ， 减小 就业 压力,P NN NN VV DEC NN PU P VV VV NN NN VV VV JJ NN PU VV NN NN,0,0,1,NN/NN,True,VV/VV,True,应,问题/应,VV,False/False,减小,趋势,y
2011年北京市西城区高三第一学期期末考试,以-A过程形成的大城市，为防止出现城市问题应	优化产业结构，关停并转移污染企业,以 -A 过程 形成 的 大城市 ， 为 防止 出现 城市 问题 应 优化 产业 结构 ， 关停 并 转移 污染 企业,P NN NN VV DEC NN PU P VV VV NN NN VV VV NN NN PU VV CC VV NN NN,2,3,2,NN/NN,True,VV/VV,True,应,问题/应,VV,False/False,关停,None,y
2011年北京市西城区高三第一学期期末考试,①地稻米产区与湖南省稻米产区相似的区位条件是	灌溉水源丰富，机械化程度高,①地 稻米 产区 与 湖南省 稻米 产区 相似 的 区位 条件 是 灌溉 水源 丰富 ， 机械化 程度 高,loc NN NN CC loc NN NN VA DEC NN NN VC NN NN VA PU NN NN VA,0,0,0,VA/VA,True,NN/NN,True,是,条件/是,VC,False/False,机械化,None,y
2011年北京市西城区高三第一学期期末考试,①地稻米产区与湖南省稻米产区相似的区位条件是	气候类型相同，土壤肥沃,①地 稻米 产区 与 湖南省 稻米 产区 相似 的 区位 条件 是 气候 类型 相同 ， 土壤 肥沃,loc NN NN CC loc NN NN VA DEC NN NN VC NN NN VA PU NN VA,1,2,1,VA/VA,True,NN/NN,True,是,条件/是,VC,False/False,土壤,None,y
2011年北京市西城区高三第一学期期末考试,①地稻米产区与湖南省稻米产区相似的区位条件是	地势平坦，高温期与多雨期一致,①地 稻米 产区 与 湖南省 稻米 产区 相似 的 区位 条件 是 地势 平坦 ， 高温期 与 多雨期 一致,loc NN NN CC loc NN NN VA DEC NN NN VC NN VA PU term CC term VV,2,5,4,VA/VV,False,NN/term,False,是,条件/是,VC,False/False,高温期,None,y
2011年北京市西城区高三第一学期期末考试,①地稻米产区与湖南省稻米产区相似的区位条件是	精耕细作，技术条件优越,①地 稻米 产区 与 湖南省 稻米 产区 相似 的 区位 条件 是 精耕细作 ， 技术 条件 优越,loc NN NN CC loc NN NN VA DEC NN NN VC NN PU NN NN VA,2,2,2,NN/VA,False,NN/NN,True,是,条件/是,VC,False/False,技术,None,y
2011年北京市西城区高三第一学期期末考试,马达加斯加稻米不能自给的原因是	农业技术落后，产量低,马达加斯加 稻米 不 能 自给 的 原因 是 农业 技术 落后 ， 产量 低,loc NN AD VV VV DEC NN VC NN NN VA PU NN VA,1,3,1,VA/VA,True,NN/NN,True,是,原因/是,VC,False/False,产量,None,y
2011年北京市西城区高三第一学期期末考试,马达加斯加稻米不能自给的原因是	岛国，种植面积有限,马达加斯加 稻米 不 能 自给 的 原因 是 岛国 ， 种植 面积 有限,loc NN AD VV VV DEC NN VC NN PU NN NN VA,2,4,2,NN/VA,False,NN/NN,True,是,原因/是,VC,False/False,种植,趋势,y
2012-北京,在7、8月份，伦敦比北京	气温高，日较差大,在 7、8月份 ， 伦敦 比 北京 气温 高 ， 日较差 大,P time PU loc P loc NN VA PU NN VA,0,1,0,VA/VA,True,NN/NN,True,北京,比/北京,loc,False/False,日较差,None,y
2012-北京,在7、8月份，伦敦比北京	风小雾大，降水多,在 7、8月份 ， 伦敦 比 北京 风 小 雾 大 ， 降水 多,P time PU loc P loc NN VA NN VA PU VV VA,2,1,3,VA/VA,True,NN/VV,False,北京,比/北京,loc,False/False,降水,None,y
2012-北京,在7、8月份，伦敦比北京	日出晚，昼短夜长,在 7、8月份 ， 伦敦 比 北京 日出 晚 ， 昼 短 夜 长,P time PU loc P loc VV NN PU NN VA NN VA,2,1,3,NN/VA,False,VV/NN,False,北京,比/北京,loc,False/False,昼,None,y
2012-北京,英国	西部海岸线曲折，珊瑚礁发育好,英国西部 海岸线 曲折 ， 珊瑚礁 发育 好,loc NN VA PU NN VV VA,0,1,2,VA/VA,True,loc/NN,False,好,发育/好,VA,False/False,珊瑚礁,None,y
2012-北京,英国	地形以高原为主，地势西高东低,英国 地形 以 高原 为主 ， 地势 西 高 东 低,loc NN P term VV PU NN NN VA NN VA,1,1,4,VV/VA,False,NN/NN,True,英国,NULL/英国,loc,False/False,地势,None,y
2012-北京,途经该区域的洋流	进入到北冰洋海域，使当地能见度变好,途经 该 区域 的 洋流 进入 到 北冰洋海域 ， 使 当地 能见度 变好,VV DT NN DEG NN VV VV loc PU VV NN NN VV,1,0,3,loc/VV,False,VV/VV,True,洋流,的/洋流,NN,False/False,使,因果,n
2012-北京,图中所示山地	北坡热量条件差，林带上界比南坡低,图 中 所示 山地 北坡 热量 条件 差 ， 林带 上界 比 南坡 低,NN LC VV NN NN NN NN VA PU NN NN P NN VA,1,1,1,VA/VA,True,NN/NN,True,山地,所示/山地,NN,False/False,林带,None,y
2013-北京,东北平原	地势中间高，南北低,东北平原 地势 中间 高 ， 南北 低,loc NN NN VA PU NN VA,1,2,1,VA/VA,True,NN/NN,True,东北平原,NULL/东北平原,loc,False/False,南北,None,y
2013-北京,东北平原	冬冷夏热，伏旱严重,东北平原 冬 冷 夏 热 ， 伏旱 严重,loc NN VA NN VA PU term VA,2,0,3,VA/VA,True,NN/term,False,东北平原,NULL/东北平原,loc,False/False,伏旱,None,y
2013-北京,东北平原	农业实行小农场经营，精耕细作,东北平原 农业 实行 小 农场 经营 ， 精耕细作,loc NN VV JJ NN NN PU VA,4,5,5,NN/VA,False,NN/VA,False,东北平原,NULL/东北平原,loc,False/False,精耕细作,None,y
2013-北京,20世纪50-70年代人口大规模迁入东北地区的主要原因是	地处边疆，邻国人口迁入,20世纪50-70年代 人口 大规模 迁入 东北地区 的 主要 原因 是 地处 边疆 ， 邻国 人口 迁入,time NN AD VV loc DEG JJ NN VC VV NN PU NN NN VV,1,2,2,NN/VV,False,VV/NN,False,是,原因/是,VC,False/False,邻国,趋势,y
2013-北京,大气中	臭氧层遭到破坏，会导致①增加,大气 中 臭氧层 遭到 破坏 ， 会 导致 ① 增加,NN LC NN VV NN PU VV VV NN VV,1,1,2,NN/VV,False,NN/VV,False,中,大气/中,LC,False/False,会,因果,n
2013-北京,大气中	二氧化碳浓度降低，会使②减少,大气 中 二氧化碳 浓度 降低 ， 会 使 ② 减少,NN LC NN NN VV PU VV VV NN VV,1,3,2,VV/VV,True,NN/VV,False,中,大气/中,LC,False/False,会,因果,n
2013-北京,大气中	可吸入颗粒物增加，会使③增加,大气 中 可吸入 颗粒物 增加 ， 会 使 ③ 增加,NN LC JJ NN VV PU VV VV NN VV,1,3,2,VV/VV,True,JJ/VV,False,中,大气/中,LC,False/False,会,因果,n
2013-北京,大气中	出现雾霾，会导致④在夜间减少,大气 中 出现 雾霾 ， 会 导致 ④ 在 夜间 减少,NN LC VV NN PU VV VV NN P time VV,4,5,4,NN/VV,False,VV/VV,True,中,大气/中,LC,False/True,会,因果,n
2014-北京,玻利维亚	东邻巴西，西临太平洋,玻利维亚 东 邻 巴西 ， 西 临 太平洋,loc NN VV loc PU NN VV loc,0,1,0,loc/loc,True,NN/NN,True,玻利维亚,NULL/玻利维亚,loc,False/False,西,None,y
2014-北京,玻利维亚	受寒流影响，多雾少雨,玻利维亚 受 寒流 影响 ， 多 雾 少 雨,loc VV term NN PU JJ NN JJ NN,1,1,3,NN/NN,True,VV/JJ,False,玻利维亚,NULL/玻利维亚,loc,False/False,多,None,y
2014-北京,该河谷	呈“V”型，适宜修建水库,该 河谷 呈 “ V ” 型 ， 适宜 修建 水库,DT NN VV PU NN PU NN PU VV VV NN,2,1,3,NN/NN,True,VV/VV,True,河谷,该/河谷,NN,False/False,适宜,因果,y
2014-北京,本次洪水	水位上升时，河流搬运作用减弱,本 次 洪水 水位 上升 时 ， 河流 搬运作用 减弱,DT M NN NN VV LC PU NN term VV,0,3,2,LC/VV,False,NN/NN,True,洪水,次/洪水,NN,False/False,河流,趋势,n
2014-北京,本次洪水	水位下降时，河流含沙量增加,本 次 洪水 水位 下降 时 ， 河流 含沙量 增加,DT M NN NN VV LC PU NN NN VV,0,2,2,LC/VV,False,NN/NN,True,洪水,次/洪水,NN,False/False,河流,趋势,n
2014-北京,本次洪水	流量增大时，河流堆积作用增强,本 次 洪水 流量 增大 时 ， 河流 堆积作用 增强,DT M NN NN VV LC PU NN term VV,0,3,2,LC/VV,False,NN/NN,True,洪水,次/洪水,NN,False/False,河流,趋势,n
2014北京市东城区高考文综地理二模试题,该日，荷兰比北京	昼更短，夜更长,该 日 ， 荷兰 比 北京 昼 更 短 ， 夜 更 长,DT NN PU loc P loc NN AD VA PU NN AD VA,0,0,0,VA/VA,True,NN/NN,True,北京,比/北京,loc,False/False,夜,None,y
2014北京市东城区高考文综地理二模试题,荷兰	地处板块交界处，多地震,荷兰 地处 板块 交界处 ， 多 地震,loc VV NN NN PU JJ term,1,4,3,NN/term,False,VV/JJ,False,荷兰,NULL/荷兰,loc,False/False,多,None,y
2014北京市东城区高考文综地理二模试题,荷兰	海岸线曲折，珊瑚礁发育好,荷兰 海岸线 曲折 ， 珊瑚礁 发育 好,loc NN VA PU NN VV VA,1,1,1,VA/VA,True,NN/NN,True,荷兰,NULL/荷兰,loc,False/False,珊瑚礁,None,y
2014北京市东城区高考文综地理二模试题,荷兰	风力大，降水丰富,荷兰 风力 大 ， 降水 丰富,loc NN VA PU VV VA,0,1,1,VA/VA,True,NN/VV,False,荷兰,NULL/荷兰,loc,False/False,降水,None,y
2014北京市东城区高考文综地理二模试题,与火电相比，核电	安全性好，原料方便运输,与 火电 相比 ， 核电 安全性 好 ， 原料 方便 运输,P NN VV PU NN NN VA PU NN VV VV,1,2,2,VA/VV,False,NN/NN,True,核电,，/核电,NN,False/False,原料,None,y
2014北京市东城区高考文综地理二模试题,与火电相比，核电	发电量不稳定，受气候影响大,与 火电 相比 ， 核电 发电量 不 稳定 ， 受 气候 影响 大,P NN VV PU NN NN AD VA PU VV NN NN VA,1,0,2,VA/VA,True,NN/VV,False,核电,，/核电,NN,False/False,受,None,y
2014北京市东城区高考文综地理二模试题,与火电相比，核电	开发成本低，建设周期短,与 火电 相比 ， 核电 开发 成本 低 ， 建设 周期 短,P NN VV PU NN NN NN VA PU VV NN VA,0,0,1,VA/VA,True,NN/VV,False,核电,，/核电,NN,False/False,建设,None,y
2014北京市东城区高考文综地理二模试题,与火电相比，核电	有放射性，易造成空气污染,与 火电 相比 ， 核电 有 放射性 ， 易 造成 空气 污染,P NN VV PU NN VE NN PU AD VV NN NN,2,3,3,NN/NN,True,VE/AD,False,核电,，/核电,NN,False/False,易,因果,y
2014北京市东城区高考文综地理二模试题,修建中巴铁路难度比较大的原因是沿线地区	连接内陆与太平洋，工程量大,修建 中巴铁路 难度 比较 大 的 原因 是 沿线 地区 连接 内陆 与 太平洋 ， 工程量 大,VV NN NN AD VA DEC NN VC NN NN VV NN CC NN PU NN VA,2,4,3,NN/VA,False,VV/NN,False,地区,沿线/地区,NN,False/False,工程量,None,n
2014北京市东城区高考文综地理二模试题,修建中巴铁路难度比较大的原因是沿线地区	地势起伏大，地质条件复杂,修建 中巴铁路 难度 比较 大 的 原因 是 沿线 地区 地势 起伏 大 ， 地质 条件 复杂,VV NN NN AD VA DEC NN VC NN NN NN AD VA PU NN NN VA,0,1,1,VA/VA,True,NN/NN,True,地区,沿线/地区,NN,False/False,地质,None,y
2014北京市东城区高考文综地理二模试题,修建中巴铁路难度比较大的原因是沿线地区	有印度河流经，洪涝灾害频发,修建 中巴铁路 难度 比较 大 的 原因 是 沿线 地区 有 印度河 流经 ， 洪涝 灾害 频发,VV NN NN AD VA DEC NN VC NN NN VE NN VV PU NN NN VV,0,0,1,VV/VV,True,VE/NN,False,地区,沿线/地区,NN,False/False,洪涝,None,y
2014北京市东城区高考文综地理二模试题,修建中巴铁路难度比较大的原因是沿线地区	气候高寒，冻土广布,修建 中巴铁路 难度 比较 大 的 原因 是 沿线 地区 气候 高寒 ， 冻土 广布,VV NN NN AD VA DEC NN VC NN NN NN VA PU NN VA,0,0,0,VA/VA,True,NN/NN,True,地区,沿线/地区,NN,False/False,冻土,None,y
2014北京市东城区高考文综地理二模试题,1980～2000年该城市人口密度的变化表现在	甲区人口密度最高，增长速度最快,1980～2000年 该 城市 人口 密度 的 变化 表现 在 甲区 人口 密度 最 高 ， 增长 速度 最 快,time DT NN NN NN DEG NN VV P loc NN NN AD VA PU NN NN AD VA,1,2,1,VA/VA,True,loc/NN,False,在,表现/在,P,False/False,增长,趋势,y
2014北京市东城区高考文综地理二模试题,四个“硅谷”发展高新技术产业的共同优势是	位于中纬地区，环境优美,四个 “ 硅谷 ” 发展 高新 技术 产业 的 共同 优势 是 位于 中纬 地区 ， 环境 优美,CD PU NN PU VV JJ NN NN DEG JJ NN VC VV term NN PU NN VA,1,2,3,NN/VA,False,VV/NN,False,是,优势/是,VC,False/False,环境,None,y
2014北京市东城区高考文综地理二模试题,四个“硅谷”发展高新技术产业的共同优势是	海运发达，交通便捷,四个 “ 硅谷 ” 发展 高新 技术 产业 的 共同 优势 是 海运 发达 ， 交通 便捷,CD PU NN PU VV JJ NN NN DEG JJ NN VC NN VA PU NN VA,0,0,0,VA/VA,True,NN/NN,True,是,优势/是,VC,False/False,交通,None,y
2014北京市东城区高考文综地理二模试题,四个“硅谷”发展高新技术产业的共同优势是	依托科研机构，科技发达,四个 “ 硅谷 ” 发展 高新 技术 产业 的 共同 优势 是 依托 科研 机构 ， 科技 发达,CD PU NN PU VV JJ NN NN DEG JJ NN VC VV NN NN PU NN VA,1,2,2,NN/VA,False,VV/NN,False,是,优势/是,VC,False/False,科技,None,y
2014北京市东城区高考文综地理二模试题,四个“硅谷”发展高新技术产业的共同优势是	人口稠密，劳动力充足,四个 “ 硅谷 ” 发展 高新 技术 产业 的 共同 优势 是 人口 稠密 ， 劳动力 充足,CD PU NN PU VV JJ NN NN DEG JJ NN VC NN VA PU NN VA,0,1,0,VA/VA,True,NN/NN,True,是,优势/是,VC,False/False,劳动力,None,y
2014北京市东城区高考文综地理二模试题,与1985—2000年相比，该流域2000—2010年水体面积大量减少的主要原因是	全球气候变暖，蒸发量增加,与 1985—2000年 相比 ， 该 流域 2000—2010年 水体 面积 大量 减少 的 主要 原因 是 全球 气候 变暖 ， 蒸发量 增加,P time VV PU DT NN time NN NN AD VV DEC JJ NN VC NN NN VV PU NN VV,1,1,1,VV/VV,True,NN/NN,True,是,原因/是,VC,False/False,蒸发量,趋势,y
2014北京市东城区高考文综地理二模试题,与1985—2000年相比，该流域2000—2010年水体面积大量减少的主要原因是	耕地面积扩大，灌溉用水增多,与 1985—2000年 相比 ， 该 流域 2000—2010年 水体 面积 大量 减少 的 主要 原因 是 耕地 面积 扩大 ， 灌溉 用水 增多,P time VV PU DT NN time NN NN AD VV DEC JJ NN VC NN NN VV PU NN NN VV,0,0,0,VV/VV,True,NN/NN,True,是,原因/是,VC,False/False,灌溉,趋势,y
2014北京市东城区高考文综地理二模试题,与1985—2000年相比，该流域2000—2010年水体面积大量减少的主要原因是	城镇规模扩大，生活用水增加,与 1985—2000年 相比 ， 该 流域 2000—2010年 水体 面积 大量 减少 的 主要 原因 是 城镇 规模 扩大 ， 生活 用水 增加,P time VV PU DT NN time NN NN AD VV DEC JJ NN VC NN NN VV PU NN NN VV,0,0,0,VV/VV,True,NN/NN,True,是,原因/是,VC,False/False,生活,趋势,y
2014北京市东城区高考文综地理二模试题,与1985—2000年相比，该流域2000—2010年水体面积大量减少的主要原因是	植被减少，涵养水源能力减弱,与 1985—2000年 相比 ， 该 流域 2000—2010年 水体 面积 大量 减少 的 主要 原因 是 植被 减少 ， 涵养 水源 能力 减弱,P time VV PU DT NN time NN NN AD VV DEC JJ NN VC NN VV PU VV NN NN VV,2,4,2,VV/VV,True,NN/VV,False,是,原因/是,VC,False/False,涵养,趋势,y
2014北京市丰台区高考文综地理二模试题,图5为某地理事象过程示意图，若	该图为南水北调东线工程，则甲地区对水资源需求量小,图5 为 某 地理 事象 过程 示意图 ， 若 该 图 为 南水北调 东线 工程 ， 则 甲地区 对 水资源 需求量 小,NN VC DT NN NN NN NN PU CS DT NN VC NN NN NN PU AD loc P NN NN VA,0,1,4,NN/VA,False,DT/AD,False,若,，/若,CS,False/False,则,条件,n
2014北京市丰台区高考文综地理二模试题,图5为某地理事象过程示意图，若	图中F为岩石圈物质循环中的重熔作用，则乙为岩浆岩,图5 为 某 地理 事象 过程 示意图 ， 若 图 中 F 为 岩石圈 物质 循环 中 的 重熔作用 ， 则 乙 为 岩浆岩,NN VC DT NN NN NN NN PU CS NN LC NN VC NN NN NN LC DEG term PU AD NN VV term,6,11,8,term/term,True,NN/AD,False,若,，/若,CS,False/False,则,条件,n
2014北京市丰台区高考文综地理二模试题,图5为某地理事象过程示意图，若	该图为人口迁移示意图，则此过程可缓解甲地人地矛盾,图5 为 某 地理 事象 过程 示意图 ， 若 该 图 为 人口 迁移 示意图 ， 则 此 过程 可 缓解 甲地 人地 矛盾,NN VC DT NN NN NN NN PU CS DT NN VC NN NN NN PU AD PN NN VV VV loc NN NN,2,3,5,NN/NN,True,DT/AD,False,若,，/若,CS,False/False,则,因果,n
2014北京市丰台区高考文综地理二模试题,该地区	若布局合理，则主导风向为西南风,该 地区 若 布局 合理 ， 则 主导 风向 为 西南风,DT NN CS NN VA PU AD NN NN VC term,2,4,4,VA/term,False,CS/AD,False,地区,该/地区,NN,False/False,则,条件,n
2014北京市丰台区高考文综地理二模试题,图8中	地势南部高北部低，东部高西部低,图8 中 地势 南部 高 北部 低 ， 东部 高 西部 低,NN LC NN NN VA NN VA PU NN VA NN VA,1,2,1,VA/VA,True,NN/NN,True,中,图8/中,LC,False/False,东部,None,y
2014北京市丰台区高考文综地理二模试题,城市内涝的发生与城市“雨岛效应”密切相关。“雨岛效应”成因主要有	工地面硬化，地表径流下渗困难,城市 内涝 的 发生 与 城市 “ 雨岛效应 ” 密切 相关 。 “ 雨岛效应 ” 成因 主要 有 工地面 硬化 ， 地表径流 下渗 困难,NN term DEG NN CC NN PU term PU AD VA PU PU term PU NN AD VE NN VV PU term VV VA,1,3,2,VV/VA,False,NN/term,False,有,主要/有,VE,False/False,地表径流,None,y
2014北京市丰台区高考文综地理二模试题,城市内涝的发生与城市“雨岛效应”密切相关。“雨岛效应”成因主要有	城市化挤占湖泊河道，调蓄洪峰能力下降,城市 内涝 的 发生 与 城市 “ 雨岛效应 ” 密切 相关 。 “ 雨岛效应 ” 成因 主要 有 城市化 挤占 湖泊 河道 ， 调蓄 洪峰 能力 下降,NN term DEG NN CC NN PU term PU AD VA PU PU term PU NN AD VE NN VV NN NN PU VV NN NN VV,0,1,2,NN/VV,False,NN/VV,False,有,主要/有,VE,False/False,调蓄,趋势,y
2014北京市丰台区高考文综地理二模试题,城市内涝的发生与城市“雨岛效应”密切相关。“雨岛效应”成因主要有	空气污染严重，凝结核充足,城市 内涝 的 发生 与 城市 “ 雨岛效应 ” 密切 相关 。 “ 雨岛效应 ” 成因 主要 有 空气 污染 严重 ， 凝结核 充足,NN term DEG NN CC NN PU term PU AD VA PU PU term PU NN AD VE NN NN VA PU NN VA,1,1,1,VA/VA,True,NN/NN,True,有,主要/有,VE,False/False,凝结核,None,y
2014北京市丰台区高考文综地理二模试题,以下诗词描述的景观适宜采用的欣赏方法是	“八月潮声吼地来，头高数丈触山回”——低临水面近观,以下 诗词 描述 的 景观 适宜 采用 的 欣赏 方法 是 “ 八月 潮声 吼地 来 ， 头高 数丈 触山回 ” — — 低临 水面 近观,JJ NN VV DEC NN AD VV DEC NN NN VC PU NT NN AD VV PU VV NN NN PU PU PU VV NN VV,4,8,7,VV/VV,True,PU/VV,False,是,方法/是,VC,False/False,头高,None,n
2014北京市丰台区高考文综地理二模试题,以下诗词描述的景观适宜采用的欣赏方法是	“小荷才露尖尖角，早有蜻蜓立上头”——在适当距离仰视,以下 诗词 描述 的 景观 适宜 采用 的 欣赏 方法 是 “ 小荷 才 露 尖尖角 ， 早 有 蜻蜓 立 上头 ” — — 在 适当 距离 仰视,JJ NN VV DEC NN AD VV DEC NN NN VC PU NN AD VV NN PU AD VE NN VV NN PU PU PU P JJ NN VV,7,9,10,NN/VV,False,PU/AD,False,是,方法/是,VC,False/False,早,None,n
2014北京市朝阳区高考文综地理二模试题,图l中，圣若阿金地区	终年受赤道低压带控制，降水多,图 l 中 ， 圣若阿金地区 终年 受 赤道低压带 控制 ， 降水 多,NN NN LC PU loc AD VV term NN PU NN VA,2,7,4,NN/VA,False,AD/NN,False,圣若阿金地区,，/圣若阿金地区,loc,False/False,降水,None,y
2014北京市朝阳区高考文综地理二模试题,图l中，圣若阿金地区	位于东南信风的迎风坡，降水多,图 l 中 ， 圣若阿金地区 位于 东南信风 的 迎风坡 ， 降水 多,NN NN LC PU loc VV term DEG NN PU NN VA,2,7,4,NN/VA,False,VV/NN,False,圣若阿金地区,，/圣若阿金地区,loc,False/False,降水,None,y
2014北京市朝阳区高考文综地理二模试题,图l中，圣若阿金地区	受自南向北的暖流影响，湿度大,图 l 中 ， 圣若阿金地区 受 自 南 向 北 的 暖流 影响 ， 湿度 大,NN NN LC PU loc VV P NN P NN DEG term NN PU NN VA,6,7,7,NN/VA,False,VV/NN,False,圣若阿金地区,，/圣若阿金地区,loc,False/False,湿度,趋势,y
2014北京市朝阳区高考文综地理二模试题,图2为南亚某岛示意图，图中	乙河水位季节变化小，水流平缓,图2 为 南亚 某 岛 示意图 ， 图 中 乙河 水位 季节 变化 小 ， 水流 平缓,NN VC loc DT NN NN PU NN LC loc NN NN NN VA PU NN VA,3,5,3,VA/VA,True,loc/NN,False,中,图/中,LC,False/False,水流,趋势,y
2014北京市朝阳区高考文综地理二模试题,该线路	景观类型丰富，地域组合好,该 线路 景观 类型 丰富 ， 地域 组合 好,DT NN NN NN VA PU NN NN VA,0,1,0,VA/VA,True,NN/NN,True,线路,该/线路,NN,False/False,地域,None,y
2014北京市海淀区高考文综地理二模试题,图中	③平原灌溉便利，可扩大双季稻种植面积,图 中 ③ 平原 灌溉 便利 ， 可 扩大 双季稻 种植 面积,NN LC NN term VV VA PU VV VV NN NN NN,1,3,5,VA/NN,False,NN/VV,False,中,图/中,LC,False/False,可,因果,y
2014北京市海淀区高考文综地理二模试题,图中	④高原旱灾频发，应大规模发展畜牧业,图 中 ④ 高原 旱灾 频发 ， 应 大规模 发展 畜牧业,NN LC NN term term VV PU VV AD VV NN,0,2,4,VV/NN,False,NN/VV,False,中,图/中,LC,False/False,应,None,y
2014北京市海淀区高考文综地理二模试题,黄土高原地区	加大能源开发，是区域可持续发展的根本措施,黄土高原地区 加大 能源 开发 ， 是 区域 可 持续 发展 的 根本 措施,loc VV NN NN PU VC NN VV VV VV DEC NN NN,5,7,5,NN/NN,True,VV/VC,False,黄土高原地区,NULL/黄土高原地区,loc,False/False,是,因果,n
2014北京市海淀区高考文综地理二模试题,黄土高原地区	扩大开垦荒地，利于提高农业机械化水平,黄土高原地区 扩大 开垦 荒地 ， 利于 提高 农业 机械化 水平,loc VV VV NN PU VV VV NN NN NN,2,5,2,NN/NN,True,VV/VV,True,黄土高原地区,NULL/黄土高原地区,loc,False/False,利于,因果,n
2014北京市海淀区高考文综地理二模试题,黄土高原地区	保持传统耕作技术，有助于提高环境承载力,黄土高原地区 保持 传统 耕作 技术 ， 有助于 提高 环境承载力,loc VV JJ NN NN PU VV VV term,1,2,3,NN/term,False,VV/VV,True,黄土高原地区,NULL/黄土高原地区,loc,False/False,有助于,因果,n
2014北京市海淀区高考文综地理二模试题,黄土高原地区	开展小流域综合治理，利于充分利用水土资源,黄土高原地区 开展 小 流域 综合 治理 ， 利于 充分 利用 水土 资源,loc VV JJ NN JJ NN PU VV AD VV NN NN,0,1,3,NN/NN,True,VV/VV,True,黄土高原地区,NULL/黄土高原地区,loc,False/False,利于,因果,n
2014北京市海淀区高考文综地理二模试题,清江流域洪涝灾害多发的主要原因是	支流少，流域面积广,清江流域 洪涝 灾害 多发 的 主要 原因 是 支流 少 ， 流域 面积 广,loc term NN VA DEC JJ NN VC NN VA PU NN NN VA,1,2,1,VA/VA,True,NN/NN,True,是,原因/是,VC,False/False,流域,趋势,y
2014北京市海淀区高考文综地理二模试题,清江流域洪涝灾害多发的主要原因是	降水多，季节变化大,清江流域 洪涝 灾害 多发 的 主要 原因 是 降水 多 ， 季节 变化 大,loc term NN VA DEC JJ NN VC VV VA PU NN NN VA,1,2,2,VA/VA,True,VV/NN,False,是,原因/是,VC,False/False,季节,趋势,y
2014北京市海淀区高考文综地理二模试题,清江流域洪涝灾害多发的主要原因是	地势低平，排水不畅,清江流域 洪涝 灾害 多发 的 主要 原因 是 地势 低平 ， 排水 不 畅,loc term NN VA DEC JJ NN VC NN VA PU VV AD VA,1,0,2,VA/VA,True,NN/VV,False,是,原因/是,VC,False/False,排水,None,y
2014北京市海淀区高考文综地理二模试题,清江流域洪涝灾害多发的主要原因是	落差大，多曲流,清江流域 洪涝 灾害 多发 的 主要 原因 是 落差 大 ， 多 曲流,loc term NN VA DEC JJ NN VC NN VA PU JJ NN,0,0,2,VA/NN,False,NN/JJ,False,是,原因/是,VC,False/False,多,None,y
2014北京市海淀区高考文综地理二模试题,清江流域的综合开发	实行梯级开发，实现全流域通航,清江流域 的 综合 开发 实行 梯级 开发 ， 实现 全 流域 通航,loc DEG JJ NN VV NN NN PU VV DT NN NN,1,1,1,NN/NN,True,VV/VV,True,开发,综合/开发,NN,False/False,实现,None,y
2014北京市海淀区高考文综地理二模试题,清江流域的综合开发	修建水利工程，为工业发展提供原料,清江流域 的 综合 开发 修建 水利 工程 ， 为 工业 发展 提供 原料,loc DEG JJ NN VV NN NN PU P NN NN VV NN,2,3,3,NN/NN,True,VV/P,False,开发,综合/开发,NN,False/False,为,None,y
2014北京市海淀区高考文综地理二模试题,清江流域的综合开发	扩大灌溉面积，发展河谷农业,清江流域 的 综合 开发 扩大 灌溉 面积 ， 发展 河谷 农业,loc DEG JJ NN VV NN NN PU VV NN NN,0,0,0,NN/NN,True,VV/VV,True,开发,综合/开发,NN,False/False,发展,趋势,y
2014北京市海淀区高考文综地理二模试题,清江流域的综合开发	发展旅游业，促进区域产业结构调整,清江流域 的 综合 开发 发展 旅游业 ， 促进 区域 产业 结构 调整,loc DEG JJ NN VV NN PU VV NN NN NN NN,3,5,3,NN/NN,True,VV/VV,True,开发,综合/开发,NN,False/False,促进,None,y
2014北京市海淀区高考文综地理二模试题,东南亚国家吸引中国企业“下南洋”的原因有	地势平坦，适宜橡胶、椰子等作物生长,东南亚 国家 吸引 中国 企业 “ 下 南洋 ” 的 原因 有 地势 平坦 ， 适宜 橡胶 、 椰子 等 作物 生长,loc NN VV loc NN PU VV loc PU DEC NN VE NN VA PU VV NN PU NN ETC NN VV,5,8,6,VA/VV,False,NN/VV,False,有,原因/有,VE,False/False,适宜,因果,y
2014北京市海淀区高考文综地理二模试题,东南亚国家吸引中国企业“下南洋”的原因有	山水相邻，陆路交通比海运更便捷安全,东南亚 国家 吸引 中国 企业 “ 下 南洋 ” 的 原因 有 山水 相邻 ， 陆路 交通 比 海运 更 便捷 安全,loc NN VV loc NN PU VV loc PU DEC NN VE NN VV PU NN NN P NN AD VA VA,5,8,6,VV/VA,False,NN/NN,True,有,原因/有,VE,False/False,陆路,None,y
2014北京市海淀区高考文综地理二模试题,马六甲海峡	受东南信风影响，该海域风大浪急,马六甲海峡 受 东南信风 影响 ， 该 海域 风 大 浪 急,loc VV term NN PU DT NN NN VA NN VA,3,0,5,NN/VA,False,VV/DT,False,马六甲海峡,NULL/马六甲海峡,loc,False/False,该,None,n
2014北京市海淀区高考文综地理二模试题,马六甲海峡	沟通两大洋，是海上航运的重要通道,马六甲海峡 沟通 两 大洋 ， 是 海上 航运 的 重要 通道,loc VV CD NN PU VC NN NN DEG JJ NN,3,5,5,NN/NN,True,VV/VC,False,马六甲海峡,NULL/马六甲海峡,loc,False/False,是,None,y
2014北京市海淀区高考文综地理二模试题,马六甲海峡	分隔两大陆，为亚洲与大洋洲分界线,马六甲海峡 分隔 两 大陆 ， 为 亚洲 与 大洋洲 分界线,loc VV CD NN PU P loc CC loc NN,2,5,4,NN/NN,True,VV/P,False,马六甲海峡,NULL/马六甲海峡,loc,False/False,为,趋势,y
2014北京市西城区高考文综地理二模试题,绿水	吸收地面辐射，具有保温作用,绿水 吸收 地面辐射 ， 具有 保温 作用,NN VV term PU VV NN NN,1,0,2,term/NN,False,VV/VV,True,绿水,NULL/绿水,NN,False/False,具有,None,y
2014北京市西城区高考文综地理二模试题,北京市	春季因升温快，热岛效应最强,北京市 春季 因 升温 快 ， 热岛效应 最 强,loc time P VV VA PU term AD VA,1,0,3,VA/VA,True,time/term,False,北京市,NULL/北京市,loc,True/False,热岛效应,因果,n
2015-北京,图中	甲地陡峻，喀斯特地貌典型,图 中 甲地 陡峻 ， 喀斯特地貌 典型,NN LC loc VA PU term VA,0,3,1,VA/VA,True,loc/term,False,中,图/中,LC,False/False,喀斯特地貌,None,y
2015-北京,图中	乙地低平，泥石流灾害频发,图 中 乙地 低平 ， 泥石流 灾害 频发,NN LC loc VA PU term NN VV,1,3,3,VA/VV,False,loc/term,False,中,图/中,LC,False/False,泥石流,None,y
北京市东城区2014届高三第一学期期末教学统一检测,关于图中等压线的叙述，正确的是	陆地为高压，海洋为低压,关于 图中 等压线 的 叙述 ， 正确 的 是 陆地 为 高压 ， 海洋 为 低压,P NN term DEG NN PU VA DEC VC NN VC term PU NN VC term,0,0,0,term/term,True,NN/NN,True,是,的/是,VC,False/False,海洋,None,y
北京市东城区2014届高三第一学期期末教学统一检测,关于图中等压线的叙述，正确的是	陆地为低压，海洋为高压,关于 图中 等压线 的 叙述 ， 正确 的 是 陆地 为 低压 ， 海洋 为 高压,P NN term DEG NN PU VA DEC VC NN VC term PU NN VC term,0,0,0,term/term,True,NN/NN,True,是,的/是,VC,False/False,海洋,None,y
北京市东城区2014届高三第一学期期末教学统一检测,关于图中等压线的叙述，正确的是	南部等压线稀疏，北部等压线稠密,关于 图中 等压线 的 叙述 ， 正确 的 是 南部 等压线 稀疏 ， 北部 等压线 稠密,P NN term DEG NN PU VA DEC VC NN term VA PU NN term VA,0,0,0,VA/VA,True,NN/NN,True,是,的/是,VC,False/False,北部,None,y
北京市东城区2014届高三第一学期期末教学统一检测,关于图中等压线的叙述，正确的是	南部等压线稠密，北部等压线稀疏,关于 图中 等压线 的 叙述 ， 正确 的 是 南部 等压线 稠密 ， 北部 等压线 稀疏,P NN term DEG NN PU VA DEC VC NN term VA PU NN term VA,0,0,0,VA/VA,True,NN/NN,True,是,的/是,VC,False/False,北部,None,y
北京市东城区2014届高三第一学期期末教学统一检测,此时，关于图中天气的正确叙述是	北京比东京气温低，气压高,此时 ， 关于 图 中 天气 的 正确 叙述 是 北京 比 东京 气温 低 ， 气压 高,NT PU P NN LC NN DEG JJ NN VC loc P loc NN VA PU term VA,3,5,4,VA/VA,True,loc/term,False,是,叙述/是,VC,False/False,气压,None,y
北京市东城区2014届高三第一学期期末教学统一检测,此时，关于图中天气的正确叙述是	青藏高原地区风力大，天气晴朗,此时 ， 关于 图 中 天气 的 正确 叙述 是 青藏高原地区 风力 大 ， 天气 晴朗,NT PU P NN LC NN DEG JJ NN VC loc NN VA PU NN VA,1,5,1,VA/VA,True,loc/NN,False,是,叙述/是,VC,False/False,天气,None,y
北京市东城区2014届高三第一学期期末教学统一检测,下列叙述正确的是	②③两地均位于沿海，降水丰沛,下列 叙述 正确 的 是 ②③两地 均 位于 沿海 ， 降水 丰沛,JJ NN VA DEC VC loc AD VV NN PU NN VA,2,5,4,NN/VA,False,loc/NN,False,是,的/是,VC,False/False,降水,None,y
北京市东城区2014届高三第一学期期末教学统一检测,下列叙述正确的是	①④两地纬度不同，气候类型不同,下列 叙述 正确 的 是 ①④两地 纬度 不同 ， 气候类型 不同,JJ NN VA DEC VC loc term VA PU term VA,1,2,1,VA/VA,True,loc/term,False,是,的/是,VC,False/False,气候类型,None,y
北京市东城区2014届高三第一学期期末教学统一检测,下列叙述正确的是	②④两地位于板块交界处，地震多发,下列 叙述 正确 的 是 ②④两地 位于 板块 交界处 ， 地震 多 发,JJ NN VA DEC VC loc VV term NN PU NN AD VV,1,7,4,NN/VV,False,loc/NN,False,是,的/是,VC,False/False,地震,None,y
北京市东城区2014届高三第一学期期末教学统一检测,喜马拉雅山脉形成的原因是	亚欧板块与非洲板块碰撞，地壳断裂上升,喜马拉雅山脉 形成 的 原因 是 亚欧板块 与 非洲板块 碰撞 ， 地壳 断裂 上升,loc VV DEC NN VC term CC term VV PU term NN VV,1,5,2,VV/VV,True,term/term,True,是,原因/是,VC,False/False,地壳,None,y
北京市东城区2014届高三第一学期期末教学统一检测,喜马拉雅山脉形成的原因是	亚欧板块与非洲板块张裂，地壳断裂下沉,喜马拉雅山脉 形成 的 原因 是 亚欧板块 与 非洲板块 张裂 ， 地壳 断裂 下沉,loc VV DEC NN VC term CC term VV PU term NN VV,1,5,2,VV/VV,True,term/term,True,是,原因/是,VC,False/False,地壳,None,y
北京市东城区2014届高三第一学期期末教学统一检测,喜马拉雅山脉形成的原因是	印度洋板块与亚欧板块碰撞，地壳抬升,喜马拉雅山脉 形成 的 原因 是 印度洋板块 与 亚欧板块 碰撞 ， 地壳 抬升,loc VV DEC NN VC term CC term VV PU term VV,2,8,2,VV/VV,True,term/term,True,是,原因/是,VC,False/False,地壳,None,y
北京市东城区2014届高三第一学期期末教学统一检测,喜马拉雅山脉形成的原因是	印度洋板块与亚欧板块张裂，地壳下沉,喜马拉雅山脉 形成 的 原因 是 印度洋板块 与 亚欧板块 张裂 ， 地壳 下沉,loc VV DEC NN VC term CC term VV PU term VV,2,8,2,VV/VV,True,term/term,True,是,原因/是,VC,False/False,地壳,None,y
北京市东城区2014届高三第一学期期末教学统一检测,成都平原年太阳总辐射量小于青藏高原的主要原因是	地势低，云量大,成都平原 年太阳总辐射量 小于 青藏高原 的 主要 原因 是 地势 低 ， 云量 大,loc term VV loc DEG JJ NN VC NN VA PU NN VA,0,0,0,VA/VA,True,NN/NN,True,是,原因/是,VC,False/False,云量,None,y
北京市东城区2014届高三第一学期期末教学统一检测,成都平原年太阳总辐射量小于青藏高原的主要原因是	地势高，空气稀薄,成都平原 年太阳总辐射量 小于 青藏高原 的 主要 原因 是 地势 高 ， 空气 稀薄,loc term VV loc DEG JJ NN VC NN VA PU NN VA,0,1,0,VA/VA,True,NN/NN,True,是,原因/是,VC,False/False,空气,None,y
北京市东城区2014届高三第一学期期末教学统一检测,成都平原年太阳总辐射量小于青藏高原的主要原因是	纬度高，正午太阳高度小,成都平原 年太阳总辐射量 小于 青藏高原 的 主要 原因 是 纬度 高 ， 正午太阳高度 小,loc term VV loc DEG JJ NN VC term VA PU term VA,0,4,0,VA/VA,True,term/term,True,是,原因/是,VC,False/False,正午太阳高度,None,y
北京市东城区2014届高三第一学期期末教学统一检测,上海设立我国第一个自由贸易区的原因有	对外开放程度高，外向型经济特色显著,上海 设立 我国 第一个 自由 贸易区 的 原因 有 对外 开放 程度 高 ， 外向型 经济 特色 显著,loc VV NR num JJ NN DEG NN VE JJ NN NN VA PU JJ NN NN VA,0,2,0,VA/VA,True,JJ/JJ,True,有,原因/有,VE,False/False,外向型,None,y
北京市东城区2014届高三第一学期期末教学统一检测,上海设立我国第一个自由贸易区的原因有	矿产资源丰富，工业比较发达,上海 设立 我国 第一个 自由 贸易区 的 原因 有 矿产 资源 丰富 ， 工业 比较 发达,loc VV NR num JJ NN DEG NN VE NN NN VA PU NN AD VA,0,0,1,VA/VA,True,NN/NN,True,有,原因/有,VE,False/False,工业,None,y
北京市东城区2014届高三第一学期期末教学统一检测,上海设立我国第一个自由贸易区的原因有	海上交通便利，便于货物运输,上海 设立 我国 第一个 自由 贸易区 的 原因 有 海上 交通 便利 ， 便于 货物 运输,loc VV NR num JJ NN DEG NN VE NN NN VA PU VV NN NN,0,0,2,VA/NN,False,NN/VV,False,有,原因/有,VE,False/False,便于,None,y
北京市东城区2014届高三第一学期期末教学统一检测,上海设立我国第一个自由贸易区的原因有	区位条件优越，经济腹地广阔,上海 设立 我国 第一个 自由 贸易区 的 原因 有 区位 条件 优越 ， 经济 腹地 广阔,loc VV NR num JJ NN DEG NN VE NN NN VA PU NN NN VA,0,0,0,VA/VA,True,NN/NN,True,有,原因/有,VE,False/False,经济,None,y
北京市朝阳区2013届高三年级统一考试,控制上述省区空气中二氧化硫浓度的合理措施有	调整产业结构，实施总量控制与达标排放,控制 上述 省区 空气 中 二氧化硫 浓度 的 合理 措施 有 调整 产业 结构 ， 实施 总量 控制 与 达标 排放,VV JJ NN NN LC NN NN DEC JJ NN VE VV NN NN PU VV NN NN CC NN NN,3,5,3,NN/NN,True,VV/VV,True,有,措施/有,VE,False/False,实施,None,y
北京市朝阳区2013届高三年级统一考试,控制上述省区空气中二氧化硫浓度的合理措施有	扩大城区水域面积，形成环城水系,控制 上述 省区 空气 中 二氧化硫 浓度 的 合理 措施 有 扩大 城区 水域 面积 ， 形成 环城 水系,VV JJ NN NN LC VV NN DEC JJ NN VE VV NN NN NN PU VV NN NN,1,2,1,NN/NN,True,VV/VV,True,有,措施/有,VE,False/False,形成,因果,y
北京市朝阳区2013届高三年级统一考试,下列有关③④两地小麦生产的叙述，正确的是	仅从气候角度考虑，④地小麦的千粒重较③地大,下列 有关 ③④两地 小麦 生产 的 叙述 ， 正确 的 是 仅 从 气候 角度 考虑 ， ④地 小麦 的 千粒重 较 ③地 大,JJ P loc NN NN DEG NN PU VA DEC VC AD P NN NN VV PU loc NN DEG NN P loc VA,2,4,6,VV/VA,False,AD/loc,False,是,的/是,VC,False/False,④地,None,n
北京市朝阳区2013届高三年级统一考试,甲、乙两农业区共同的区位条件及生产特征是	机械化水平高，集约化经营,甲 、 乙 两 农业区 共同 的 区位 条件 及 生产 特征 是 机械化 水平 高 ， 集约化 经营,NN PU NN CD NN JJ DEG NN NN CC NN NN VC NN NN VA PU JJ NN,1,1,2,VA/NN,False,NN/JJ,False,是,特征/是,VC,False/False,集约化,None,y
北京市朝阳区2013届高三年级统一考试,甲、乙两农业区共同的区位条件及生产特征是	劳动力充足，单位面积产量大,甲 、 乙 两 农业区 共同 的 区位 条件 及 生产 特征 是 劳动力 充足 ， 单位 面积 产量 大,NN PU NN CD NN JJ DEG NN NN CC NN NN VC NN VA PU NN NN NN VA,2,2,2,VA/VA,True,NN/NN,True,是,特征/是,VC,False/False,单位,趋势,y
北京市朝阳区2013届高三年级统一考试,甲、乙两农业区共同的区位条件及生产特征是	人少地多，产品商品率高,甲 、 乙 两 农业区 共同 的 区位 条件 及 生产 特征 是 人 少 地 多 ， 产品 商品率 高,CD PU NN CD NN JJ DEG NN NN CC NN NN VC NN VA NN VA PU NN NN VA,1,2,1,VA/VA,True,NN/NN,True,是,特征/是,VC,False/False,产品,None,y
北京市朝阳区2013届高三年级统一考试,甲、乙两农业区共同的区位条件及生产特征是	水旱灾害频发，水利工程量大,甲 、 乙 两 农业区 共同 的 区位 条件 及 生产 特征 是 水旱 灾害 频发 ， 水利 工程量 大,CD PU NN CD NN JJ DEG NN NN CC NN NN VC term NN VV PU NN NN VA,0,0,2,VV/VA,False,term/NN,False,是,特征/是,VC,False/False,水利,None,y
北京市朝阳区2013届高三年级统一考试,该城市	有预留用地，发展空间较大,该 城市 有 预留 用地 ， 发展 空间 较 大,DT NN VE NN NN PU NN NN AD VA,1,1,3,NN/VA,False,VE/NN,False,城市,该/城市,NN,False/False,发展,None,y
北京市朝阳区2013届高三年级统一考试,该城市	服务种类多，城市等级较高,该 城市 服务 种类 多 ， 城市 等级 较 高,DT NN NN NN VA PU NN NN AD VA,1,1,1,VA/VA,True,NN/NN,True,城市,该/城市,NN,False/False,城市,None,y
北京市朝阳区2013届高三年级统一考试,与其他城市公共交通方式相比，城市轻轨	运量大，占地广,与 其他 城市 公共 交通 方式 相比 ， 城市 轻轨 运量 大 ， 占地 广,P DT NN JJ NN NN VV PU NN NN NN VA PU VV VA,0,0,1,VA/VA,True,NN/VV,False,轻轨,城市/轻轨,NN,False/False,占地,None,y
北京市朝阳区2013届高三年级统一考试,污水再生回用	虽无经济效益，但有环境效益,污水 再生 回用 虽 无 经济 效益 ， 但 有 环境 效益,NN VV VV CS VE NN NN PU AD VE NN NN,0,0,1,NN/NN,True,CS/AD,False,回用,再生/回用,VV,False/False,但,None,n
北京市西城区2014届高三第一学期期末试卷,该地	位于90°E，昼长12小时左右,该 地 位于 90°E ， 昼 长 12小时左右,DT NN VV num PU NN VA time,1,2,3,num/time,False,VV/NN,False,地,该/地,NN,False/False,昼,None,y
北京市西城区2014届高三第一学期期末试卷,该地	位于120°E，昼长12小时左右,该 地 位于 120°E ， 昼 长 12小时左右,DT NN VV num PU NN VA time,1,1,3,num/time,False,VV/NN,False,地,该/地,NN,False/False,昼,None,y
北京市西城区2014届高三第一学期期末试卷,该地	位于90°E，昼长15小时左右,该 地 位于 90°E ， 昼 长 15小时左右,DT NN VV num PU NN VA time,1,2,3,num/time,False,VV/NN,False,地,该/地,NN,False/False,昼,None,y
北京市西城区2014届高三第一学期期末试卷,该地	位于150°E，昼长15小时左右,该 地 位于 150°E ， 昼 长 15小时左右,DT NN VV num PU NN VA time,1,1,3,num/time,False,VV/NN,False,地,该/地,NN,False/False,昼,None,y
北京市西城区2014届高三第一学期期末试卷,云南滑坡和泥石流	东部次数少，由于处于喀斯特地貌区,云南 滑坡 和 泥石流 东部 次数 少 ， 由于 处于 喀斯特地貌区,loc term CC term NN NN VA PU P VV NR,0,5,3,VA/NR,False,NN/P,False,泥石流,和/泥石流,term,False/False,由于,因果,n
北京市西城区2014届高三第一学期期末试卷,云南滑坡和泥石流	冬季几乎没有，主要原因是河流断流,云南 滑坡 和 泥石流 冬季 几乎 没有 ， 主要 原因 是 河流 断流,loc term CC term time AD VV PU JJ NN VC NN NN,2,3,5,VV/NN,False,time/JJ,False,泥石流,和/泥石流,term,True/False,主要,因果,n
北京市西城区2014届高三第一学期期末试卷,为应对滑坡、泥石流灾害，当地应采取的主要防灾减灾措施包括	植树造林，保护生态环境,为 应对 滑坡 、 泥石流 灾害 ， 当地 应 采取 的 主要 防灾 减灾 措施 包括 植树 造林 ， 保护 生态 环境,P VV term PU term NN PU NN VV VV DEC JJ NN VV NN VV NN NN PU VV NN NN,1,2,1,NN/NN,True,NN/VV,False,包括,措施/包括,VV,False/False,保护,None,y
北京市西城区2014届高三第一学期期末试卷,为应对滑坡、泥石流灾害，当地应采取的主要防灾减灾措施包括	修建大型水库，调节径流,为 应对 滑坡 、 泥石流 灾害 ， 当地 应 采取 的 主要 防灾 减灾 措施 包括 修建 大型 水库 ， 调节 径流,P VV term PU term NN PU NN VV VV DEC JJ NN NN NN VV VV JJ NN PU VV NN,1,2,1,NN/NN,True,VV/VV,True,包括,措施/包括,VV,False/False,调节,None,y
北京市西城区2014届高三第一学期期末试卷,为应对滑坡、泥石流灾害，当地应采取的主要防灾减灾措施包括	规划穿山隧道，改善交通,为 应对 滑坡 、 泥石流 灾害 ， 当地 应 采取 的 主要 防灾 减灾 措施 包括 规划 穿山 隧道 ， 改善 交通,P VV term PU term NN PU NN VV VV DEC JJ NN VV NN VV NN VV NN PU VV NN,1,2,1,NN/NN,True,NN/VV,False,包括,措施/包括,VV,False/False,改善,趋势,y
北京市西城区2014届高三第一学期期末试卷,台湾岛水资源甲、乙两项损失占降水量的80%以上，其自然原因是	地处热带、亚热带，气温高,台湾岛 水资源 甲 、 乙 两 项 损失 占 降水量 的 80% 以上 ， 其 自然 原因 是 地处 热带 、 亚热带 ， 气温 高,loc NN NN PU NN CD M NN VV NN DEG num LC PU PN NN NN VC VV term PU term PU NN VA,2,5,4,term/VA,False,VV/NN,False,是,原因/是,VC,False/False,气温,None,y
北京市西城区2014届高三第一学期期末试卷,台湾岛水资源甲、乙两项损失占降水量的80%以上，其自然原因是	地势起伏大，河流短小,台湾岛 水资源 甲 、 乙 两 项 损失 占 降水量 的 80% 以上 ， 其 自然 原因 是 地势 起伏 大 ， 河流 短小,loc NN NN PU NN CD M NN VV NN DEG num LC PU PN NN NN VC NN NN VA PU NN VA,1,1,1,VA/VA,True,NN/NN,True,是,原因/是,VC,False/False,河流,None,y
北京市西城区2014届高三第一学期期末试卷,台湾岛水资源甲、乙两项损失占降水量的80%以上，其自然原因是	降水季节分配不均，夏季多暴雨,台湾岛 水资源 甲 、 乙 两 项 损失 占 降水量 的 80% 以上 ， 其 自然 原因 是 降水 季节 分配 不均 ， 夏季 多 暴雨,loc NN NN PU NN CD M NN VV NN DEG num LC PU PN NN NN VC VV NN NN VA PU time JJ NN,1,3,3,VA/NN,False,VV/time,False,是,原因/是,VC,False/True,夏季,None,y
北京市西城区2014届高三第一学期期末试卷,台湾岛水资源甲、乙两项损失占降水量的80%以上，其自然原因是	植被覆盖率高，河流含沙量小,台湾岛 水资源 甲 、 乙 两 项 损失 占 降水量 的 80% 以上 ， 其 自然 原因 是 植被 覆盖率 高 ， 河流 含沙量 小,loc NN NN PU NN CD M NN VV NN DEG num LC PU PN NN NN VC term NN VA PU NN NN VA,0,0,1,VA/VA,True,term/NN,False,是,原因/是,VC,False/False,河流,None,y
北京市西城区2014届高三第一学期期末试卷,北京市	春季多大风，雾霾天气增多,北京市 春季 多 大风 ， 雾霾 天气 增多,loc time AD VV PU NN NN VV,0,1,2,VV/VV,True,time/NN,False,北京市,NULL/北京市,loc,True/False,雾霾,趋势,y
北京市西城区2014届高三第一学期期末试卷,北京市	夏季降水量大，雾霾天数少,北京市 夏季 降水量 大 ， 雾霾 天数 少,loc time NN VA PU NN NN VA,0,1,1,VA/VA,True,time/NN,False,北京市,NULL/北京市,loc,True/False,雾霾,None,y
北京市西城区2014届高三第一学期期末试卷,北京市	工业发展水平高，污染严重,北京市 工业 发展 水平 高 ， 污染 严重,loc NN NN NN VA PU NN VA,2,3,2,VA/VA,True,NN/NN,True,北京市,NULL/北京市,loc,False/False,污染,None,y
北京市西城区2014届高三第一学期期末试卷,根据图中信息判断，北京市治理PM2.5可采取的主要措施是	人工降雨，减少空气中污染物的数量,根据 图 中 信息 判断 ， 北京市 治理 PM2.5 可 采取 的 主要 措施 是 人工 降雨 ， 减少 空气 中 污染物 的 数量,P NN LC NN VV PU loc VV term VV VV DEC JJ NN VC JJ NN PU VV NN LC NN DEG NN,4,7,5,NN/NN,True,JJ/VV,False,是,措施/是,VC,False/False,减少,趋势,y
北京市西城区2014届高三第一学期期末试卷,根据图中信息判断，北京市治理PM2.5可采取的主要措施是	减小煤炭使用量，缩短冬季供暖时间,根据 图 中 信息 判断 ， 北京市 治理 PM2.5 可 采取 的 主要 措施 是 减小 煤炭 使用量 ， 缩短 冬季 供暖 时间,P NN LC NN VV PU loc VV term VV VV DEC JJ NN VC VV NN NN PU VV time NN NN,1,1,1,NN/NN,True,VV/VV,True,是,措施/是,VC,False/True,缩短,趋势,y
北京市西城区2014届高三第一学期期末试卷,根据图中信息判断，北京市治理PM2.5可采取的主要措施是	大力发展公共交通，减少私家车出行,根据 图 中 信息 判断 ， 北京市 治理 PM2.5 可 采取 的 主要 措施 是 大力 发展 公共 交通 ， 减少 私家车 出行,P NN LC NN VV PU loc VV term VV VV DEC JJ NN VC AD VV JJ NN PU VV NN VV,1,1,3,NN/VV,False,AD/VV,False,是,措施/是,VC,False/False,减少,趋势,y
北京市西城区2014届高三第一学期期末试卷,四个农业区共同的区位优势是	地广人稀，交通便利,四个 农业区 共同 的 区位 优势 是 地广人稀 ， 交通 便利,num NN JJ DEG NN NN VC VA PU NN VA,1,0,1,VA/VA,True,VA/NN,False,是,优势/是,VC,False/False,交通,None,y
北京市西城区2014届高三第一学期期末试卷,汽车零部件和专用车基地建在长春的主要原因是	地处沿海，水陆交通便利,汽车 零部件 和 专用车 基地 建在 长春 的 主要 原因 是 地处 沿海 ， 水陆 交通 便利,NN NN CC NN NN VV NR DEG JJ NN VC VV NN PU NN NN VA,1,2,2,NN/VA,False,VV/NN,False,是,原因/是,VC,False/False,水陆,None,y
北京市西城区2014届高三第一学期期末试卷,汽车零部件和专用车基地建在长春的主要原因是	矿产资源丰富，原料充足,汽车 零部件 和 专用车 基地 建在 长春 的 主要 原因 是 矿产 资源 丰富 ， 原料 充足,NN NN CC NN NN VV NR DEG JJ NN VC NN NN VA PU NN VA,1,2,1,VA/VA,True,NN/NN,True,是,原因/是,VC,False/False,原料,None,y
北京市西城区2014届高三第一学期期末试卷,汽车零部件和专用车基地建在长春的主要原因是	汽车工业起步早，基础好,汽车 零部件 和 专用车 基地 建在 长春 的 主要 原因 是 汽车 工业 起步 早 ， 基础 好,NN NN CC NN NN VV NR DEG JJ NN VC NN NN NN VA PU NN VA,2,4,2,VA/VA,True,NN/NN,True,是,原因/是,VC,False/False,基础,None,y
北京市西城区2014届高三第一学期期末试卷,汽车零部件和专用车基地建在长春的主要原因是	科研院所集中，技术先进,汽车 零部件 和 专用车 基地 建在 长春 的 主要 原因 是 科研 院所 集中 ， 技术 先进,NN NN CC NN NN VV NR DEG JJ NN VC NN NN VV PU NN VA,1,2,2,VV/VA,False,NN/NN,True,是,原因/是,VC,False/False,技术,趋势,y
北京市西城区2014届高三第一学期期末试卷,中缅天然气管道沿线	地质条件复杂，工程量大,中 缅 天然气 管道 沿线 地质 条件 复杂 ， 工程量 大,loc loc NN NN NN NN NN VA PU NN VA,1,2,1,VA/VA,True,NN/NN,True,沿线,管道/沿线,NN,False/False,工程量,None,n
北京市西城区2014届高三第一学期期末试卷,两省农业发展应采取的措施正确的是	江苏省增加林业用地，建设立体农业,两 省 农业 发展 应 采取 的 措施 正确 的 是 江苏省 增加 林业 用地 ， 建设 立体农业,CD NN NN NN VV VV DEC NN VA DEC VC loc VV NN NN PU VV term,2,3,3,NN/term,False,loc/VV,False,是,的/是,VC,False/False,建设,趋势,y
北京市西城区2014届高三第一学期期末试卷,两省农业发展应采取的措施正确的是	江苏省开发海洋资源，发展海洋经济,两 省 农业 发展 应 采取 的 措施 正确 的 是 江苏省 开发 海洋 资源 ， 发展 海洋 经济,CD NN NN NN VV VV DEC NN VA DEC VC loc VV NN NN PU VV NN NN,1,3,1,NN/NN,True,loc/VV,False,是,的/是,VC,False/False,发展,None,y
北京市西城区2014届高三第一学期期末试卷,两省农业发展应采取的措施正确的是	陕西省全面封山育林，防治水土流失,两 省 农业 发展 应 采取 的 措施 正确 的 是 陕西省 全面 封山 育林 ， 防治 水土流失,CD NN NN NN VV VV DEC NN VA DEC VC loc AD VV VV PU VV term,2,3,3,VV/term,False,loc/VV,False,是,的/是,VC,False/False,防治,None,y
北京市西城区2014届高三第一学期期末试卷,两省农业发展应采取的措施正确的是	陕西省调整农业结构，大力发展种植业,两 省 农业 发展 应 采取 的 措施 正确 的 是 陕西省 调整 农业 结构 ， 大力 发展 种植业,CD NN NN NN VV VV DEC NN VA DEC VC loc VV NN NN PU AD VV NN,1,2,2,NN/NN,True,loc/AD,False,是,的/是,VC,False/False,大力,None,y
北京市西城区2014届高三第一学期期末试卷,与火星环境相比，地球上存在生命是因为	距太阳远，温度适宜,与 火星 环境 相比 ， 地球 上 存在 生命 是 因为 距 太阳 远 ， 温度 适宜,P NN NN VV PU NN LC VV NN VC P VV NN VA PU NN VA,1,0,1,VA/VA,True,VV/NN,False,因为,是/因为,P,False/False,温度,因果,y
北京市西城区2014届高三第一学期期末试卷,与火星环境相比，地球上存在生命是因为	质量适中，保证了液态水的存在,与 火星 环境 相比 ， 地球 上 存在 生命 是 因为 质量 适中 ， 保证 了 液态水 的 存在,P loc NN VV PU loc LC VV NN VC P NN VA PU VV AS NN DEG NN,3,5,4,VA/NN,False,NN/VV,False,因为,是/因为,P,False/False,保证,None,n
北京市西城区2014届高三第一学期期末试卷,与火星环境相比，地球上存在生命是因为	长期演化，形成适合生物生存的大气,与 火星 环境 相比 ， 地球 上 存在 生命 是 因为 长期 演化 ， 形成 适合 生物 生存 的 大气,P loc NN VV PU loc LC VV NN VC P AD VV PU VV VV NN NN DEG NN,4,7,5,VV/NN,False,AD/VV,False,因为,是/因为,P,False/False,形成,因果,n
北京市西城区2014届高三第一学期期末试卷,与火星环境相比，地球上存在生命是因为	公转轨道不相交，运行环境安全,与 火星 环境 相比 ， 地球 上 存在 生命 是 因为 公转 轨道 不 相交 ， 运行 环境 安全,P loc NN VV PU loc LC VV NN VC P term NN AD VV PU NN NN VA,1,1,3,VV/VA,False,term/NN,False,因为,是/因为,P,False/False,运行,None,y
科大讯飞-地理测试08（北京市朝阳区高三第一学期期末统一考试）,冰岛特色旅游资源的形成原因是	位于极圈内，干燥多风,冰岛 特色 旅游 资源 的 形成 原因 是 位于 极圈 内 ， 干燥 多 风,loc NN NN NN DEG NN NN VC VV term LC PU VA JJ NN,0,1,3,LC/NN,False,VV/VA,False,是,原因/是,VC,False/False,干燥,None,y
科大讯飞-地理测试08（北京市朝阳区高三第一学期期末统一考试）,冰岛特色旅游资源的形成原因是	地处高纬，气候寒冷,冰岛 特色 旅游 资源 的 形成 原因 是 地处 高纬 ， 气候 寒冷,loc NN NN NN DEG NN NN VC VV term PU NN VA,0,0,2,term/VA,False,VV/NN,False,是,原因/是,VC,False/False,气候,None,y
科大讯飞-地理测试08（北京市朝阳区高三第一学期期末统一考试）,冰岛特色旅游资源的形成原因是	四面临海，海浪侵蚀,冰岛 特色 旅游 资源 的 形成 原因 是 四 面 临海 ， 海浪 侵蚀,loc NN NN NN DEG NN NN VC CD NN NN PU NN term,1,0,2,NN/term,False,CD/NN,False,是,原因/是,VC,False/False,海浪,None,y
科大讯飞-地理测试08（北京市朝阳区高三第一学期期末统一考试）,冰岛特色旅游资源的形成原因是	处在板块边界，地壳活跃,冰岛 特色 旅游 资源 的 形成 原因 是 处在 板块 边界 ， 地壳 活跃,loc NN NN NN DEG NN NN VC VV term NN PU term VA,1,2,2,NN/VA,False,VV/term,False,是,原因/是,VC,False/False,地壳,None,y
科大讯飞-地理测试08（北京市朝阳区高三第一学期期末统一考试）,图中J1，J2两条经线的经度分别为	55°E，60°E,图 中 J1 ， J2 两 条 经线 的 经度 分别 为 55°E ， 60°E,NN LC num PU num CD M NN DEG NN AD VC num PU num,0,0,0,num/num,True,num/num,True,为,分别/为,VC,False/False,60°E,None,n
科大讯飞-地理测试08（北京市朝阳区高三第一学期期末统一考试）,图中J1，J2两条经线的经度分别为	135°E，140°E,图 中 J1 ， J2 两 条 经线 的 经度 分别 为 135°E ， 140°E,NN LC num PU num CD M NN DEG NN AD VC num PU num,0,0,0,num/num,True,num/num,True,为,分别/为,VC,False/False,140°E,None,n
科大讯飞-地理测试08（北京市朝阳区高三第一学期期末统一考试）,图中J1，J2两条经线的经度分别为	170°E，175°E,图 中 J1 ， J2 两 条 经线 的 经度 分别 为 170°E ， 175°E,NN LC num PU num CD M NN DEG NN AD VC num PU num,0,0,0,num/num,True,num/num,True,为,分别/为,VC,False/False,175°E,None,n
科大讯飞-地理测试08（北京市朝阳区高三第一学期期末统一考试）,图中J1，J2两条经线的经度分别为	170°W，165°W,图 中 J1 ， J2 两 条 经线 的 经度 分别 为 170°W ， 165°W,NN LC num PU num CD M NN DEG NN AD VC num PU num,0,0,0,num/num,True,num/num,True,为,分别/为,VC,False/False,165°W,None,n
科大讯飞-地理测试08（北京市朝阳区高三第一学期期末统一考试）,地震发生时的防震措施错误的是	在街上时迅速离开电线杆和围墙，到开阔地躲避,地震 发生 时 的 防震 措施 错误 的 是 在 街上 时 迅速 离开 电线杆 和 围墙 ， 到 开阔地 躲避,term VV LC DEG NN NN VA DEC VC P NN LC AD VV NN CC NN PU VV NN VV,5,8,6,NN/VV,False,P/VV,False,是,的/是,VC,False/False,到,None,y
科大讯飞-地理测试08（北京市朝阳区高三第一学期期末统一考试）,地震发生时的防震措施错误的是	在商店时躲在结实的柱子旁，屈身蹲下用手护头,地震 发生 时 的 防震 措施 错误 的 是 在 商店 时 躲在 结实 的 柱子 旁 ， 屈身 蹲下 用 手 护 头,term VV LC DEG NN NN VA DEC VC P NN LC VV VA DEC NN LC PU VV VV VV NN VV NN,2,4,6,LC/NN,False,P/VV,False,是,的/是,VC,False/False,屈身,None,y
科大讯飞-地理测试08（北京市朝阳区高三第一学期期末统一考试）,地震发生时的防震措施错误的是	在住宅楼上时迅速乘电梯或走楼梯，向底层转移,地震 发生 时 的 防震 措施 错误 的 是 在 住宅 楼上 时 迅速 乘 电梯 或 走 楼梯 ， 向 底层 转移,term VV LC DEG NN NN VA DEC VC P NN NN LC AD VV NN CC VV NN PU P NN VV,7,10,7,NN/VV,False,P/P,True,是,的/是,VC,False/False,向,趋势,y
科大讯飞-地理测试08（北京市朝阳区高三第一学期期末统一考试）,该地区农业生产	精耕细作，农产品的单产量和商品率较高,该 地区 农业 生产 精耕 细作 ， 农产品 的 单产量 和 商品率 较 高,DT NN NN NN NN NN PU NN DEG NN CC NN AD VA,5,9,5,NN/VA,False,NN/NN,True,生产,农业/生产,NN,False/False,农产品,None,y
科大讯飞-地理测试08（北京市朝阳区高三第一学期期末统一考试）,该地区农业生产	与市场联系密切，多分布在城市周边地区,该 地区 农业 生产 与 市场 联系 密切 ， 多 分布 在 城市 周边 地区,DT NN NN NN P NN NN VA PU AD VV P NN NN NN,2,3,3,VA/NN,False,P/AD,False,生产,农业/生产,NN,False/False,多,None,y
科大讯飞-地理测试08（北京市朝阳区高三第一学期期末统一考试）,该地区农业生产	多以家庭为单位进行生产，生产规模较小,该 地区 农业 生产 多 以 家庭 为 单位 进行 生产 ， 生产 规模 较 小,DT NN NN NN AD P NN VC NN VV NN PU NN NN AD VA,3,5,5,NN/VA,False,AD/NN,False,生产,农业/生产,NN,False/False,生产,None,y
科大讯飞-地理测试08（北京市朝阳区高三第一学期期末统一考试）,该地区农业生产	机械化水平低，对自然环境不会产生影响,该 地区 农业 生产 机械化 水平 低 ， 对 自然 环境 不 会 产生 影响,DT NN NN NN NN NN VA PU P NN NN AD VV VV NN,4,5,5,VA/NN,False,NN/P,False,生产,农业/生产,NN,False/False,对,None,y
科大讯飞-地理测试08（北京市朝阳区高三第一学期期末统一考试）,该区域Ⅰ阶段到Ⅲ阶段	城市人口增加，乡村人口减少,该 区域 Ⅰ 阶段 到 Ⅲ 阶段 城市 人口 增加 ， 乡村 人口 减少,DT NN num NN VV num NN NN NN VV PU NN NN VV,0,0,0,VV/VV,True,NN/NN,True,阶段,Ⅲ/阶段,NN,False/False,乡村,趋势,y
科大讯飞-地理测试08（北京市朝阳区高三第一学期期末统一考试）,孟加拉国的降水特征是	降水量季节分配不均，6月至9月略多,孟加拉国 的 降水 特征 是 降水量 季节 分配 不均 ， 6月至9月 略 多,loc DEG NN NN VC NN NN NN VA PU time AD VA,1,2,3,VA/VA,True,NN/time,False,是,特征/是,VC,False/True,6月至9月,None,y
科大讯飞-地理测试08（北京市朝阳区高三第一学期期末统一考试）,孟加拉国的降水特征是	6月至9月为旱季，10月至3月为雨季,孟加拉国 的 降水 特征 是 6月至9月 为 旱季 ， 10月至3月 为 雨季,loc DEG NN NN VC time VC term PU time VC term,0,1,0,term/term,True,time/time,True,是,特征/是,VC,True/True,10月至3月,None,y
科大讯飞-地理测试08（北京市朝阳区高三第一学期期末统一考试）,孟加拉国的降水特征对农业生产的影响是	降水变率大，利于作物养分积累,孟加拉国 的 降水 特征 对 农业 生产 的 影响 是 降水 变率 大 ， 利于 作物 养分 积累,loc DEG NN NN P NN NN DEG NN VC NN NN VA PU VV NN NN VV,1,3,2,VA/VV,False,NN/VV,False,是,影响/是,VC,False/False,利于,因果,y
科大讯飞-地理测试08（北京市朝阳区高三第一学期期末统一考试）,孟加拉国的降水特征对农业生产的影响是	雨季降水集中，易形成洪涝灾害,孟加拉国 的 降水 特征 对 农业 生产 的 影响 是 雨季 降水 集中 ， 易 形成 洪涝 灾害,loc DEG NN NN P NN NN DEG NN VC NN VV VA PU AD VV term NN,1,1,3,VA/NN,False,NN/AD,False,是,影响/是,VC,False/False,易,因果,y
科大讯飞-地理测试08（北京市朝阳区高三第一学期期末统一考试）,孟加拉国的降水特征对农业生产的影响是	降水量较多，适宜发展灌溉农业,孟加拉国 的 降水 特征 对 农业 生产 的 影响 是 降水量 较 多 ， 适宜 发展 灌溉 农业,loc DEG NN NN P NN NN DEG NN VC NN AD VA PU AD VV NN NN,1,3,4,VA/NN,False,NN/AD,False,是,影响/是,VC,False/False,适宜,因果,y
科大讯飞-地理测试08（北京市朝阳区高三第一学期期末统一考试）,孟加拉国的降水特征对农业生产的影响是	旱季持续时间长，利于作物成熟,孟加拉国 的 降水 特征 对 农业 生产 的 影响 是 旱季 持续 时间 长 ， 利于 作物 成熟,loc DEG NN NN P NN NN DEG NN VC term JJ NN VA PU VV NN VA,1,1,2,VA/VA,True,term/VV,False,是,影响/是,VC,False/False,利于,因果,y
科大讯飞-地理测试08（北京市朝阳区高三第一学期期末统一考试）,发展循环经济是应对全球气候变暖、实现可持续发展的重要途径。不符合循环经济的行为是	城市大量建设垃圾发电厂，化害为利,发展 循环 经济 是 应对 全球气候变暖 、 实现 可持续 发展 的 重要 途径 。 不 符合 循环 经济 的 行为 是 城市 大量 建设 垃圾 发电厂 ， 化 害 为 利,VV JJ NN VC VV term PU VV JJ NN DEG JJ NN PU AD VV JJ NN DEG NN VC NN AD VV NN NN PU VV NN VV NN,1,7,3,NN/NN,True,NN/VV,False,是,行为/是,VC,False/False,化,None,n
科大讯飞-地理测试08（北京市朝阳区高三第一学期期末统一考试）,发展循环经济是应对全球气候变暖、实现可持续发展的重要途径。不符合循环经济的行为是	消费者选用环保产品，减少废弃物排放,发展 循环 经济 是 应对 全球气候变暖 、 实现 可持续 发展 的 重要 途径 。 不 符合 循环 经济 的 行为 是 消费者 选用 环保 产品 ， 减少 废弃物 排放,VV JJ NN VC VV term PU VV JJ NN DEG JJ NN PU AD VV JJ NN DEG NN VC NN VV NN NN PU VV NN NN,1,2,1,NN/NN,True,NN/VV,False,是,行为/是,VC,False/False,减少,趋势,y
科大讯飞-地理测试09（北京市东城区2011届高三第一学期期末教学统一检测）,关于图A中丙、丁两地天气的叙述正确的是	丙地气温较低，气压较高,关于 图 A 中 丙、丁两地 天气 的 叙述 正确 的 是 丙地 气温 较 低 ， 气压 较 高,P NN NN LC loc NN DEG NN VA DEC VC loc NN AD VA PU term AD VA,1,2,2,VA/VA,True,loc/term,False,是,的/是,VC,False/False,气压,None,y
科大讯飞-地理测试09（北京市东城区2011届高三第一学期期末教学统一检测）,关于图A中丙、丁两地天气的叙述正确的是	丁地比丙地气温低，气压高,关于 图 A 中 丙、丁两地 天气 的 叙述 正确 的 是 丁地 比 丙地 气温 低 ， 气压 高,P NN NN LC loc NN DEG NN VA DEC VC loc P loc VV VA term NN VA,3,5,4,VA/VA,True,loc/NN,False,是,的/是,VC,False/False,气压,None,y
科大讯飞-地理测试09（北京市东城区2011届高三第一学期期末教学统一检测）,关于图A中丙、丁两地天气的叙述正确的是	丙地多阴雨，丁地晴朗,关于 图 A 中 丙、丁两地 天气 的 叙述 正确 的 是 丙地 多 阴雨 ， 丁地 晴朗,P NN NN LC loc NN DEG NN VA DEC VC loc AD VV PU loc VA,1,1,2,VV/VA,False,loc/loc,True,是,的/是,VC,False/False,丁地,None,y
科大讯飞-地理测试09（北京市东城区2011届高三第一学期期末教学统一检测）,年太阳总辐射量③地小于①地的主要原因是	地势低，云量大,年太阳总辐射量 ③地 小于 ①地 的 主要 原因 是 地势 低 ， 云量 大,term loc VV loc DEG JJ NN VC NN VA PU NN VA,0,0,0,VA/VA,True,NN/NN,True,是,原因/是,VC,False/False,云量,None,y
科大讯飞-地理测试09（北京市东城区2011届高三第一学期期末教学统一检测）,年太阳总辐射量③地小于①地的主要原因是	地势高，空气稀薄,年太阳总辐射量 ③地 小于 ①地 的 主要 原因 是 地势 高 ， 空气 稀薄,term loc VV loc DEG JJ NN VC NN VA PU NN VA,0,1,0,VA/VA,True,NN/NN,True,是,原因/是,VC,False/False,空气,None,y
科大讯飞-地理测试09（北京市东城区2011届高三第一学期期末教学统一检测）,年太阳总辐射量③地小于①地的主要原因是	纬度高，太阳高度小,年太阳总辐射量 ③地 小于 ①地 的 主要 原因 是 纬度 高 ， 太阳高度 小,term loc VV loc DEG JJ NN VC term VA PU term VA,0,2,0,VA/VA,True,term/term,True,是,原因/是,VC,False/False,太阳高度,None,y
科大讯飞-地理测试09（北京市东城区2011届高三第一学期期末教学统一检测）,印度尼西亚发生火山、地震的主要原因是	位于印度洋板块与亚欧板块交界处，地壳活动频繁,印度尼西亚 发生 火山 、 地震 的 主要 原因 是 位于 印度洋板块 与 亚欧板块 交界处 ， 地壳 活动 频繁,loc VV term PU term DEG JJ NN VC VV term CC term NN PU term NN VA,2,9,4,NN/VA,False,VV/term,False,是,原因/是,VC,False/False,地壳,None,y
科大讯飞-地理测试09（北京市东城区2011届高三第一学期期末教学统一检测）,印度尼西亚发生火山、地震的主要原因是	位于太平洋板块与亚欧板块交界处，地壳活动频繁,印度尼西亚 发生 火山 、 地震 的 主要 原因 是 位于 太平洋板块 与 亚欧板块 交界处 ， 地壳 活动 频繁,NR VV NN PU NN DEG JJ NN VC VV NR CC NR NN PU NN NN VA,2,9,5,NN/VA,False,VV/NN,False,是,原因/是,VC,False/False,地壳,None,y
科大讯飞-地理测试09（北京市东城区2011届高三第一学期期末教学统一检测）,印度尼西亚发生火山、地震的主要原因是	位于印度洋板块与太平洋板块交界处，地壳活动频繁,印度尼西亚 发生 火山 、 地震 的 主要 原因 是 位于 印度洋板块 与 太平洋板块 交界处 ， 地壳 活动 频繁,NR VV NN PU NN DEG JJ NN VC VV NR CC NR NN PU NN NN VA,2,10,5,NN/VA,False,VV/NN,False,是,原因/是,VC,False/False,地壳,None,y
科大讯飞-地理测试09（北京市东城区2011届高三第一学期期末教学统一检测）,火山喷发产生的火山灰云团对其覆盖地区的影响是	增强了大气反射作用，使气温增高,火山 喷发 产生 的 火山灰 云团 对 其 覆盖 地区 的 影响 是 增强 了 大气反射作用 ， 使 气温 增高,term VV VV DEC term NN P PN NN NN DEG NN VC VV AS term PU VV NN VV,0,4,2,term/VV,False,VV/VV,True,是,影响/是,VC,False/False,使,因果,y
科大讯飞-地理测试09（北京市东城区2011届高三第一学期期末教学统一检测）,火山喷发产生的火山灰云团对其覆盖地区的影响是	减弱了大气反射作用，使气温降低,火山 喷发 产生 的 火山灰 云团 对 其 覆盖 地区 的 影响 是 减弱 了 大气反射作用 ， 使 气温 降低,term VV VV DEC term NN P PN NN NN DEG NN VC VV AS term PU VV NN VV,0,4,2,term/VV,False,VV/VV,True,是,影响/是,VC,False/False,使,因果,y
科大讯飞-地理测试09（北京市东城区2011届高三第一学期期末教学统一检测）,火山喷发产生的火山灰云团对其覆盖地区的影响是	增强了大气逆辐射，使昼夜温差变小,火山 喷发 产生 的 火山灰 云团 对 其 覆盖 地区 的 影响 是 增强 了 大气逆辐射 ， 使 昼夜 温差 变 小,term VV VV DEC term NN P PN NN NN DEG NN VC VV AS term PU VV NN NN VV VA,2,1,4,term/VA,False,VV/VV,True,是,影响/是,VC,False/False,使,因果,y
科大讯飞-地理测试09（北京市东城区2011届高三第一学期期末教学统一检测）,火山喷发产生的火山灰云团对其覆盖地区的影响是	减弱了大气逆辐射，使昼夜温差变小,火山 喷发 产生 的 火山灰 云团 对 其 覆盖 地区 的 影响 是 减弱 了 大气逆辐射 ， 使 昼夜 温差 变 小,term VV VV DEC term NN P PN NN NN DEG NN VC VV AS term PU VV NN NN VV VA,2,1,4,term/VA,False,VV/VV,True,是,影响/是,VC,False/False,使,因果,y
科大讯飞-地理测试09（北京市东城区2011届高三第一学期期末教学统一检测）,该城市工业区的空间分布特征是	靠近铁路线，均匀分布,该 城市 工业区 的 空间 分布 特征 是 靠近 铁路线 ， 均匀 分布,DT NN NN DEG NN NN NN VC VV NN PU VA VV,0,1,2,NN/VV,False,VV/VA,False,是,特征/是,VC,False/False,均匀,None,y
科大讯飞-地理测试09（北京市东城区2011届高三第一学期期末教学统一检测）,该城市工业区的空间分布特征是	分布在城区外围，交通便利,该 城市 工业区 的 空间 分布 特征 是 分布 在 城区 外围 ， 交通 便利,DT NN NN DEG NN NN NN VC VV P NN NN PU NN VA,2,3,3,NN/VA,False,VV/NN,False,是,特征/是,VC,False/False,交通,None,y
科大讯飞-地理测试10（北京市东城区普通校2013届高三联考）,甲图为大气受热过程示意图。青藏高原与四川盆地纬度相当，关于两地热力状况的比较，正确的是	青藏高原的年平均气温较低，与①大小有关,甲图 为 大气 受热 过程 示意图 。 青藏高原 与 四川盆地 纬度 相当 ， 关于 两 地 热力 状况 的 比较 ， 正确 的 是 青藏高原 的 年 平均 气温 较 低 ， 与 ① 大小 有关,NN VC NN NN NN NN PU loc CC loc term AD PU P CD NN NN NN DEG NN PU VA DEC VC loc DEG JJ JJ NN AD VA PU P NN NN VV,3,6,6,VA/VV,False,loc/P,False,是,的/是,VC,False/False,与,因果,n
科大讯飞-地理测试10（北京市东城区普通校2013届高三联考）,甲图为大气受热过程示意图。青藏高原与四川盆地纬度相当，关于两地热力状况的比较，正确的是	四川盆地的年太阳总辐射量较小，与②大小有关,甲图 为 大气 受热 过程 示意图 。 青藏高原 与 四川盆地 纬度 相当 ， 关于 两 地 热力 状况 的 比较 ， 正确 的 是 四川盆地 的 年太阳总辐射量 较 小 ， 与 ② 大小 有关,NN VC NN NN NN NN PU loc CC loc term AD PU P CD NN NN NN DEG NN PU VA DEC VC loc DEG term AD VA PU P NN NN VV,1,8,5,VA/VV,False,loc/P,False,是,的/是,VC,False/False,与,因果,n
科大讯飞-地理测试10（北京市东城区普通校2013届高三联考）,甲图为大气受热过程示意图。青藏高原与四川盆地纬度相当，关于两地热力状况的比较，正确的是	四川盆地的气温日较差较小，与③大小有关,甲图 为 大气 受热 过程 示意图 。 青藏高原 与 四川盆地 纬度 相当 ， 关于 两 地 热力 状况 的 比较 ， 正确 的 是 四川盆地 的 气温日较差 较 小 ， 与 ③ 大小 有关,NN VC NN NN NN NN PU loc CC loc term AD PU P CD NN NN NN DEG NN PU VA DEC VC loc DEG term AD VA PU P NN NN VV,1,6,5,VA/VV,False,loc/P,False,是,的/是,VC,False/False,与,因果,n
科大讯飞-地理测试10（北京市东城区普通校2013届高三联考）,甲图为大气受热过程示意图。青藏高原与四川盆地纬度相当，关于两地热力状况的比较，正确的是	青藏高原的年太阳辐射总量较大，与④大小有关,甲图 为 大气 受热 过程 示意图 。 青藏高原 与 四川盆地 纬度 相当 ， 关于 两 地 热力 状况 的 比较 ， 正确 的 是 青藏高原 的 年太阳辐射总量 较 大 ， 与 ④ 大小 有关,NN VC NN NN NN NN PU loc CC loc term AD PU P CD NN NN NN DEG NN PU VA DEC VC loc DEG term AD VA PU P NN NN VV,1,8,5,VA/VV,False,loc/P,False,是,的/是,VC,False/False,与,因果,n
科大讯飞-地理测试10（北京市东城区普通校2013届高三联考）,从Ⅱ到Ⅲ阶段，该城市生产企业大部分由城区迁移到郊区，原因有	城市中心用地紧张，地价上涨,从 Ⅱ 到 Ⅲ 阶段 ， 该 城市 生产 企业 大部分 由 城区 迁移 到 郊区 ， 原因 有 城市 中心 用地 紧张 ， 地价 上涨,P num P num NN PU DT NN NN NN CD P NN VV VV NN PU NN VE NN NN NN VA PU NN VV,2,4,3,VA/VV,False,NN/NN,True,有,原因/有,VE,False/False,地价,None,y
科大讯飞-地理测试10（北京市东城区普通校2013届高三联考）,长三角地区和环渤海地区都位于我国东部平原，但长三角地区铁路运输比重明显小于环渤海地区，制约长三角地区铁路网建设的最主要因素是	降水丰富，洪涝灾害频发,长三角地区 和 环渤海地区 都 位于 我国 东部平原 ， 但 长三角地区 铁路 运输 比重 明显 小于 环渤海地区 ， 制约 长三角地区 铁路网 建设 的 最 主要 因素 是 降水 丰富 ， 洪涝 灾害 频发,loc CC loc AD VV NN loc PU AD loc NN NN NN AD VV loc PU VV loc NN NN DEG AD JJ NN VC NN VA PU term NN VV,1,2,2,VA/VV,False,NN/term,False,是,因素/是,VC,False/False,洪涝,None,y
科大讯飞-地理测试11（北京市海淀区高三第一学期期末练习）,关于1970—2000年间人口变化的相关叙述，正确的是	1975—1985年期间，我国人口数量先增后降,关于 1970—2000年 间 人口 变化 的 相关 叙述 ， 正确 的 是 1975—1985年 期间 ， 我国 人口 数量 先 增 后 降,P time LC NN NN DEG JJ NN PU VA DEC VC time NN PU NR NN NN AD VV AD VV,5,2,6,NN/VV,False,time/NR,False,是,的/是,VC,True/False,我国,趋势,n
科大讯飞-地理测试11（北京市海淀区高三第一学期期末练习）,近年来，城市内涝在我国一些大城市相继出现，下列有关城市内涝产生原因的叙述，正确的是	城市地表硬化面积过大，不利于下渗,近年来 ， 城市 内涝 在 我国 一些 大城市 相继 出现 ， 下列 有关 城市 内涝 产生 原因 的 叙述 ， 正确 的 是 城市 地表 硬化 面积 过 大 ， 不利于 下渗,NT PU NN term P NR CD NR AD VV PU JJ JJ NN term VV NN DEG NN PU VA DEC VC NN NN VV NN AD VA PU VV NN,4,5,4,VA/NN,False,NN/VV,False,是,的/是,VC,False/False,不利于,趋势,n
科大讯飞-地理测试11（北京市海淀区高三第一学期期末练习）,近年来，城市内涝在我国一些大城市相继出现，下列有关城市内涝产生原因的叙述，正确的是	城市管网不完善，城市规划赶不上城市化发展,近年来 ， 城市 内涝 在 我国 一些 大城市 相继 出现 ， 下列 有关 城市 内涝 产生 原因 的 叙述 ， 正确 的 是 城市 管网 不 完善 ， 城市 规划 赶不上 城市化 发展,NT PU NN term P NR CD NR AD VV PU JJ JJ NN term NN NN DEG NN PU VA DEC VC NN NN AD VA PU NN NN VV NN NN,1,5,3,VA/NN,False,NN/NN,True,是,的/是,VC,False/False,城市,None,y
科大讯飞-地理测试11（北京市海淀区高三第一学期期末练习）,近年来，城市内涝在我国一些大城市相继出现，下列有关城市内涝产生原因的叙述，正确的是	地势低洼，排水不畅,近年来 ， 城市 内涝 在 我国 一些 大城市 相继 出现 ， 下列 有关 城市 内涝 产生 原因 的 叙述 ， 正确 的 是 地势 低洼 ， 排水 不 畅,NT PU NN term P NR CD NR AD VV PU JJ JJ NN term NN NN DEG NN PU VA DEC VC NN VA PU NN AD VA,1,0,1,VA/VA,True,NN/NN,True,是,的/是,VC,False/False,排水,None,y
科大讯飞-地理测试11（北京市海淀区高三第一学期期末练习）,近年来，城市内涝在我国一些大城市相继出现，下列有关城市内涝产生原因的叙述，正确的是	城市化带来的“雨岛效应”，易导致降水强度增大,近年来 ， 城市 内涝 在 我国 一些 大城市 相继 出现 ， 下列 有关 城市 内涝 产生 原因 的 叙述 ， 正确 的 是 城市化 带来 的 “ 雨岛效应 ” ， 易 导致 降水 强度 增大,NT PU NN term P NR CD NR AD VV PU JJ JJ NN term NN NN DEG NN PU VA DEC VC NN VV DEC PU term PU PU AD VV NN NN VV,1,3,5,PU/VV,False,NN/AD,False,是,的/是,VC,False/False,易,因果,n
科大讯飞-地理测试11（北京市海淀区高三第一学期期末练习）,关于两国大豆产区及生产条件的叙述，正确的是	均位于沿海地区，交通便利,关于 两国 大豆 产区 及 生产 条件 的 叙述 ， 正确 的 是 均 位于 沿海地区 ， 交通 便利,P NN NN NN CC NN NN DEG NN PU VA DEC VC AD VV loc PU NN VA,1,3,3,loc/VA,False,AD/NN,False,是,的/是,VC,False/False,交通,None,y
科大讯飞-地理测试11（北京市海淀区高三第一学期期末练习）,关于两国大豆产区及生产条件的叙述，正确的是	均位于人口稠密区，劳动力充足,关于 两国 大豆 产区 及 生产 条件 的 叙述 ， 正确 的 是 均 位于 人口 稠密区 ， 劳动力 充足,P NN NN NN CC NN NN DEG NN PU VA DEC VC AD VV NN NN PU NN VA,2,3,3,NN/VA,False,AD/NN,False,是,的/是,VC,False/False,劳动力,None,y
科大讯飞-地理测试11（北京市海淀区高三第一学期期末练习）,关于两国大豆产区及生产条件的叙述，正确的是	均位于平原地区，土壤肥沃,关于 两国 大豆 产区 及 生产 条件 的 叙述 ， 正确 的 是 均 位于 平原 地区 ， 土壤 肥沃,P NN NN NN CC NN NN DEG NN PU VA DEC VC AD VV NN NN PU NN VA,2,3,3,NN/VA,False,AD/NN,False,是,的/是,VC,False/False,土壤,None,y
科大讯飞-地理测试11（北京市海淀区高三第一学期期末练习）,关于两国大豆产区及生产条件的叙述，正确的是	均位于中、低纬度，热量充足,关于 两国 大豆 产区 及 生产 条件 的 叙述 ， 正确 的 是 均 位于 中、低纬度 ， 热量 充足,P NN NN NN CC NN NN DEG NN PU VA DEC VC AD VV term PU NN VA,1,4,3,term/VA,False,AD/NN,False,是,的/是,VC,False/False,热量,None,y
科大讯飞-地理测试11（北京市海淀区高三第一学期期末练习）,读美国和巴西大豆生长周期表，下列叙述正确的是	都在春、夏之交播种，秋季收获,读 美国 和 巴西 大豆 生长 周期表 ， 下列 叙述 正确 的 是 都 在 春、夏之交 播种 ， 秋季 收获,VV loc CC loc NN NN NN PU JJ NN VA DEC VC AD P time VV PU time VV,2,5,2,VV/VV,True,AD/time,False,是,的/是,VC,True/True,秋季,None,y
科大讯飞-地理测试11（北京市海淀区高三第一学期期末练习）,天津是我国传统的自行车生产基地，我国第一辆自行车诞生在此。进入21世纪，天津已陆续引进企业33家，吸引投资55亿元，建成集研发、生产、交易、展示等多种功能于一体的全国最大的自行车创意产业基地。该自行车产业基地建在天津的原因是	历史悠久，工业基础好,天津 是 我国 传统 的 自行车 生产 基地 ， 我国 第一辆 自行车 诞生 在 此 。 进入 21世纪 ， 天津 已 陆续 引进 企业 33 家 ， 吸引 投资 55亿元 ， 建成 集 研发 、 生产 、 交易 、 展示 等 多种 功能 于 一体 的 全国 最 大 的 自行车 创意 产业 基地 。 该 自行车 产业 基地 建在 天津 的 原因 是 历史 悠久 ， 工业 基础 好,NR VC NR JJ DEG NN NN NN PU NR num NN VV P PN PU VV time PU loc AD AD VV NN num M PU VV NN num PU VV VV NN PU NN PU NN PU NN ETC NN NN P NN DEC NN AD VA DEC NN NN NN NN PU DT NN NN NN VV loc DEC NN VC NN VA PU NN NN VA,1,1,1,VA/VA,True,NN/NN,True,是,原因/是,VC,False/False,工业,None,y
科大讯飞-地理测试11（北京市海淀区高三第一学期期末练习）,天津是我国传统的自行车生产基地，我国第一辆自行车诞生在此。进入21世纪，天津已陆续引进企业33家，吸引投资55亿元，建成集研发、生产、交易、展示等多种功能于一体的全国最大的自行车创意产业基地。该自行车产业基地建在天津的原因是	地处沿海，水陆交通便利,天津 是 我国 传统 的 自行车 生产 基地 ， 我国 第一辆 自行车 诞生 在 此 。 进入 21世纪 ， 天津 已 陆续 引进 企业 33 家 ， 吸引 投资 55亿元 ， 建成 集 研发 、 生产 、 交易 、 展示 等 多种 功能 于 一体 的 全国 最 大 的 自行车 创意 产业 基地 。 该 自行车 产业 基地 建在 天津 的 原因 是 地处 沿海 ， 水陆 交通 便利,NR VC NR JJ DEG NN NN NN PU NR num NN VV P PN PU VV time PU loc AD AD VV NN num M PU VV NN num PU VV VV NN PU NN PU NN PU NN ETC NN NN P NN DEC NN AD VA DEC NN NN NN NN PU DT NN NN NN VV loc DEC NN VC VV NN PU NN NN VA,1,2,2,NN/VA,False,VV/NN,False,是,原因/是,VC,False/False,水陆,None,y
科大讯飞-地理测试11（北京市海淀区高三第一学期期末练习）,天津是我国传统的自行车生产基地，我国第一辆自行车诞生在此。进入21世纪，天津已陆续引进企业33家，吸引投资55亿元，建成集研发、生产、交易、展示等多种功能于一体的全国最大的自行车创意产业基地。该自行车产业基地建在天津的原因是	政策扶持，吸引力强,天津 是 我国 传统 的 自行车 生产 基地 ， 我国 第一辆 自行车 诞生 在 此 。 进入 21世纪 ， 天津 已 陆续 引进 企业 33 家 ， 吸引 投资 55亿元 ， 建成 集 研发 、 生产 、 交易 、 展示 等 多种 功能 于 一体 的 全国 最 大 的 自行车 创意 产业 基地 。 该 自行车 产业 基地 建在 天津 的 原因 是 政策 扶持 ， 吸引力 强,NR VC NR JJ DEG NN NN NN PU NR num NN VV P PN PU VV time PU loc AD AD VV NN num M PU VV NN num PU VV VV NN PU NN PU NN PU NN ETC NN NN P NN DEC NN AD VA DEC NN NN NN NN PU DT NN NN NN VV loc DEC NN VC NN VV PU NN VA,0,0,1,VV/VA,False,NN/NN,True,是,原因/是,VC,False/False,吸引力,None,y
科大讯飞-地理测试11（北京市海淀区高三第一学期期末练习）,天津是我国传统的自行车生产基地，我国第一辆自行车诞生在此。进入21世纪，天津已陆续引进企业33家，吸引投资55亿元，建成集研发、生产、交易、展示等多种功能于一体的全国最大的自行车创意产业基地。该自行车产业基地建在天津的原因是	矿产丰富，原料充足,天津 是 我国 传统 的 自行车 生产 基地 ， 我国 第一辆 自行车 诞生 在 此 。 进入 21世纪 ， 天津 已 陆续 引进 企业 33 家 ， 吸引 投资 55亿元 ， 建成 集 研发 、 生产 、 交易 、 展示 等 多种 功能 于 一体 的 全国 最 大 的 自行车 创意 产业 基地 。 该 自行车 产业 基地 建在 天津 的 原因 是 矿产 丰富 ， 原料 充足,NR VC NR JJ DEG NN NN NN PU NR num NN VV P PN PU VV time PU loc AD AD VV NN num M PU VV NN num PU VV VV NN PU NN PU NN PU NN ETC NN NN P NN DEC NN AD VA DEC NN NN NN NN PU DT NN NN NN VV loc DEC NN VC NN VA PU NN VA,0,0,0,VA/VA,True,NN/NN,True,是,原因/是,VC,False/False,原料,None,y
科大讯飞-地理测试11（北京市海淀区高三第一学期期末练习）,此次该地区长时间无有效降水的主要原因是	地势平坦，气流难以抬升,此 次 该 地区 长 时间 无 有效 降水 的 主要 原因 是 地势 平坦 ， 气流 难以 抬升,DT M DT NN JJ NN VE JJ NN DEG JJ NN VC NN VA PU NN AD VV,1,2,2,VA/VV,False,NN/NN,True,是,原因/是,VC,False/False,气流,None,y
科大讯飞-地理测试11（北京市海淀区高三第一学期期末练习）,此次该地区长时间无有效降水的主要原因是	暖湿气流弱，空气水汽含量少,此 次 该 地区 长 时间 无 有效 降水 的 主要 原因 是 暖湿 气流 弱 ， 空气 水汽 含量 少,DT M DT NN JJ NN VE JJ NN DEG JJ NN VC NN NN VA PU NN NN NN VA,1,2,1,VA/VA,True,NN/NN,True,是,原因/是,VC,False/False,空气,None,y
科大讯飞-地理测试11（北京市海淀区高三第一学期期末练习）,为减轻此类现象对该区域可持续发展的影响，应采取的合理措施是	大量开采地下水，增加城市用水量,为 减轻 此类 现象 对 该 区域 可 持续 发展 的 影响 ， 应 采取 的 合理 措施 是 大量 开采 地下水 ， 增加 城市 用水量,P VV NN NN P DT NN VV VV VV DEC NN PU VV VV DEC JJ NN VC AD VV NN PU VV NN NN,0,0,2,NN/NN,True,AD/VV,False,是,措施/是,VC,False/False,增加,趋势,y
科大讯飞-地理测试11（北京市海淀区高三第一学期期末练习）,为减轻此类现象对该区域可持续发展的影响，应采取的合理措施是	发展滴灌、喷灌，节约农业用水,为 减轻 此类 现象 对 该 区域 可 持续 发展 的 影响 ， 应 采取 的 合理 措施 是 发展 滴灌 、 喷灌 ， 节约 农业 用水,P VV NN NN P DT NN VV VV VV DEC NN PU VV VV DEC JJ NN VC VV NN PU NN PU VV NN NN,1,1,1,NN/NN,True,VV/VV,True,是,措施/是,VC,False/False,节约,None,y
科大讯飞-地理测试11（北京市海淀区高三第一学期期末练习）,为减轻此类现象对该区域可持续发展的影响，应采取的合理措施是	兴修水库，调节水资源的空间分布,为 减轻 此类 现象 对 该 区域 可 持续 发展 的 影响 ， 应 采取 的 合理 措施 是 兴修 水库 ， 调节 水资源 的 空间 分布,P VV NN NN P DT NN VV VV VV DEC NN PU VV VV DEC JJ NN VC VV NN PU VV NN DEG NN NN,3,6,3,NN/NN,True,VV/VV,True,是,措施/是,VC,False/False,调节,None,y
科大讯飞-地理测试11（北京市海淀区高三第一学期期末练习）,为减轻此类现象对该区域可持续发展的影响，应采取的合理措施是	加强科研建设，增强人工降水,为 减轻 此类 现象 对 该 区域 可 持续 发展 的 影响 ， 应 采取 的 合理 措施 是 加强 科研 建设 ， 增强 人工 降水,P VV NN NN P DT NN VV VV VV DEC NN PU VV VV DEC JJ NN VC VV NN NN PU VV JJ NN,0,0,1,NN/NN,True,VV/VV,True,是,措施/是,VC,False/False,增强,趋势,y
科大讯飞-地理测试11（北京市海淀区高三第一学期期末练习）,国家建设重点生态功能区的目的是	涵养水源，保持水土,国家 建设 重点 生态 功能区 的 目的 是 涵养 水源 ， 保持 水土,NN VV NN NN NN DEG NN VC VV NN PU VV NN,0,0,0,NN/NN,True,VV/VV,True,是,目的/是,VC,False/False,保持,None,y
科大讯飞-地理测试11（北京市海淀区高三第一学期期末练习）,国家建设重点生态功能区的目的是	防风固沙，保护农田,国家 建设 重点 生态 功能区 的 目的 是 防风 固沙 ， 保护 农田,NN VV NN NN NN DEG NN VC VV VV PU VV NN,0,0,1,VV/NN,False,VV/VV,True,是,目的/是,VC,False/False,保护,None,y
科大讯飞-地理测试11（北京市海淀区高三第一学期期末练习）,国家建设重点生态功能区的目的是	保护生物多样性，改善生态环境,国家 建设 重点 生态 功能区 的 目的 是 保护 生物多样性 ， 改善 生态 环境,NN VV NN NN NN DEG NN VC VV NN PU VV NN NN,1,1,1,NN/NN,True,VV/VV,True,是,目的/是,VC,False/False,改善,趋势,y
科大讯飞-地理测试11（北京市海淀区高三第一学期期末练习）,国家建设重点生态功能区的目的是	吸烟除尘，净化空气,国家 建设 重点 生态 功能区 的 目的 是 吸烟 除尘 ， 净化 空气,NN VV NN NN NN DEG NN VC VV VV PU VV NN,0,0,1,VV/NN,False,VV/VV,True,是,目的/是,VC,False/False,净化,None,y
科大讯飞-地理测试11（北京市海淀区高三第一学期期末练习）,改革开放初期，以深圳为代表的珠江三角洲地区城市化发展主要得益于	南海油气资源丰富，促进了国土开发,改革 开放 初期 ， 以 深圳 为 代表 的 珠江三角洲地区 城市化 发展 主要 得益于 南海 油气 资源 丰富 ， 促进 了 国土 开发,NN NN NN PU P loc VV NN DEC loc NN NN AD VV loc NN NN VA PU VV AS NN NN,0,1,3,VA/NN,False,loc/VV,False,得益于,主要/得益于,VV,False/False,促进,因果,n
科大讯飞-地理测试11（北京市海淀区高三第一学期期末练习）,改革开放初期，以深圳为代表的珠江三角洲地区城市化发展主要得益于	外资企业建立，带动地区工业化发展,改革 开放 初期 ， 以 深圳 为 代表 的 珠江三角洲地区 城市化 发展 主要 得益于 外资 企业 建立 ， 带动 地区 工业化 发展,NN NN NN PU P loc VV NN DEC loc NN NN AD VV NN NN VV PU VV NN NN NN,1,3,2,VV/NN,False,NN/VV,False,得益于,主要/得益于,VV,False/False,带动,None,n
科大讯飞-地理测试11（北京市海淀区高三第一学期期末练习）,下列关于图中等温线与甲、乙、丙、丁四地气温的叙述，正确的是	受地形因素影响，1月－18℃等温线向北突出,下列 关于 图中 等温线 与 甲、乙、丙、丁四地 气温 的 叙述 ， 正确 的 是 受 地形 因素 影响 ， 1月 －18℃ 等温线 向 北 突出,JJ P NN term CC loc NN DEG NN PU VA DEC VC VV NN NN NN PU time num NN P NN VV,2,6,4,NN/VV,False,VV/time,False,是,的/是,VC,False/True,1月,因果,n
科大讯飞-地理测试11（北京市海淀区高三第一学期期末练习）,下列关于图中等温线与甲、乙、丙、丁四地气温的叙述，正确的是	受纬度因素影响，7月18℃等温线呈东北—西南方向延伸,下列 关于 图中 等温线 与 甲、乙、丙、丁四地 气温 的 叙述 ， 正确 的 是 受 纬度 因素 影响 ， 7月 18℃ 等温线 呈 东北 — 西南 方向 延伸,JJ P NN term CC loc NN DEG NN PU VA DEC VC VV NN NN NN PU time num NN VV NN PU NN NN VV,5,11,5,NN/VV,False,VV/time,False,是,的/是,VC,False/True,7月,因果,n
科大讯飞-地理测试11（北京市海淀区高三第一学期期末练习）,下列关于图中等温线与甲、乙、丙、丁四地气温的叙述，正确的是	甲地海拔高，1月气温低于丙地,下列 关于 图中 等温线 与 甲、乙、丙、丁四地 气温 的 叙述 ， 正确 的 是 甲地 海拔 高 ， 1月 气温 低于 丙地,JJ P NN term CC loc NN DEG NN PU VA DEC VC NN NN VA PU time NN VV loc,1,3,3,VA/loc,False,NN/time,False,是,的/是,VC,False/True,1月,None,y
科大讯飞-地理测试11（北京市海淀区高三第一学期期末练习）,下列关于图中等温线与甲、乙、丙、丁四地气温的叙述，正确的是	丁地纬度高，7月气温低于丙地,下列 关于 图中 等温线 与 甲、乙、丙、丁四地 气温 的 叙述 ， 正确 的 是 丁地 纬度 高 ， 7月 气温 低于 丙地,JJ P NN term CC loc NN DEG NN PU VA DEC VC loc term VA PU time NN VV loc,1,3,4,VA/loc,False,loc/time,False,是,的/是,VC,False/True,7月,None,y
科大讯飞-地理测试11（北京市海淀区高三第一学期期末练习）,关于图中甲、乙、丙、丁四地自然条件与农业发展的叙述，正确的是	甲地草原辽阔，利于发展乳畜业,关于 图 中 甲、乙、丙、丁四地 自然 条件 与 农业 发展 的 叙述 ， 正确 的 是 甲地 草原 辽阔 ， 利于 发展 乳畜业,P NN LC loc NN NN CC NN NN DEG NN PU VA DEC VC loc term VA PU VV VV NN,0,1,3,VA/NN,False,loc/VV,False,是,的/是,VC,False/False,利于,因果,n
科大讯飞-地理测试11（北京市海淀区高三第一学期期末练习）,关于图中甲、乙、丙、丁四地自然条件与农业发展的叙述，正确的是	乙地地势平坦，适宜大规模机械化生产,关于 图 中 甲、乙、丙、丁四地 自然 条件 与 农业 发展 的 叙述 ， 正确 的 是 乙地 地势 平坦 ， 适宜 大规模 机械化 生产,P NN LC loc NN NN CC NN NN DEG NN PU VA DEC VC loc NN VA PU VV JJ NN NN,1,4,3,VA/NN,False,loc/VV,False,是,的/是,VC,False/False,适宜,因果,y
科大讯飞-地理测试11（北京市海淀区高三第一学期期末练习）,关于图中甲、乙、丙、丁四地自然条件与农业发展的叙述，正确的是	丙地河流稀少，利于商品谷物农业发展,关于 图 中 甲、乙、丙、丁四地 自然 条件 与 农业 发展 的 叙述 ， 正确 的 是 丙地 河流 稀少 ， 利于 商品谷物农业 发展,P NN LC loc NN NN CC NN NN DEG NN PU VA DEC VC loc NN VA PU VV term NN,0,4,3,VA/NN,False,loc/VV,False,是,的/是,VC,False/False,利于,因果,n
科大讯飞-地理测试11（北京市海淀区高三第一学期期末练习）,关于图中甲、乙、丙、丁四地自然条件与农业发展的叙述，正确的是	丁地夏季低温，适宜发展多种经营,关于 图 中 甲、乙、丙、丁四地 自然 条件 与 农业 发展 的 叙述 ， 正确 的 是 丁地 夏季 低温 ， 适宜 发展 多种 经营,P NN LC loc NN NN CC NN NN DEG NN PU VA DEC VC loc time VA PU AD VV NN NN,1,2,4,VA/NN,False,loc/AD,False,是,的/是,VC,True/False,适宜,因果,y
科大讯飞-地理测试11（北京市海淀区高三第一学期期末练习）,关于图示地区自然地理环境的叙述，正确的是	以温带季风气候为主，气温日、年较差小,关于 图示 地区 自然地理环境 的 叙述 ， 正确 的 是 以 温带季风气候 为主 ， 气温 日 、 年较差 小,P VA NN term DEG NN PU VA DEC VC P term VV PU NN NN PU NN VA,2,1,5,VV/VA,False,P/NN,False,是,的/是,VC,False/False,气温,None,y
科大讯飞-地理测试11（北京市海淀区高三第一学期期末练习）,关于图示地区自然地理环境的叙述，正确的是	嫩江及其支流汛期长，封冻期长,关于 图示 地区 自然地理环境 的 叙述 ， 正确 的 是 嫩江 及 其 支流 汛期 长 ， 封冻期 长,P VA NN term DEG NN PU VA DEC VC loc CC PN NN term VA PU term VA,4,5,4,VA/VA,True,loc/term,False,是,的/是,VC,False/False,封冻期,None,y
科大讯飞-地理测试11（北京市海淀区高三第一学期期末练习）,关于图示地区自然地理环境的叙述，正确的是	山地垂直地带性显著，基带为温带草原带,关于 图示 地区 自然地理环境 的 叙述 ， 正确 的 是 山地 垂直地带性 显著 ， 基带 为 温带草原带,P VA NN term DEG NN PU VA DEC VC term term VA PU NN VC term,0,1,3,VA/term,False,term/NN,False,是,的/是,VC,False/False,基带,None,y
科大讯飞-地理测试11（北京市海淀区高三第一学期期末练习）,关于图示地区自然地理环境的叙述，正确的是	平原面积较大，山脉呈东北—西南走向,关于 图示 地区 自然地理环境 的 叙述 ， 正确 的 是 平原 面积 较 大 ， 山脉 呈 东北 — 西南 走向,P VA NN term DEG NN PU VA DEC VC term NN AD VA PU NN VV NN PU NN NN,2,4,5,VA/NN,False,term/NN,False,是,的/是,VC,False/False,山脉,趋势,y
科大讯飞-地理测试12（北京市西城区2013届高三第一学期期末试卷）,图中河流	a为内流河，b为外流河,图 中 河流 a 为 内流河 ， b 为 外流河,NN LC NN NN VC term PU NN VV term,0,0,1,term/term,True,NN/NN,True,河流,中/河流,NN,False/False,b,None,y
科大讯飞-地理测试12（北京市西城区2013届高三第一学期期末试卷）,该区域农业可持续发展的主要措施是	调整农业结构，合理分配水资源,该 区域 农业 可 持续 发展 的 主要 措施 是 调整 农业 结构 ， 合理 分配 水资源,DT NN NN VV VV VV DEC JJ NN VC VV NN NN PU AD VV NN,0,1,2,NN/NN,True,VV/AD,False,是,措施/是,VC,False/False,合理,None,y
科大讯飞-地理测试12（北京市西城区2013届高三第一学期期末试卷）,该区域农业可持续发展的主要措施是	植树造林，治理水土流失,该 区域 农业 可 持续 发展 的 主要 措施 是 植树 造林 ， 治理 水土流失,DT NN NN VV VV VV DEC JJ NN VC NN NN PU VV NN,0,2,1,NN/NN,True,NN/VV,False,是,措施/是,VC,False/False,治理,None,y
科大讯飞-地理测试12（北京市西城区2013届高三第一学期期末试卷）,关于导致北京遭遇暴雪的天气系统的相关叙述，正确的是	冷锋过境，锋前暖气团湿度较大,关于 导致 北京 遭遇 暴雪 的 天气 系统 的 相关 叙述 ， 正确 的 是 冷锋 过境 ， 锋前 暖气团 湿度 较 大,P VV loc VV NN DEG NN NN DEG JJ NN PU VA DEC VC term VV PU JJ NN NN AD VA,3,5,5,VV/VA,False,term/JJ,False,是,的/是,VC,False/False,锋前,None,n
科大讯飞-地理测试12（北京市西城区2013届高三第一学期期末试卷）,关于导致北京遭遇暴雪的天气系统的相关叙述，正确的是	受准静止锋影响，形成持续降水,关于 导致 北京 遭遇 暴雪 的 天气 系统 的 相关 叙述 ， 正确 的 是 受 准静止锋 影响 ， 形成 持续 降水,P VV loc VV NN DEG NN NN DEG JJ NN PU VA DEC VC VV term NN PU VV JJ NN,0,1,1,NN/NN,True,VV/VV,True,是,的/是,VC,False/False,形成,因果,n
科大讯飞-地理测试12（北京市西城区2013届高三第一学期期末试卷）,关于导致北京遭遇暴雪的天气系统的相关叙述，正确的是	受下沉气流影响，降水较多,关于 导致 北京 遭遇 暴雪 的 天气 系统 的 相关 叙述 ， 正确 的 是 受 下沉 气流 影响 ， 降水 较 多,P VV loc VV NN DEG NN NN DEG JJ NN PU VA DEC VC VV NN NN NN PU NN AD VA,1,3,3,NN/VA,False,VV/NN,False,是,的/是,VC,False/False,降水,None,y
科大讯飞-地理测试12（北京市西城区2013届高三第一学期期末试卷）,关于导致北京遭遇暴雪的天气系统的相关叙述，正确的是	受台风影响，形成暴雪,关于 导致 北京 遭遇 暴雪 的 天气 系统 的 相关 叙述 ， 正确 的 是 受 台风 影响 ， 形成 暴雪,P VV loc VV NN DEG NN NN DEG JJ NN PU VA DEC VC VV term NN PU VV NN,1,1,1,NN/NN,True,VV/VV,True,是,的/是,VC,False/False,形成,因果,n
科大讯飞-地理测试12（北京市西城区2013届高三第一学期期末试卷）,目前，改善我国能源现状的可行性措施是	以煤炭代替石油，提高能源自给率,目前 ， 改善 我国 能源 现状 的 可行性 措施 是 以 煤炭 代替 石油 ， 提高 能源 自给率,NT PU VV NN NN NN DEC NN NN VC P NN VV NN PU VV NN NN,1,0,2,NN/NN,True,P/VV,False,是,措施/是,VC,False/False,提高,趋势,y
科大讯飞-地理测试12（北京市西城区2013届高三第一学期期末试卷）,黑龙江省和西藏自治区沼泽湿地成因的相似之处是	降水丰富，集中于夏季,黑龙江省 和 西藏自治区 沼泽 湿地 成因 的 相似 之 处 是 降水 丰富 ， 集中 于 夏季,loc CC loc term term NN DEG VA DEC NN VC VV VA PU VV P time,1,1,2,VA/time,False,VV/VV,True,是,处/是,VC,False/False,集中,趋势,y
科大讯飞-地理测试12（北京市西城区2013届高三第一学期期末试卷）,黑龙江省和西藏自治区沼泽湿地成因的相似之处是	气温低，蒸发微弱,黑龙江省 和 西藏自治区 沼泽 湿地 成因 的 相似 之 处 是 气温 低 ， 蒸发 微弱,loc CC loc term term NN DEG VA DEC NN VC NN VA PU VV VA,0,1,1,VA/VA,True,NN/VV,False,是,处/是,VC,False/False,蒸发,None,y
科大讯飞-地理测试12（北京市西城区2013届高三第一学期期末试卷）,黑龙江省和西藏自治区沼泽湿地成因的相似之处是	冰雪覆盖，有利于下渗,黑龙江省 和 西藏自治区 沼泽 湿地 成因 的 相似 之 处 是 冰雪 覆盖 ， 有利于 下渗,loc CC loc term term NN DEG VA DEC NN VC NN VV PU VV VV,0,1,1,VV/VV,True,NN/VV,False,是,处/是,VC,False/False,有利于,因果,n
科大讯飞-地理测试12（北京市西城区2013届高三第一学期期末试卷）,黑龙江省和西藏自治区沼泽湿地成因的相似之处是	地势低平，排水不畅,黑龙江省 和 西藏自治区 沼泽 湿地 成因 的 相似 之 处 是 地势 低平 ， 排水 不 畅,loc CC loc term term NN DEG VA DEC NN VC NN VA PU VV AD VA,1,0,2,VA/VA,True,NN/VV,False,是,处/是,VC,False/False,排水,None,y
科大讯飞-地理测试12（北京市西城区2013届高三第一学期期末试卷）,下列关于两地湿地变化的原因和影响的叙述，不正确的是	黑龙江湿地大幅减少，主要是由于农业基地的开发,下列 关于 两 地 湿地 变化 的 原因 和 影响 的 叙述 ， 不 正确 的 是 黑龙江湿地 大幅 减少 ， 主要 是 由于 农业 基地 的 开发,JJ P CD NN term NN DEG NN CC NN DEG NN PU AD VA DEC VC loc AD VV PU AD VC P NN NN DEG NN,4,3,7,VV/NN,False,loc/AD,False,是,的/是,VC,False/False,主要,因果,n
