编号,文本,拆分信息,时间,地点,术语,数量词,（粗粒度）分词,（细粒度）分词,词性,成分分析,简化模板,完整模板,简化模板线索词,完整模板线索词,简化模板类型,完整模板类型,（auto）时间,（auto）地点,（auto粗粒度）分词,（auto细粒度）分词,（auto）词性,（auto）成分分析
1-A,图中	甲属于地质地貌景观类型,None,,,4 5,,图 中 甲 属于 地质 地貌 景观 类型,图 中 甲 属于 地质 地貌 景观 类型,NN LC NN VV term term NN NN,,,,,,,,,,图 中甲 属于 地质 地貌 景观 类型,图 中甲 属于 地质 地貌 景观 类型,NN LC NR VV term term NN NN,( (IP (NP (LCP (NP (NN 图)) (LC 中)) (NP (NN 甲))) (VP (VV 属于) (NP (NP (NN 地质) (NN 地貌) (NN 景观)) (NP (NN 类型))))) )
1-B,图中	乙因其科学价值而吸引游客,None,,,,,图 中 乙 因 其 科学 价值 而 吸引 游客,图 中 乙 因 其 科学 价值 而 吸引 游客,NN LC NN P PN NN NN MSP VV NN,,,,,,,,,,图 中乙 因 其 科学 价值 而 吸引 游客,图 中乙 因 其 科学 价值 而 吸引 游客,NN LC NR P PN NN NN MSP VV NN,( (IP (NP (LCP (NP (NN 图)) (LC 中)) (NP (NN 乙))) (VP (PP (P 因) (NP (NP (PN 其)) (NP (NN 科学) (NN 价值)))) (VP (MSP 而) (VP (VV 吸引) (NP (NN 游客)))))) )
1-C,图中	丙的观赏需洞悉文化定位,None,,,,,图 中 丙 的 观赏 需 洞悉 文化 定位,图 中 丙 的 观赏 需 洞悉 文化 定位,NN LC NN DEG NN VV VV NN NN,,,,,,,,,,图 中丙 的 观赏 需 洞悉 文化 定位,图 中丙 的 观赏 需 洞悉 文化 定位,NN LC VA DEC VV VV VV NN NN,( (IP (NP (DNP (NP (LCP (NP (NN 图)) (LC 中)) (NP (NN 丙))) (DEG 的)) (NP (NN 观赏))) (VP (VV 需) (VP (VV 洞悉) (NP (NN 文化) (NN 定位))))) )
1-D,图中	丁是世界自然、文化双遗产,None,,,,,图 中 丁 是 世界 自然 、 文化 双 遗产,图 中 丁 是 世界 自然 、 文化 双 遗产,NN LC NN VC NN NN PU NN CD NN,,,,,,,,,,图 中丁 是 世界 自然 、 文化 双遗产,图 中丁 是 世界 自然 、 文化 双遗产,NN LC NR VC NN NN PU NN CD NN,( (IP (NP (LCP (NP (NN 图)) (LC 中)) (NP (NN 丁))) (VP (VC 是) (NP (NP (NP (NN 世界)) (NP (NN 自然) (PU 、) (NN 文化))) (QP (CD 双)) (NP (NN 遗产))))) )
2-A,图中	①山脉是我国地势第一、二级阶梯分界线,None,,,,,图 中 ① 山脉 是 我国 地势 第一 、 二 级 阶梯 分界线,图 中 ① 山脉 是 我国 地势 第一 、 二 级 阶梯 分界线,NN LC NN NN VC NN NN OD PU CD M NN NN,,,,,,,,,,图 中 ① 山脉 是 我国 地势 第一 、 二级 阶梯 分界 线,图 中 ① 山脉 是 我国 地势 第一 、 二级 阶梯 分界 线,NN LC VV NN VC NR NN OD PU JJ NN NN NN,( (IP (NP (LCP (NP (NN 图)) (LC 中)) (NP (NN ①) (NN 山脉))) (VP (VC 是) (NP (NP (NN 我国) (NN 地势)) (QP (OD 第一) (PU 、) (QP (CD 二) (CLP (M 级)))) (NP (NN 阶梯) (NN 分界线))))) )
2-B,图中	②山脉是我国湿润区和半湿润区的分界线,None,,,,,图 中 ② 山脉 是 我国 湿润 区 和 半湿润 区 的 分界线,图 中 ② 山脉 是 我国 湿润 区 和 半湿润 区 的 分界线,NN LC NN NN VC NN JJ NN CC JJ NN DEG NN,,,,,,,,,,图 中 ② 山脉 是 我国 湿润区 和 半湿润 区 的 分界 线,图 中 ② 山脉 是 我国 湿润区 和 半湿润 区 的 分界 线,NN LC VV NN VC NR VV NN CC NN NN DEG NN NN,( (IP (NP (LCP (NP (NN 图)) (LC 中)) (NP (NN ②) (NN 山脉))) (VP (VC 是) (NP (DNP (NP (NP (NN 我国)) (NP (NP (ADJP (JJ 湿润)) (NP (NN 区))) (CC 和) (NP (ADJP (JJ 半湿润)) (NP (NN 区))))) (DEG 的)) (NP (NN 分界线))))) )
2-C,图中	③平原灌溉便利，可扩大双季稻种植面积,y,,,3,,图 中 ③ 平原 灌溉 便利 ， 可 扩大 双季稻 种植 面积,图 中 ③ 平原 灌溉 便利 ， 可 扩大 双季稻 种植 面积,NN LC NN term VV VA PU VV VV NN NN NN,,,,,,,,,,图 中 ③ 平原 灌溉 便利 ， 可 扩大 双季稻 种植 面积,图 中 ③ 平原 灌溉 便利 ， 可 扩大 双季稻 种植 面积,NN LC VV term NN NN PU VV VV NN NN NN,( (IP (IP (LCP (NP (NN 图)) (LC 中)) (NP (NN ③) (NN 平原)) (VP (VP (VV 灌溉)) (VP (VA 便利)))) (PU ，) (IP (VP (VV 可) (VP (VV 扩大) (NP (NN 双季稻) (NN 种植) (NN 面积)))))) )
2-C-0,图中	③平原灌溉便利,ed-ori,,,3,,图 中 ③ 平原 灌溉 便利,图 中 ③ 平原 灌溉 便利,NN LC NN term VV VA,,,,,,,,,,图 中 ③ 平原 灌溉 便利,图 中 ③ 平原 灌溉 便利,NN LC VV term NN NN,( (IP (LCP (NP (NN 图)) (LC 中)) (NP (NN ③) (NN 平原)) (VP (VP (VV 灌溉)) (VP (VA 便利)))) )
2-C-1,图中	③平原可扩大双季稻种植面积,ed-mod,,,3,,图 中 ③ 平原 可 扩大 双季稻 种植 面积,图 中 ③ 平原 可 扩大 双季稻 种植 面积,NN LC NN term VV VV NN NN NN,,,,,,,,,,图 中 ③ 平原 可 扩大 双季稻 种植 面积,图 中 ③ 平原 可 扩大 双季稻 种植 面积,NN LC VV term VV VV NN NN NN,( (IP (NP (LCP (NP (NN 图)) (LC 中)) (NP (NN ③) (NN 平原))) (VP (VV 可) (VP (VV 扩大) (NP (NN 双季稻) (NN 种植) (NN 面积))))) )
2-D,图中	④高原旱灾频发，应大规模发展畜牧业,y,,,3 4,,图 中 ④ 高原 旱灾 频发 ， 应 大规模 发展 畜牧业,图 中 ④ 高原 旱灾 频发 ， 应 大规模 发展 畜牧业,NN LC NN term term VV PU VV AD VV NN,,,,,,,,,,图 中 ④ 高原 旱灾 频发 ， 应 大规模 发展 畜牧 业,图 中 ④ 高原 旱灾 频发 ， 应 大规模 发展 畜牧 业,NN LC NR term term VV PU VV JJ NN NN NN,( (IP (IP (NP (LCP (NP (NN 图)) (LC 中)) (NP (NN ④) (NN 高原))) (NP (NN 旱灾)) (VP (VV 频发))) (PU ，) (VP (VV 应) (VP (ADVP (AD 大规模)) (VP (VV 发展) (NP (NN 畜牧业)))))) )
2-D-0,图中	④高原旱灾频发,ed-ori,,,3 4,,图 中 ④ 高原 旱灾 频发,图 中 ④ 高原 旱灾 频发,NN LC NN term term VV,,,,,,,,,,图 中 ④ 高原 旱灾 频发,图 中 ④ 高原 旱灾 频发,NN LC NR term term VV,( (IP (NP (LCP (NP (NN 图)) (LC 中)) (NP (NN ④) (NN 高原))) (NP (NN 旱灾)) (VP (VV 频发))) )
2-D-1,图中	④高原应大规模发展畜牧业,ed-mod,,,3,,图 中 ④ 高原 应 大规模 发展 畜牧业,图 中 ④ 高原 应 大规模 发展 畜牧业,NN LC NN term VV AD VV NN,,,,,,,,,,图 中 ④ 高原 应 大规模 发展 畜牧 业,图 中 ④ 高原 应 大规模 发展 畜牧 业,NN LC VV term VV JJ NN NN NN,( (IP (NP (LCP (NP (NN 图)) (LC 中)) (NP (NN ④) (NN 高原))) (VP (VV 应) (VP (ADVP (AD 大规模)) (VP (VV 发展) (NP (NN 畜牧业)))))) )
3-A,黄土高原地区	加大能源开发，是区域可持续发展的根本措施,n,,0,,,黄土高原地区 加大 能源 开发 ， 是 区域 可 持续 发展 的 根本 措施,黄土 高原 地区 加大 能源 开发 ， 是 区域 可 持续 发展 的 根本 措施,loc VV NN NN PU VC NN VV VV VV DEC NN NN,,,,,,,,,,黄土高原 地区 加大 能源 开发 ， 是 区域 可 持续 发展 的 根本 措施,黄土高原 地区 加大 能源 开发 ， 是 区域 可 持续 发展 的 根本 措施,loc VV NN NN PU VC NN VV VV VV DEC NN NN,( (IP (NP (NR 黄土高原地区)) (VP (VP (VV 加大) (NP (NN 能源) (NN 开发))) (PU ，) (VP (VC 是) (NP (NP (NN 区域)) (CP (IP (VP (VV 可) (VP (VV 持续) (VP (VV 发展))))) (DEC 的)) (NP (NN 根本) (NN 措施)))))) )
3-B,黄土高原地区	扩大开垦荒地，利于提高农业机械化水平,n,,0,,,黄土高原地区 扩大 开垦 荒地 ， 利于 提高 农业 机械化 水平,黄土 高原 地区 扩大 开垦 荒地 ， 利于 提高 农业 机械化 水平,loc VV VV NN PU VV VV NN NN NN,,,,,,,,,,黄土高原 地区 扩大 开垦 荒地 ， 利于 提高 农业 机械化 水平,黄土高原 地区 扩大 开垦 荒地 ， 利于 提高 农业 机械化 水平,loc VV VV NN PU VV VV NN NN NN,( (IP (NP (NR 黄土高原地区)) (VP (VV 扩大) (IP (VP (VP (VV 开垦) (NP (NN 荒地))) (PU ，) (VP (VV 利于) (IP (VP (VV 提高) (NP (NN 农业) (NN 机械化) (NN 水平))))))))) )
3-C,黄土高原地区	保持传统耕作技术，有助于提高环境承载力,n,,0,8,,黄土高原地区 保持 传统 耕作 技术 ， 有助于 提高 环境承载力,黄土 高原 地区 保持 传统 耕作 技术 ， 有助于 提高 环境 承载力,loc VV JJ NN NN PU VV VV term,,,,,,,,,,黄土高原 地区 保持 传统 耕作 技术 ， 有助于 提高 环境承载力,黄土高原 地区 保持 传统 耕作 技术 ， 有助于 提高 环境承载力,loc VV JJ NN NN PU VV VV term,( (IP (NP (NR 黄土高原地区)) (VP (VP (VV 保持) (NP (ADJP (JJ 传统)) (NP (NN 耕作) (NN 技术)))) (PU ，) (VP (VV 有助于) (IP (VP (VV 提高) (NP (NN 环境承载力))))))) )
3-D,黄土高原地区	开展小流域综合治理，利于充分利用水土资源,n,,0,,,黄土高原地区 开展 小 流域 综合 治理 ， 利于 充分 利用 水土 资源,黄土 高原 地区 开展 小 流域 综合 治理 ， 利于 充分 利用 水土 资源,loc VV JJ NN JJ NN PU VV AD VV NN NN,,,,,,,,,,黄土高原 地区 开展 小 流域 综合 治理 ， 利于 充分 利用 水土 资源,黄土高原 地区 开展 小 流域 综合 治理 ， 利于 充分 利用 水土 资源,loc term JJ NN JJ NN PU VV AD VV NN NN,( (IP (NP (NR 黄土高原地区)) (VP (VP (VV 开展) (NP (NP (ADJP (JJ 小)) (NP (NN 流域))) (ADJP (JJ 综合)) (NP (NN 治理)))) (PU ，) (VP (VV 利于) (VP (ADVP (AD 充分)) (VP (VV 利用) (NP (NN 水土) (NN 资源))))))) )
4-A,清江流域洪涝灾害多发的主要原因是	支流少，流域面积广,y,,0,1,,清江流域 洪涝 灾害 多发 的 主要 原因 是 支流 少 ， 流域 面积 广,清江 流域 洪涝 灾害 多发 的 主要 原因 是 支流 少 ， 流域 面积 广,loc term NN VA DEC JJ NN VC NN VA PU NN NN VA,,,,,,,,,,清江 流域 洪涝 灾害 多发 的 主要 原因 是 支流 少 ， 流域 面积 广,清江 流域 洪涝 灾害 多发 的 主要 原因 是 支流 少 ， 流域 面积 广,loc term NN VA DEC JJ NN VC NN VA PU NN NN VA,( (IP (NP (NP (NR 清江流域)) (NP (NN 洪涝) (NN 灾害)) (CP (IP (VP (VA 多发))) (DEC 的)) (ADJP (JJ 主要)) (NP (NN 原因))) (VP (VC 是) (IP (IP (NP (NN 支流)) (VP (VA 少))) (PU ，) (IP (NP (NN 流域) (NN 面积)) (VP (VA 广)))))) )
4-A-0,清江流域洪涝灾害多发的主要原因是	支流少,ed-ori,,0,1,,清江流域 洪涝 灾害 多发 的 主要 原因 是 支流 少,清江 流域 洪涝 灾害 多发 的 主要 原因 是 支流 少,loc term NN VA DEC JJ NN VC NN VA,,,,,,,,,,清江 流域 洪涝 灾害 多发 的 主要 原因 是 支流 少,清江 流域 洪涝 灾害 多发 的 主要 原因 是 支流 少,loc term NN VA DEC JJ NN VC NN VA,( (IP (NP (NP (NR 清江流域)) (NP (NN 洪涝) (NN 灾害))) (NP (CP (IP (VP (VA 多发))) (DEC 的)) (ADJP (JJ 主要)) (NP (NN 原因))) (VP (VC 是) (IP (NP (NN 支流)) (VP (VA 少))))) )
4-A-1,清江流域洪涝灾害多发的主要原因是	流域面积广,ed-ori,,0,1,,清江流域 洪涝 灾害 多发 的 主要 原因 是 流域 面积 广,清江 流域 洪涝 灾害 多发 的 主要 原因 是 流域 面积 广,loc term NN VA DEC JJ NN VC NN NN VA,,,,,,,,,,清江 流域 洪涝 灾害 多发 的 主要 原因 是 流域 面积 广,清江 流域 洪涝 灾害 多发 的 主要 原因 是 流域 面积 广,loc term NN VA DEC JJ NN VC NN NN VA,( (IP (NP (NP (NR 清江流域)) (NP (NN 洪涝) (NN 灾害)) (CP (IP (VP (VA 多发))) (DEC 的)) (ADJP (JJ 主要)) (NP (NN 原因))) (VP (VC 是) (IP (NP (NN 流域) (NN 面积)) (VP (VA 广))))) )
4-B,清江流域洪涝灾害多发的主要原因是	降水多，季节变化大,y,,0,1,,清江流域 洪涝 灾害 多发 的 主要 原因 是 降水 多 ， 季节 变化 大,清江 流域 洪涝 灾害 多发 的 主要 原因 是 降水 多 ， 季节 变化 大,loc term NN VA DEC JJ NN VC VV VA PU NN NN VA,,,,,,,,,,清江 流域 洪涝 灾害 多发 的 主要 原因 是 降水 多 ， 季节 变化 大,清江 流域 洪涝 灾害 多发 的 主要 原因 是 降水 多 ， 季节 变化 大,loc term NN VA DEC JJ NN VC VV VA PU NN NN VA,( (IP (NP (NP (NR 清江流域)) (NP (NN 洪涝) (NN 灾害))) (IP (IP (NP (CP (IP (VP (VA 多发))) (DEC 的)) (ADJP (JJ 主要)) (NP (NN 原因))) (VP (VC 是) (VP (VRD (VV 降水) (VA 多))))) (PU ，) (IP (NP (NN 季节) (NN 变化)) (VP (VA 大))))) )
4-B-0,清江流域洪涝灾害多发的主要原因是	降水多,ed-ori,,0,1,,清江流域 洪涝 灾害 多发 的 主要 原因 是 降水 多,清江 流域 洪涝 灾害 多发 的 主要 原因 是 降水 多,loc term NN VA DEC JJ NN VC VV VA,,,,,,,,,,清江 流域 洪涝 灾害 多发 的 主要 原因 是 降水 多,清江 流域 洪涝 灾害 多发 的 主要 原因 是 降水 多,loc term NN VA DEC JJ NN VC VV VA,( (IP (NP (NP (NR 清江流域)) (NP (NN 洪涝) (NN 灾害))) (NP (CP (IP (VP (VA 多发))) (DEC 的)) (ADJP (JJ 主要)) (NP (NN 原因))) (VP (VC 是) (VP (VP (VV 降水)) (VP (VA 多))))) )
4-B-1,清江流域洪涝灾害多发的主要原因是	降水季节变化大,ed-mod,,0,1,,清江流域 洪涝 灾害 多发 的 主要 原因 是 降水 季节 变化 大,清江 流域 洪涝 灾害 多发 的 主要 原因 是 降水 季节 变化 大,loc term NN VA DEC JJ NN VC NN NN NN VA,,,,,,,,,,清江 流域 洪涝 灾害 多发 的 主要 原因 是 降水 季节 变化 大,清江 流域 洪涝 灾害 多发 的 主要 原因 是 降水 季节 变化 大,loc term NN VA DEC JJ NN VC VV NN NN VA,( (IP (NP (NP (NP (NR 清江流域)) (NP (NN 洪涝) (NN 灾害))) (CP (IP (VP (VA 多发))) (DEC 的)) (ADJP (JJ 主要)) (NP (NN 原因))) (VP (VC 是) (IP (NP (NN 降水)) (NP (NN 季节) (NN 变化)) (VP (VA 大))))) )
4-C,清江流域洪涝灾害多发的主要原因是	地势低平，排水不畅,y,,0,1,,清江流域 洪涝 灾害 多发 的 主要 原因 是 地势 低平 ， 排水 不 畅,清江 流域 洪涝 灾害 多发 的 主要 原因 是 地势 低平 ， 排水 不 畅,loc term NN VA DEC JJ NN VC NN VA PU VV AD VA,,,,,,,,,,清江 流域 洪涝 灾害 多发 的 主要 原因 是 地势 低平 ， 排水 不 畅,清江 流域 洪涝 灾害 多发 的 主要 原因 是 地势 低平 ， 排水 不 畅,loc term NN VA DEC JJ NN VC NN VA PU VV AD VA,( (IP (NP (NP (NR 清江流域)) (NP (NN 洪涝) (NN 灾害)) (CP (IP (VP (VA 多发))) (DEC 的)) (ADJP (JJ 主要)) (NP (NN 原因))) (VP (VC 是) (IP (IP (NP (NN 地势)) (VP (VA 低平))) (PU ，) (IP (IP (VP (VV 排水))) (VP (ADVP (AD 不)) (VP (VA 畅))))))) )
4-C-0,清江流域洪涝灾害多发的主要原因是	地势低平,ed-ori,,0,1,,清江流域 洪涝 灾害 多发 的 主要 原因 是 地势 低平,清江 流域 洪涝 灾害 多发 的 主要 原因 是 地势 低平,loc term NN VA DEC JJ NN VC NN VA,,,,,,,,,,清江 流域 洪涝 灾害 多发 的 主要 原因 是 地势 低平,清江 流域 洪涝 灾害 多发 的 主要 原因 是 地势 低平,loc term NN VA DEC JJ NN VC NN VA,( (IP (NP (NP (NR 清江流域)) (NP (NN 洪涝) (NN 灾害))) (NP (CP (IP (VP (VA 多发))) (DEC 的)) (ADJP (JJ 主要)) (NP (NN 原因))) (VP (VC 是) (IP (NP (NN 地势)) (VP (VA 低平))))) )
4-C-1,清江流域洪涝灾害多发的主要原因是	排水不畅,ed-ori,,0,1,,清江流域 洪涝 灾害 多发 的 主要 原因 是 排水 不 畅,清江 流域 洪涝 灾害 多发 的 主要 原因 是 排水 不 畅,loc term NN VA DEC JJ NN VC NN AD VA,,,,,,,,,,清江 流域 洪涝 灾害 多发 的 主要 原因 是 排水 不 畅,清江 流域 洪涝 灾害 多发 的 主要 原因 是 排水 不 畅,loc term NN VA DEC JJ NN VC NN AD VA,( (IP (NP (NP (NR 清江流域)) (NP (NN 洪涝) (NN 灾害)) (CP (IP (VP (VA 多发))) (DEC 的)) (ADJP (JJ 主要)) (NP (NN 原因))) (VP (VC 是) (IP (NP (NN 排水)) (VP (ADVP (AD 不)) (VP (VA 畅)))))) )
4-D,清江流域洪涝灾害多发的主要原因是	落差大，多曲流,y,,0,1,,清江流域 洪涝 灾害 多发 的 主要 原因 是 落差 大 ， 多 曲流,清江 流域 洪涝 灾害 多发 的 主要 原因 是 落差 大 ， 多 曲流,loc term NN VA DEC JJ NN VC NN VA PU JJ NN,,,,,,,,,,清江 流域 洪涝 灾害 多发 的 主要 原因 是 落差 大 ， 多曲 流,清江 流域 洪涝 灾害 多发 的 主要 原因 是 落差 大 ， 多曲 流,loc term NN VA DEC JJ NN VC NN VA PU AD NN,( (IP (NP (NP (NR 清江流域)) (NP (NN 洪涝) (NN 灾害)) (CP (IP (VP (VA 多发))) (DEC 的)) (ADJP (JJ 主要)) (NP (NN 原因))) (VP (VC 是) (UCP (IP (NP (NN 落差)) (VP (VA 大))) (PU ，) (NP (ADJP (JJ 多)) (NP (NN 曲流)))))) )
4-D-0,清江流域洪涝灾害多发的主要原因是	落差大,ed-ori,,0,1,,清江流域 洪涝 灾害 多发 的 主要 原因 是 落差 大,清江 流域 洪涝 灾害 多发 的 主要 原因 是 落差 大,loc term NN VA DEC JJ NN VC VV JJ,,,,,,,,,,清江 流域 洪涝 灾害 多发 的 主要 原因 是 落差 大,清江 流域 洪涝 灾害 多发 的 主要 原因 是 落差 大,loc term NN VA DEC JJ NN VC VV JJ,( (IP (NP (NP (NR 清江流域)) (NP (NN 洪涝) (NN 灾害))) (NP (CP (IP (VP (VA 多发))) (DEC 的)) (ADJP (JJ 主要)) (NP (NN 原因))) (VP (VC 是) (VP (VV 落差) (ADVP (JJ 大))))) )
4-D-1,清江流域洪涝灾害多发的主要原因是	多曲流,ed-ori,,0,1,,清江流域 洪涝 灾害 多发 的 主要 原因 是 多 曲流,清江 流域 洪涝 灾害 多发 的 主要 原因 是 多曲 流,loc term NN VA DEC JJ NN VC JJ NN,,,,,,,,,,清江 流域 洪涝 灾害 多发 的 主要 原因 是 多曲 流,清江 流域 洪涝 灾害 多发 的 主要 原因 是 多曲 流,loc term NN VA DEC JJ NN VC AD VA,( (IP (NP (NP (NR 清江流域)) (NP (NN 洪涝) (NN 灾害))) (NP (CP (IP (VP (VA 多发))) (DEC 的)) (ADJP (JJ 主要)) (NP (NN 原因))) (VP (VC 是) (NP (ADJP (JJ 多)) (NP (NN 曲流))))) )
5-A,清江流域的综合开发	实行梯级开发，实现全流域通航,y,,0,,,清江流域 的 综合 开发 实行 梯级 开发 ， 实现 全 流域 通航,清江 流域 的 综合 开发 实行 梯级 开发 ， 实现 全 流域 通航,loc DEG JJ NN VV NN NN PU VV DT NN NN,,,,,,,,,,清江 流域 的 综合 开发 实行 梯级 开发 ， 实现 全 流域 通航,清江 流域 的 综合 开发 实行 梯级 开发 ， 实现 全 流域 通航,loc DEG JJ NN VV NN NN PU VV DT NN NN,( (IP (NP (DNP (NP (NR 清江流域)) (DEG 的)) (ADJP (JJ 综合)) (NP (NN 开发))) (VP (VP (VV 实行) (NP (NN 梯级) (NN 开发))) (PU ，) (VP (VV 实现) (NP (NP (DP (DT 全)) (NP (NN 流域))) (NP (NN 通航)))))) )
5-A-0,清江流域的综合开发	实行梯级开发,ed-ori,,0,,,清江流域 的 综合 开发 实行 梯级 开发,清江 流域 的 综合 开发 实行 梯级 开发,loc DEG JJ NN VV NN NN,,,,,,,,,,清江 流域 的 综合 开发 实行 梯级 开发,清江 流域 的 综合 开发 实行 梯级 开发,loc DEG JJ NN VV NN NN,( (IP (NP (DNP (NP (NR 清江流域)) (DEG 的)) (ADJP (JJ 综合)) (NP (NN 开发))) (VP (VV 实行) (NP (NN 梯级) (NN 开发)))) )
5-A-1,清江流域的综合开发	实现全流域通航,ed-ori,,0,,,清江流域 的 综合 开发 实现 全 流域 通航,清江 流域 的 综合 开发 实现 全 流域 通航,loc DEG JJ NN VV DT NN NN,,,,,,,,,,清江 流域 的 综合 开发 实现 全 流域 通航,清江 流域 的 综合 开发 实现 全 流域 通航,loc DEG JJ NN VV DT NN NN,( (IP (NP (DNP (NP (NR 清江流域)) (DEG 的)) (ADJP (JJ 综合)) (NP (NN 开发))) (VP (VV 实现) (NP (NP (DP (DT 全)) (NP (NN 流域))) (NP (NN 通航))))) )
5-B,清江流域的综合开发	修建水利工程，为工业发展提供原料,y,,0,,,清江流域 的 综合 开发 修建 水利 工程 ， 为 工业 发展 提供 原料,清江 流域 的 综合 开发 修建 水利 工程 ， 为 工业 发展 提供 原料,loc DEG JJ NN VV NN NN PU P NN NN VV NN,,,,,,,,,,清江 流域 的 综合 开发 修建 水利 工程 ， 为 工业 发展 提供 原料,清江 流域 的 综合 开发 修建 水利 工程 ， 为 工业 发展 提供 原料,loc DEG JJ NN VV NN NN PU P NN NN VV NN,( (IP (NP (DNP (NP (NR 清江流域)) (DEG 的)) (ADJP (JJ 综合)) (NP (NN 开发))) (VP (VP (VV 修建) (NP (NN 水利) (NN 工程))) (PU ，) (VP (PP (P 为) (NP (NN 工业) (NN 发展))) (VP (VV 提供) (NP (NN 原料)))))) )
5-B-0,清江流域的综合开发	修建水利工程,ed-ori,,0,,,清江流域 的 综合 开发 修建 水利 工程,清江 流域 的 综合 开发 修建 水利 工程,loc DEG JJ NN VV NN NN,,,,,,,,,,清江 流域 的 综合 开发 修建 水利 工程,清江 流域 的 综合 开发 修建 水利 工程,loc DEG JJ NN VV NN NN,( (IP (NP (DNP (NP (NR 清江流域)) (DEG 的)) (ADJP (JJ 综合)) (NP (NN 开发))) (VP (VV 修建) (NP (NN 水利) (NN 工程)))) )
5-B-1,清江流域的综合开发	为工业发展提供原料,ed-ori,,0,,,清江流域 的 综合 开发 为 工业 发展 提供 原料,清江 流域 的 综合 开发 为 工业 发展 提供 原料,loc DEG JJ NN VC NN NN VV NN,,,,,,,,,,清江 流域 的 综合 开发 为 工业 发展 提供 原料,清江 流域 的 综合 开发 为 工业 发展 提供 原料,loc DEG JJ NN VC NN NN VV NN,( (IP (NP (DNP (NP (NR 清江流域)) (DEG 的)) (ADJP (JJ 综合)) (NP (NN 开发))) (VP (VC 为) (IP (NP (NN 工业) (NN 发展)) (VP (VV 提供) (NP (NN 原料)))))) )
5-C,清江流域的综合开发	扩大灌溉面积，发展河谷农业,y,,0,,,清江流域 的 综合 开发 扩大 灌溉 面积 ， 发展 河谷 农业,清江 流域 的 综合 开发 扩大 灌溉 面积 ， 发展 河谷 农业,loc DEG JJ NN VV NN NN PU VV NN NN,,,,,,,,,,清江 流域 的 综合 开发 扩大 灌溉 面积 ， 发展 河谷 农业,清江 流域 的 综合 开发 扩大 灌溉 面积 ， 发展 河谷 农业,loc DEG JJ NN VV NN NN PU VV NN NN,( (IP (NP (DNP (NP (NR 清江流域)) (DEG 的)) (ADJP (JJ 综合)) (NP (NN 开发))) (VP (VP (VV 扩大) (NP (NN 灌溉) (NN 面积))) (PU ，) (VP (VV 发展) (NP (NN 河谷) (NN 农业))))) )
5-C-0,清江流域的综合开发	扩大灌溉面积,ed-ori,,0,,,清江流域 的 综合 开发 扩大 灌溉 面积,清江 流域 的 综合 开发 扩大 灌溉 面积,loc DEG JJ NN VV NN NN,,,,,,,,,,清江 流域 的 综合 开发 扩大 灌溉 面积,清江 流域 的 综合 开发 扩大 灌溉 面积,loc DEG JJ NN VV NN NN,( (IP (NP (DNP (NP (NR 清江流域)) (DEG 的)) (ADJP (JJ 综合)) (NP (NN 开发))) (VP (VV 扩大) (NP (NN 灌溉) (NN 面积)))) )
5-C-1,清江流域的综合开发	发展河谷农业,ed-ori,,0,,,清江流域 的 综合 开发 发展 河谷 农业,清江 流域 的 综合 开发 发展 河谷 农业,loc DEG JJ NN VV NN NN,,,,,,,,,,清江 流域 的 综合 开发 发展 河谷 农业,清江 流域 的 综合 开发 发展 河谷 农业,loc DEG JJ NN NN NN NN,( (IP (NP (DNP (NP (NR 清江流域)) (DEG 的)) (ADJP (JJ 综合)) (NP (NN 开发))) (VP (VV 发展) (NP (NN 河谷) (NN 农业)))) )
5-D,清江流域的综合开发	发展旅游业，促进区域产业结构调整,y,,0,,,清江流域 的 综合 开发 发展 旅游业 ， 促进 区域 产业 结构 调整,清江 流域 的 综合 开发 发展 旅游业 ， 促进 区域 产业 结构 调整,loc DEG JJ NN VV NN PU VV NN NN NN NN,,,,,,,,,,清江 流域 的 综合 开发 发展 旅游业 ， 促进 区域 产业 结构 调整,清江 流域 的 综合 开发 发展 旅游业 ， 促进 区域 产业 结构 调整,loc DEG JJ NN NN NN PU VV NN NN NN NN,( (IP (NP (DNP (NP (NR 清江流域)) (DEG 的)) (ADJP (JJ 综合)) (NP (NN 开发))) (VP (VP (VV 发展) (NP (NN 旅游业))) (PU ，) (VP (VV 促进) (NP (NN 区域) (NN 产业) (NN 结构) (NN 调整))))) )
5-D-0,清江流域的综合开发	发展旅游业,ed-ori,,0,,,清江流域 的 综合 开发 发展 旅游 业,清江 流域 的 综合 开发 发展 旅游 业,loc DEG JJ NN NN NN NN,,,,,,,,,,清江 流域 的 综合 开发 发展 旅游 业,清江 流域 的 综合 开发 发展 旅游 业,loc DEG JJ NN NN NN NN,( (NP (DNP (NP (NR 清江流域)) (DEG 的)) (ADJP (JJ 综合)) (NP (NN 开发) (NN 发展) (NN 旅游)) (NP (NN 业))) )
5-D-1,清江流域的综合开发	促进区域产业结构调整,ed-ori,,0,,,清江流域 的 综合 开发 促进 区域 产业 结构 调整,清江 流域 的 综合 开发 促进 区域 产业 结构 调整,loc DEG JJ NN VV NN NN NN NN,,,,,,,,,,清江 流域 的 综合 开发 促进 区域 产业 结构 调整,清江 流域 的 综合 开发 促进 区域 产业 结构 调整,loc DEG JJ NN VV NN NN NN NN,( (IP (NP (DNP (NP (NR 清江流域)) (DEG 的)) (ADJP (JJ 综合)) (NP (NN 开发))) (VP (VV 促进) (NP (NN 区域) (NN 产业) (NN 结构) (NN 调整)))) )
6-A,各生育期年平均水分亏缺率	空间分布的总趋势由北向南递减,None,,,,,各 生育期 年 平均 水分 亏缺率 空间 分布 的 总趋势 由 北 向 南 递减,各 生育期 年 平均 水分 亏缺率 空间 分布 的 总趋势 由 北 向 南 递减,DT NN JJ JJ NN NN NN NN DEG NN P NN P NN VV,,,,,,,,,,各 生育期 年 平均 水分 亏缺率 空间 分布 的 总趋势 由 北向 南递减,各 生育期 年 平均 水分 亏缺率 空间 分布 的 总趋势 由 北向 南递减,DT NN NN JJ NN NN NN VV DEC NN P NR NR,( (IP (NP (DNP (NP (NP (NP (DP (DT 各)) (NP (NN 生育期))) (ADJP (JJ 年)) (ADJP (JJ 平均)) (NP (NN 水分) (NN 亏缺率))) (NP (NN 空间) (NN 分布))) (DEG 的)) (NP (NN 总趋势))) (VP (PP (PP (P 由) (NP (NN 北))) (PP (P 向) (NP (NN 南)))) (VP (VV 递减)))) )
6-B,各生育期年平均水分亏缺率	四地点变化由大到小排序是d—c—b—a,None,,,,,各 生育期 年 平均 水分 亏缺率 四 地点 变化 由 大 到 小 排序 是 d — c — b — a,各 生育期 年 平均 水分 亏缺率 四 地点 变化 由 大 到 小 排序 是 d— c — b — a,DT NN JJ JJ NN NN CD NN NN P JJ P JJ NN VC NN PU NN PU NN PU NN,,,,,,,,,17 19,各 生育期 年 平均 水分 亏缺 率四 地点 变化 由 大 到 小 排序 是 d— c-b — a,各 生育期 年 平均 水分 亏缺 率四 地点 变化 由 大 到 小 排序 是 d— c-b — a,DT NN NN JJ NN NN NN NN NN P JJ P JJ NN VC VV PU NN PU NR PU NN,( (IP (NP (NP (NP (NP (DP (DT 各)) (NP (NN 生育期))) (ADJP (JJ 年)) (ADJP (JJ 平均)) (NP (NN 水分) (NN 亏缺率))) (QP (CD 四)) (NP (NN 地点))) (NP (NN 变化))) (VP (PP (PP (P 由) (ADJP (JJ 大))) (PP (P 到) (NP (ADJP (JJ 小)) (NP (NN 排序))))) (VP (VC 是) (NP (NN d) (PU —) (NN c) (PU —) (NN b) (PU —) (NN a))))) )
6-C,各生育期年平均水分亏缺率	空间分布的主要影响因素是地形,None,,,,,各 生育期 年 平均 水分 亏缺率 空间 分布 的 主要 影响 因素 是 地形,各 生育期 年 平均 水分 亏缺率 空间 分布 的 主要 影响 因素 是 地形,DT NN JJ JJ NN NN NN NN DEG JJ NN NN VC NN,,,,,,,,,,各 生育期 年 平均 水分 亏缺率 空间 分布 的 主要 影响 因素 是 地形,各 生育期 年 平均 水分 亏缺率 空间 分布 的 主要 影响 因素 是 地形,DT NN NN JJ NN NN NN VV DEC JJ NN NN VC NN,( (IP (NP (NP (DP (DT 各)) (NP (NN 生育期))) (ADJP (JJ 年)) (ADJP (JJ 平均)) (NP (NN 水分) (NN 亏缺率))) (NP (DNP (NP (NN 空间) (NN 分布)) (DEG 的)) (NP (ADJP (JJ 主要)) (NP (NN 影响))) (NP (NN 因素))) (VP (VC 是) (NP (NN 地形)))) )
6-D,各生育期年平均水分亏缺率	反映冬小麦生育期内需水量逐渐变小,None,,,,,各 生育期 年 平均 水分 亏缺率 反映 冬小麦 生育期 内 需水量 逐渐 变小,各 生育期 年 平均 水分 亏缺率 反映 冬小麦 生育期 内 需水量 逐渐 变小,DT NN JJ JJ NN NN VV NN NN LC NN AD VV,,,,,,,,,,各 生育期 年 平均 水分 亏缺率 反映 冬小麦 生育期 内 需水量 逐渐 变小,各 生育期 年 平均 水分 亏缺率 反映 冬小麦 生育期 内 需水量 逐渐 变小,DT NN NN JJ NN NN VV NN NN LC NN AD VV,( (IP (NP (NP (DP (DT 各)) (NP (NN 生育期))) (ADJP (JJ 年)) (ADJP (JJ 平均)) (NP (NN 水分) (NN 亏缺率))) (VP (VV 反映) (IP (LCP (NP (NN 冬小麦) (NN 生育期)) (LC 内)) (NP (NN 需水量)) (VP (ADVP (AD 逐渐)) (VP (VV 变小)))))) )
7-A,东南亚国家吸引中国企业“下南洋”的原因有	地势平坦，适宜橡胶、椰子等作物生长,y,,0 3 7,,,东南亚 国家 吸引 中国 企业 “ 下 南洋 ” 的 原因 有 地势 平坦 ， 适宜 橡胶 、 椰子 等 作物 生长,东南亚 国家 吸引 中国 企业 “ 下 南洋 ” 的 原因 有 地势 平坦 ， 适宜 橡胶 、 椰子 等 作物 生长,loc NN VV loc NN PU VV loc PU DEC NN VE NN VA PU VV NN PU NN ETC NN VV,,,,,,,,,0 3 7,东 南亚 国家 吸引 中国 企业 “ 下南洋 ” 的 原因 有 地势 平坦 ， 适宜 橡胶 、 椰子 等 作物 生长,东南亚 国家 吸引 中国 企业 “ 下 南洋 ” 的 原因 有 地势 平坦 ， 适宜 橡胶 、 椰子 等 作物 生长,loc NN VV loc NN PU VV loc PU DEC NN VE NN NN PU VV NN PU NN ETC NN NN,( (IP (NP (NP (NR 东南亚)) (NP (NN 国家))) (VP (VV 吸引) (NP (NP (NP (NR 中国)) (NP (NN 企业))) (CP (IP (VP (PU “) (VP (VV 下) (NP (NR 南洋))) (PU ”))) (DEC 的)) (NP (NN 原因))) (IP (VP (VP (VE 有) (IP (NP (NN 地势)) (VP (VP (VA 平坦)) (PU ，) (VP (VV 适宜) (NP (NP (NN 橡胶) (PU 、) (NN 椰子) (ETC 等)) (NP (NN 作物))))))) (VP (VV 生长)))))) )
7-A-0,东南亚国家吸引中国企业“下南洋”的原因有	地势平坦,ed-ori,,0 3 7,,,东南亚 国家 吸引 中国 企业 “ 下 南洋 ” 的 原因 有 地势 平坦,东南亚 国家 吸引 中国 企业 “ 下 南洋 ” 的 原因 有 地势 平坦,loc NN VV loc NN PU VV loc PU DEC NN VE NN VA,,,,,,,,,0 3 7,东 南亚 国家 吸引 中国 企业 “ 下南洋 ” 的 原因 有 地势 平坦,东南亚 国家 吸引 中国 企业 “ 下 南洋 ” 的 原因 有 地势 平坦,loc NN VV loc NN PU VV loc PU DEC NN VE NN NN,( (IP (NP (NP (NR 东南亚)) (NP (NN 国家))) (VP (VV 吸引) (NP (NP (NP (NR 中国)) (NP (NN 企业))) (CP (IP (VP (PU “) (VP (VV 下) (NP (NR 南洋))) (PU ”))) (DEC 的)) (NP (NN 原因))) (IP (VP (VE 有) (IP (NP (NN 地势)) (VP (VA 平坦))))))) )
7-A-1,东南亚国家吸引中国企业“下南洋”的原因有	适宜橡胶、椰子等作物生长,ed-ori,,0 3 7,,,东南亚 国家 吸引 中国 企业 “ 下 南洋 ” 的 原因 有 适宜 橡胶 、 椰子 等 作物 生长,东南亚 国家 吸引 中国 企业 “ 下 南洋 ” 的 原因 有 适宜 橡胶 、 椰子 等 作物 生长,loc NN VV loc NN PU VV loc PU DEC NN VE VV NN PU NN ETC NN VV,,,,,,,,,0 3 7,东 南亚 国家 吸引 中国 企业 “ 下南洋 ” 的 原因 有 适宜 橡胶 、 椰子 等 作物 生长,东南亚 国家 吸引 中国 企业 “ 下 南洋 ” 的 原因 有 适宜 橡胶 、 椰子 等 作物 生长,loc NN VV loc NN PU VV loc PU DEC NN VE JJ NN PU NN ETC NN NN,( (IP (NP (NP (NR 东南亚)) (NP (NN 国家))) (VP (VV 吸引) (NP (NP (NP (NR 中国)) (NP (NN 企业))) (CP (IP (VP (PU “) (VP (VV 下) (NP (NR 南洋))) (PU ”))) (DEC 的)) (NP (NN 原因))) (IP (VP (VE 有) (IP (NP (CP (IP (VP (VV 适宜) (NP (NN 橡胶) (PU 、) (NN 椰子) (ETC 等))))) (NP (NN 作物))) (VP (VV 生长))))))) )
7-B,东南亚国家吸引中国企业“下南洋”的原因有	山水相邻，陆路交通比海运更便捷安全,y,,0 3 7,,,东南亚 国家 吸引 中国 企业 “ 下 南洋 ” 的 原因 有 山水 相邻 ， 陆路 交通 比 海运 更 便捷 安全,东南亚 国家 吸引 中国 企业 “ 下 南洋 ” 的 原因 有 山水 相邻 ， 陆路 交通 比 海运 更 便捷 安全,loc NN VV loc NN PU VV loc PU DEC NN VE NN VV PU NN NN P NN AD VA VA,,,,,,,,,0 3 7,东 南亚 国家 吸引 中国 企业 “ 下南洋 ” 的 原因 有 山水 相邻 ， 陆路 交通 比 海运 更 便捷 安全,东南亚 国家 吸引 中国 企业 “ 下 南洋 ” 的 原因 有 山水 相邻 ， 陆路 交通 比 海运 更 便捷 安全,loc NN VV loc NN PU VV loc PU DEC NN VE NN VV PU NN NN P NN AD VA NN,( (IP (IP (NP (NP (NR 东南亚)) (NP (NN 国家))) (VP (VV 吸引) (NP (NP (NP (NR 中国)) (NP (NN 企业))) (CP (IP (VP (PU “) (VP (VV 下) (NP (NR 南洋))) (PU ”))) (DEC 的)) (NP (NN 原因))) (IP (VP (VE 有) (IP (NP (NN 山水)) (VP (VV 相邻))))))) (PU ，) (NP (NN 陆路) (NN 交通)) (VP (PP (P 比) (NP (NN 海运))) (ADVP (AD 更)) (VP (VCD (VA 便捷) (VA 安全))))) )
7-B-0,东南亚国家吸引中国企业“下南洋”的原因有	山水相邻,ed-ori,,0 3 7,,,东南亚 国家 吸引 中国 企业 “ 下 南洋 ” 的 原因 有 山水 相邻,东南亚 国家 吸引 中国 企业 “ 下 南洋 ” 的 原因 有 山水 相邻,loc NN VV loc NN PU VV loc PU DEC NN VE NN VV,,,,,,,,,0 3 7,东 南亚 国家 吸引 中国 企业 “ 下南洋 ” 的 原因 有 山水 相邻,东南亚 国家 吸引 中国 企业 “ 下 南洋 ” 的 原因 有 山水 相邻,loc NN VV loc NN PU VV loc PU DEC NN VE NN VV,( (IP (NP (NP (NR 东南亚)) (NP (NN 国家))) (VP (VV 吸引) (NP (NP (NP (NR 中国)) (NP (NN 企业))) (CP (IP (VP (PU “) (VP (VV 下) (NP (NR 南洋))) (PU ”))) (DEC 的)) (NP (NN 原因))) (IP (VP (VE 有) (IP (NP (NN 山水)) (VP (VV 相邻))))))) )
7-B-1,东南亚国家吸引中国企业“下南洋”的原因有	陆路交通比海运更便捷安全,ed-ori,,0 3 7,,,东南亚 国家 吸引 中国 企业 “ 下 南洋 ” 的 原因 有 陆路 交通 比 海运 更 便捷 安全,东南亚 国家 吸引 中国 企业 “ 下 南洋 ” 的 原因 有 陆路 交通 比 海运 更 便捷 安全,loc NN VV loc NN PU VV loc PU DEC NN VE NN NN P NN AD VA VA,,,,,,,,,0 3 7,东 南亚 国家 吸引 中国 企业 “ 下南洋 ” 的 原因 有 陆路 交通 比 海运 更 便捷 安全,东南亚 国家 吸引 中国 企业 “ 下 南洋 ” 的 原因 有 陆路 交通 比 海运 更 便捷 安全,loc NN VV loc NN PU VV loc PU DEC NN VE NN NN P NN AD VA NN,( (IP (NP (NP (NR 东南亚)) (NP (NN 国家))) (VP (VV 吸引) (NP (NP (NP (NR 中国)) (NP (NN 企业))) (CP (IP (VP (PU “) (VP (VV 下) (NP (NR 南洋))) (PU ”))) (DEC 的)) (NP (NN 原因))) (IP (VP (VE 有) (IP (NP (NN 陆路) (NN 交通)) (VP (PP (P 比) (NP (NN 海运))) (ADVP (AD 更)) (VP (VCD (VA 便捷) (VA 安全))))))))) )
7-C,东南亚国家吸引中国企业“下南洋”的原因有	部分国家土地、劳动力等生产成本低廉,None,,0 3 7,,,东南亚 国家 吸引 中国 企业 “ 下 南洋 ” 的 原因 有 部分 国家 土地 、 劳动力 等 生产 成本 低廉,东南亚 国家 吸引 中国 企业 “ 下 南洋 ” 的 原因 有 部分 国家 土地 、 劳动力 等 生产 成本 低廉,loc NN VV loc NN PU VV loc PU DEC NN VE CD NN NN PU NN ETC NN NN VA,,,,,,,,,0 3 7,东 南亚 国家 吸引 中国 企业 “ 下南洋 ” 的 原因 有 部分 国家 土地 、 劳动力 等 生产 成本 低廉,东南亚 国家 吸引 中国 企业 “ 下 南洋 ” 的 原因 有 部分 国家 土地 、 劳动力 等 生产 成本 低廉,loc NN VV loc NN PU VV loc PU DEC NN VE CD NN NN PU NN ETC NN NN VA,( (IP (NP (NP (NR 东南亚)) (NP (NN 国家))) (VP (VV 吸引) (NP (NP (NP (NR 中国)) (NP (NN 企业))) (CP (IP (VP (PU “) (VP (VV 下) (NP (NR 南洋))) (PU ”))) (DEC 的)) (NP (NN 原因))) (IP (VP (VE 有) (IP (NP (NP (QP (CD 部分)) (NP (NN 国家))) (NP (NN 土地) (PU 、) (NN 劳动力) (ETC 等)) (NP (NN 生产) (NN 成本))) (VP (VA 低廉))))))) )
7-D,东南亚国家吸引中国企业“下南洋”的原因有	城市密集，经济发达，国内外市场广阔,y,,0 3 7,,,东南亚 国家 吸引 中国 企业 “ 下 南洋 ” 的 原因 有 城市 密集 ， 经济 发达 ， 国内外 市场 广阔,东南亚 国家 吸引 中国 企业 “ 下 南洋 ” 的 原因 有 城市 密集 ， 经济 发达 ， 国内外 市场 广阔,loc NN VV loc NN PU VV loc PU DEC NN VE NN VA PU NN VA PU NN NN VA,,,,,,,,,0 3 7,东 南亚 国家 吸引 中国 企业 “ 下南洋 ” 的 原因 有 城市 密集 ， 经济 发达 ， 国内外 市场 广阔,东南亚 国家 吸引 中国 企业 “ 下 南洋 ” 的 原因 有 城市 密集 ， 经济 发达 ， 国内外 市场 广阔,loc NN VV loc NN PU VV loc PU DEC NN VE NN VA PU NN VA PU NN NN VA,( (IP (IP (NP (NP (NR 东南亚)) (NP (NN 国家))) (VP (VV 吸引) (NP (NP (NR 中国)) (NP (NN 企业))) (IP (NP (CP (IP (VP (PU “) (VP (VV 下) (NP (NR 南洋))) (PU ”))) (DEC 的)) (NP (NN 原因))) (VP (VP (VE 有) (NP (NN 城市))) (VP (VA 密集)))))) (PU ，) (IP (NP (NN 经济)) (VP (VA 发达))) (PU ，) (IP (NP (NN 国内外) (NN 市场)) (VP (VA 广阔)))) )
7-D-0,东南亚国家吸引中国企业“下南洋”的原因有	城市密集,ed-ori,,0 3 7,,,东南亚 国家 吸引 中国 企业 “ 下 南洋 ” 的 原因 有 城市 密集,东南亚 国家 吸引 中国 企业 “ 下 南洋 ” 的 原因 有 城市 密集,loc NN VV loc NN PU VV loc PU DEC NN VE NN VA,,,,,,,,,0 3 7,东 南亚 国家 吸引 中国 企业 “ 下南洋 ” 的 原因 有 城市 密集,东南亚 国家 吸引 中国 企业 “ 下 南洋 ” 的 原因 有 城市 密集,loc NN VV loc NN PU VV loc PU DEC NN VE NN VA,( (IP (NP (NP (NR 东南亚)) (NP (NN 国家))) (VP (VV 吸引) (NP (NP (NR 中国)) (NP (NN 企业))) (IP (NP (CP (IP (VP (PU “) (VP (VV 下) (NP (NR 南洋))) (PU ”))) (DEC 的)) (NP (NN 原因))) (VP (VP (VE 有) (NP (NN 城市))) (VP (VA 密集)))))) )
7-D-1,东南亚国家吸引中国企业“下南洋”的原因有	经济发达,ed-ori,,0 3 7,,,东南亚 国家 吸引 中国 企业 “ 下 南洋 ” 的 原因 有 经济 发达,东南亚 国家 吸引 中国 企业 “ 下 南洋 ” 的 原因 有 经济 发达,loc NN VV loc NN PU VV loc PU DEC NN VE NN VA,,,,,,,,,0 3 7,东 南亚 国家 吸引 中国 企业 “ 下南洋 ” 的 原因 有 经济 发达,东南亚 国家 吸引 中国 企业 “ 下 南洋 ” 的 原因 有 经济 发达,loc NN VV loc NN PU VV loc PU DEC NN VE NN VA,( (IP (NP (NP (NR 东南亚)) (NP (NN 国家))) (VP (VV 吸引) (NP (NP (NR 中国)) (NP (NN 企业))) (IP (NP (CP (IP (VP (PU “) (VP (VV 下) (NP (NR 南洋))) (PU ”))) (DEC 的)) (NP (NN 原因))) (VP (VE 有) (IP (NP (NN 经济)) (VP (VA 发达))))))) )
7-D-2,东南亚国家吸引中国企业“下南洋”的原因有	国内外市场广阔,ed-ori,,0 3 7,,,东南亚 国家 吸引 中国 企业 “ 下 南洋 ” 的 原因 有 国内外 市场 广阔,东南亚 国家 吸引 中国 企业 “ 下 南洋 ” 的 原因 有 国内外 市场 广阔,loc NN VV loc NN PU VV loc PU DEC NN VE NN NN VA,,,,,,,,,0 3 7,东 南亚 国家 吸引 中国 企业 “ 下南洋 ” 的 原因 有 国内外 市场 广阔,东南亚 国家 吸引 中国 企业 “ 下 南洋 ” 的 原因 有 国内外 市场 广阔,loc NN VV loc NN PU VV loc PU DEC NN VE NN NN VA,( (IP (NP (NP (NR 东南亚)) (NP (NN 国家))) (VP (VV 吸引) (NP (NP (NP (NR 中国)) (NP (NN 企业))) (CP (IP (VP (PU “) (VP (VV 下) (NP (NR 南洋))) (PU ”))) (DEC 的)) (NP (NN 原因))) (IP (VP (VE 有) (IP (NP (NN 国内外) (NN 市场)) (VP (VA 广阔))))))) )
8-A,马六甲海峡	由亚欧板块和印度洋板块张裂形成,None,,0,2 4,,马六甲海峡 由 亚欧板块 和 印度洋板块 张裂 形成,马六甲 海峡 由 亚欧 板块 和 印度洋 板块 张裂 形成,loc P term CC term VV VV,,,,,,,,,,马 六甲海峡 由 亚欧板块 和 印度洋板块 张裂形成,马六甲海峡 由 亚欧板块 和 印度洋板块 张裂形成,loc P term CC term NR,( (IP (NP (NR 马六甲海峡)) (VP (PP (P 由) (NP (NN 亚欧板块) (CC 和) (NN 印度洋板块))) (VP (VSB (VV 张裂) (VV 形成))))) )
8-B,马六甲海峡	受东南信风影响，该海域风大浪急,n,,0,2,,马六甲海峡 受 东南信风 影响 ， 该 海域 风 大 浪 急,马六甲 海峡 受 东南 信风 影响 ， 该 海域 风 大 浪 急,loc VV term NN PU DT NN NN VA NN VA,,,,,,,,,,马 六甲海峡 受 东南信风 影响 ， 该 海域 风 大浪 急,马六甲海峡 受 东南信风 影响 ， 该 海域 风 大浪 急,loc VV term NN PU DT NN NN JJ NN VA,( (IP (NP (NR 马六甲海峡)) (VP (VV 受) (IP (NP (NN 东南信风) (NN 影响)) (PU ，) (NP (DP (DT 该)) (NP (NN 海域))) (IP (IP (NP (NN 风)) (VP (VA 大))) (IP (NP (NN 浪)) (VP (VA 急))))))) )
8-C,马六甲海峡	沟通两大洋，是海上航运的重要通道,y,,0,,,马六甲海峡 沟通 两 大洋 ， 是 海上 航运 的 重要 通道,马六甲 海峡 沟通 两 大洋 ， 是 海上 航运 的 重要 通道,loc VV CD NN PU VC NN NN DEG JJ NN,,,,,,,,,,马 六甲海峡 沟通 两 大洋 ， 是 海上 航运 的 重要 通道,马六甲海峡 沟通 两 大洋 ， 是 海上 航运 的 重要 通道,loc VV CD NN PU VC NN NN DEG JJ NN,( (IP (NP (NR 马六甲海峡)) (VP (VP (VV 沟通) (NP (QP (CD 两)) (NP (NN 大洋)))) (PU ，) (VP (VC 是) (NP (DNP (NP (NN 海上) (NN 航运)) (DEG 的)) (ADJP (JJ 重要)) (NP (NN 通道)))))) )
8-C-0,马六甲海峡	沟通两大洋,ed-ori,,0,,,马六甲海峡 沟通 两 大洋,马六甲 海峡 沟通 两 大洋,loc VV CD NN,,,,,,,,,,马 六甲海峡 沟通 两 大 洋,马六甲海峡 沟通 两 大 洋,loc VV CD JJ NN,( (IP (NP (NR 马六甲海峡)) (VP (VV 沟通) (NP (QP (CD 两)) (NP (NN 大洋))))) )
8-C-1,马六甲海峡	是海上航运的重要通道,ed-ori,,0,,,马六甲海峡 是 海上 航运 的 重要 通道,马六甲 海峡 是 海上 航运 的 重要 通道,loc VC NN NN DEG JJ NN,,,,,,,,,,马 六甲海峡 是 海上 航运 的 重要 通道,马六甲海峡 是 海上 航运 的 重要 通道,loc VC NN NN DEG JJ NN,( (IP (NP (NR 马六甲海峡)) (VP (VC 是) (NP (DNP (NP (NN 海上) (NN 航运)) (DEG 的)) (ADJP (JJ 重要)) (NP (NN 通道))))) )
8-D,马六甲海峡	分隔两大陆，为亚洲与大洋洲分界线,y,,0 6 8,,,马六甲海峡 分隔 两 大陆 ， 为 亚洲 与 大洋洲 分界线,马六甲 海峡 分隔 两 大陆 ， 为 亚洲 与 大洋洲 分界线,loc VV CD NN PU P loc CC loc NN,,,,,,,,,7,马 六甲海峡 分隔 两 大陆 ， 为 亚洲 与 大洋洲 分界 线,马六甲海峡 分隔 两 大陆 ， 为 亚洲 与 大洋洲 分界 线,loc VV CD NN PU P loc CC loc NN NN,( (NP (NP (IP (NP (NR 马六甲海峡)) (VP (VV 分隔))) (QP (CD 两)) (NP (NN 大陆))) (PU ，) (PP (P 为) (NP (NP (NR 亚洲) (CC 与) (NR 大洋洲)) (NP (NN 分界线))))) )
8-D-0,马六甲海峡	分隔两大陆,ed-ori,,0,,,马六甲海峡 分隔 两 大陆,马六甲 海峡 分隔 两 大陆,loc VV CD NN,,,,,,,,,,马 六甲海峡 分隔 两 大 陆,马六甲海峡 分隔 两 大 陆,loc VV CD JJ NN,( (IP (NP (NR 马六甲海峡)) (VP (VV 分隔) (NP (QP (CD 两)) (NP (NN 大陆))))) )
8-D-1,马六甲海峡	为亚洲与大洋洲分界线,ed-ori,,0 2 4,,,马六甲海峡 为 亚洲 与 大洋洲 分界线,马六甲 海峡 为 亚洲 与 大洋洲 分界线,loc P loc CC loc NN,,,,,,,,,3,马 六甲海峡 为 亚洲 与 大洋洲 分界 线,马六甲海峡 为 亚洲 与 大洋洲 分界 线,loc P loc CC loc NN NN,( (NP (NP (NR 马六甲海峡)) (PP (P 为) (NP (NR 亚洲) (CC 与) (NR 大洋洲))) (NP (NN 分界线))) )
9-A,图中	海洋生产总值占GDP的比重持续上升,None,,,,,图 中 海洋 生产 总值 占 GDP 的 比重 持续 上升,图 中 海洋 生产 总值 占 GDP 的 比重 持续 上升,NN LC NN NN NN VV NN DEC NN AD VV,,,,,,,,,,图 中 海洋 生产 总值 占 GDP 的 比重 持续 上 升,图 中 海洋 生产 总值 占 GDP 的 比重 持续 上 升,NN LC NN NN NN VV NN DEC NN VV LC VV,( (IP (NP (CP (IP (NP (LCP (NP (NN 图)) (LC 中)) (NP (NN 海洋) (NN 生产) (NN 总值))) (VP (VV 占) (NP (NN GDP)))) (DEC 的)) (NP (NN 比重))) (VP (ADVP (AD 持续)) (VP (VV 上升)))) )
9-B,图中	海洋三大产业生产总值的增速相同,None,,,,,图 中 海洋 三 大 产业 生产 总值 的 增速 相同,图 中 海洋 三 大 产业 生产 总值 的 增速 相同,NN LC NN CD JJ NN NN NN DEG NN VA,,,,,,,,,,图 中 海洋 三 大 产业 生产 总值 的 增速 相同,图 中 海洋 三 大 产业 生产 总值 的 增速 相同,NN LC NN CD JJ NN NN NN DEG NN VA,( (IP (NP (DNP (NP (LCP (NP (NN 图)) (LC 中)) (NP (NN 海洋)) (QP (CD 三)) (ADJP (JJ 大)) (NP (NN 产业) (NN 生产) (NN 总值))) (DEG 的)) (NP (NN 增速))) (VP (VA 相同))) )
9-C,图中	海洋第一产业发展可增加生物多样性,None,,,3,,图 中 海洋 第一产业 发展 可 增加 生物多样性,图 中 海洋 第一 产业 发展 可 增加 生物多样性,NN LC NN term NN VV VV NN,,,,,,,,,,图 中 海洋 第一产业 发展 可 增加 生物多样性,图 中 海洋 第一产业 发展 可 增加 生物多样性,NN LC NN term NN VV VV NN,( (IP (NP (LCP (NP (NN 图)) (LC 中)) (NP (NN 海洋) (NN 第一产业) (NN 发展))) (VP (VV 可) (VP (VV 增加) (NP (NN 生物多样性))))) )
9-D,图中	海洋产业结构重心向第三产业转移,None,,,7,,图 中 海洋 产业 结构 重心 向 第三产业 转移,图 中 海洋 产业 结构 重心 向 第三 产业 转移,NN LC NN NN NN NN P term VV,,,,,,,,,,图 中 海洋 产业 结构 重心 向 第三产业 转移,图 中 海洋 产业 结构 重心 向 第三产业 转移,NN LC NN NN NN NN P term VV,( (IP (NP (LCP (NP (NN 图)) (LC 中)) (NP (NN 海洋) (NN 产业) (NN 结构) (NN 重心))) (VP (PP (P 向) (NP (NN 第三产业))) (VP (VV 转移)))) )
10-A,海洋	是近海面大气主要的水、热来源,None,,,,,海洋 是 近 海面 大气 主要 的 水 、 热 来源,海洋 是 近 海面 大气 主要 的 水 、 热 来源,NN VC AD NN NN JJ DEG NN PU NN NN,,,,,,,,,,海洋 是 近 海面 大气 主要 的 水 、 热来源,海洋 是 近 海面 大气 主要 的 水 、 热来源,NN VC AD NN NN JJ DEG NN PU NN,( (IP (NP (NN 海洋)) (VP (VC 是) (NP (NP (ADVP (AD 近)) (NP (NN 海面) (NN 大气))) (DNP (ADJP (JJ 主要)) (DEG 的)) (NP (NN 水) (PU 、) (NN 热)) (NP (NN 来源))))) )
10-B,海洋	锰结核分布在浅海大陆架地区,None,,,,,海洋 锰 结核 分布 在 浅海 大陆架 地区,海洋 锰 结核 分布 在 浅海 大陆架 地区,NN NN NN VV P NN NN NN,,,,,,,,,,海洋 锰 结核 分布 在 浅海 大陆架 地区,海洋 锰 结核 分布 在 浅海 大陆架 地区,NN NN NN VV P NR NR NN,( (IP (NP (NN 海洋) (NN 锰) (NN 结核)) (VP (VV 分布) (PP (P 在) (NP (NP (NN 浅海) (NN 大陆架)) (NP (NN 地区)))))) )
10-C,海洋	海运是各国主要的交通运输方式,None,,,,,海洋 海运 是 各国 主要 的 交通 运输 方式,海洋 海运 是 各国 主要 的 交通 运输 方式,NN NN VC NN VA DEC NN NN NN,,,,,,,,,,海洋 海运 是 各国 主要 的 交通 运输 方式,海洋 海运 是 各国 主要 的 交通 运输 方式,NN NN VC NN VA DEC NN NN NN,( (IP (NP (NN 海洋) (NN 海运)) (VP (VC 是) (NP (CP (IP (NP (NN 各国)) (VP (VA 主要))) (DEC 的)) (NP (NN 交通) (NN 运输) (NN 方式))))) )
10-D,海洋	岛屿多为人口稠密的经济发达区,None,,,,,海洋 岛屿 多 为 人口 稠密 的 经济 发达 区,海洋 岛屿 多 为 人口 稠密 的 经济 发达 区,NN NN AD VC NN VA DEC NN JJ NN,,,,,,,,,,海洋 岛屿 多 为 人口 稠密 的 经济 发达 区,海洋 岛屿 多 为 人口 稠密 的 经济 发达 区,NN NN AD VC NN JJ DEG NN JJ NN,( (IP (NP (NN 海洋) (NN 岛屿)) (VP (ADVP (AD 多)) (VP (VC 为) (NP (CP (IP (NP (NN 人口)) (VP (VA 稠密))) (DEC 的)) (NP (NN 经济)) (ADJP (JJ 发达)) (NP (NN 区)))))) )
11-①,该交通体系的建立有利于	提高运输效率,None,,,,,该 交通 体系 的 建立 有利于 提高 运输 效率,该 交通 体系 的 建立 有利于 提高 运输 效率,DT NN NN DEG NN VV VV NN NN,,,,,,,,,,该 交通 体系 的 建立 有利于 提高 运输 效率,该 交通 体系 的 建立 有利于 提高 运输 效率,DT NN NN DEG NN VV VV NN NN,( (IP (NP (DNP (NP (DP (DT 该)) (NP (NN 交通) (NN 体系))) (DEG 的)) (NP (NN 建立))) (VP (VV 有利于) (IP (VP (VV 提高) (NP (NN 运输) (NN 效率)))))) )
11-②,该交通体系的建立有利于	增加运输方式,None,,,,,该 交通 体系 的 建立 有利于 增加 运输 方式,该 交通 体系 的 建立 有利于 增加 运输 方式,DT NN NN DEG NN VV VV NN NN,,,,,,,,,,该 交通 体系 的 建立 有利于 增加 运输 方式,该 交通 体系 的 建立 有利于 增加 运输 方式,DT NN NN DEG NN VV VV NN NN,( (IP (NP (DNP (NP (DP (DT 该)) (NP (NN 交通) (NN 体系))) (DEG 的)) (NP (NN 建立))) (VP (VV 有利于) (IP (VP (VV 增加) (NP (NN 运输) (NN 方式)))))) )
11-③,该交通体系的建立有利于	加强地域联系,None,,,,,该 交通 体系 的 建立 有利于 加强 地域 联系,该 交通 体系 的 建立 有利于 加强 地域 联系,DT NN NN DEG NN VV VV NN NN,,,,,,,,,,该 交通 体系 的 建立 有利于 加强 地域 联系,该 交通 体系 的 建立 有利于 加强 地域 联系,DT NN NN DEG NN VV VV NN NN,( (IP (NP (DNP (NP (DP (DT 该)) (NP (NN 交通) (NN 体系))) (DEG 的)) (NP (NN 建立))) (VP (VV 有利于) (IP (VP (VV 加强) (NP (NN 地域) (NN 联系)))))) )
11-④,该交通体系的建立有利于	促进城市群互动发展,None,,,,,该 交通 体系 的 建立 有利于 促进 城市群 互动 发展,该 交通 体系 的 建立 有利于 促进 城市群 互动 发展,DT NN NN DEG NN VV VV NN NN NN,,,,,,,,,,该 交通 体系 的 建立 有利于 促进 城市群 互动 发展,该 交通 体系 的 建立 有利于 促进 城市群 互动 发展,DT NN NN DEG NN VV VV NN NN VV,( (IP (NP (DNP (NP (DP (DT 该)) (NP (NN 交通) (NN 体系))) (DEG 的)) (NP (NN 建立))) (VP (VV 有利于) (IP (VP (VV 促进) (NP (NP (NN 城市群) (NN 互动)) (NP (NN 发展))))))) )
