试卷名,编号,文本,关键字,备注,是否子句/子句关系,逗号前后特征,时间,地点,术语,数量词,（粗粒度）分词,（细粒度）分词,词性,（auto）成分分析
2003-北京,7-C,在此期间，能源生产与消费结构的变化为***1995年，煤炭生产量所占比重低于其消费量所占比重,《》,这里题目和选项之间应该有一个冒号,×,一个是时间副词，另一个不含时间词,2 12,,,,在 此 期间 ， 能源 生产 与 消费 结构 的 变化 为 1995年 ， 煤炭 生产量 所 占 比重 低于 其 消费量 所 占 比重,在 此 期间 ， 能源 生产 与 消费 结构 的 变化 为 1995年 ， 煤炭 生产量 所 占 比重 低于 其 消费量 所 占 比重,P PN time PU NN NN CC NN NN DEG NN VC time PU NN NN MSP VV NN VV PN NN MSP VV NN,( (IP (IP (NP (PP (P 在) (NP (PN 此))) (NP (NT 期间))) (PU ，) (NP (DNP (NP (NN 能源) (NN 生产) (CC 与) (NN 消费) (NN 结构)) (DEG 的)) (NP (NN 变化))) (VP (VC 为) (NP (NT 1995年)))) (PU ，) (NP (CP (IP (NP (NN 煤炭) (NN 生产量)) (VP (MSP 所) (VP (VV 占))))) (NP (NN 比重))) (VP (VV 低于) (NP (CP (IP (NP (NP (PN 其)) (NP (NN 消费量))) (VP (MSP 所) (VP (VV 占))))) (NP (NN 比重))))) )
2003-北京,7-D,在此期间，能源生产与消费结构的变化为***1994年，石油生产量和消费量所占比重相近,《》,,×,,2 12,,,,在 此 期间 ， 能源 生产 与 消费 结构 的 变化 为 1994年 ， 石油 生产量 和 消费量 所 占 比重 相近,在 此 期间 ， 能源 生产 与 消费 结构 的 变化 为 1994年 ， 石油 生产量 和 消费量 所 占 比重 相近,P PN time PU NN NN CC NN NN DEG NN VC time PU NN NN CC NN MSP VV NN VV,( (IP (IP (NP (PP (P 在) (NP (PN 此))) (NP (NT 期间))) (PU ，) (NP (DNP (NP (NN 能源) (NN 生产) (CC 与) (NN 消费) (NN 结构)) (DEG 的)) (NP (NN 变化))) (VP (VC 为) (NP (NT 1994年)))) (PU ，) (NP (CP (IP (NP (NN 石油) (NN 生产量) (CC 和) (NN 消费量)) (VP (MSP 所) (VP (VV 占))))) (NP (NN 比重))) (VP (VV 相近))) )
2003-北京,9-C,我国目前***因消费量少于生产量，原油可以大量出口,因,,是，因果关系,,1,,,,我国 目前 因 消费量 少于 生产量 ， 原油 可以 大量 出口,我国 目前 因 消费量 少于 生产量 ， 原油 可以 大量 出口,NR time P NN VV NN PU NN VV CD NN,( (IP (IP (NP (NR 我国)) (VP (NP (NT 目前)) (PP (P 因) (NP (NN 消费量))) (VP (VV 少于) (NP (NN 生产量))))) (PU ，) (NP (NN 原油)) (VP (VV 可以) (NP (QP (CD 大量)) (NP (NN 出口))))) )
2006-北京,1-D,三个观测点中***0－1km之间，①的水温变化比②大,【】,,×,一个是地点副词（但没有标出），另一个不含地点信息,,,,4,三 个 观测点 中 0－1km 之间 ， ① 的 水温 变化 比 ② 大,三 个 观测点 中 0 － 1 km 之间 ， ① 的 水温 变化 比 ② 大,CD M NN LC num LC PU NN DEG NN NN P NN VA,( (IP (LCP (NP (QP (CD 三) (CLP (M 个))) (NP (NN 观测点))) (LC 中)) (LCP (QP (CD 0－1km)) (LC 之间)) (PU ，) (NP (NP (DNP (NP (NN ①)) (DEG 的)) (NP (NN 水温))) (NP (NN 变化))) (VP (PP (P 比) (NP (NN ②))) (VP (VA 大)))) )
2007-北京,3-A,当火炬传递到***①地时，当地正午太阳高度为全年最大,时,,×,一个暗含时间，另一个不含时间信息,,4,8,,当 火炬 传递 到 ①地 时 ， 当地 正午太阳高度 为 全年 最 大,当 火炬 传递 到 ①地 时 ， 当地 正午 太阳 高度 为 全年 最 大,P NN VV VV loc LC PU NN term VC NN AD VA,( (IP (PP (P 当) (LCP (IP (NP (NN 火炬)) (VP (VV 传递) (VP (VV 到) (NP (NR ①地))))) (LC 时))) (PU ，) (NP (NN 当地) (NN 正午太阳高度)) (VP (VP (VC 为) (NP (NN 全年))) (VP (ADVP (AD 最)) (VP (VA 大))))) )
2007-北京,3-B,当火炬传递到***③地时，当地黑夜比白昼长,时,,×,,,4,,,当 火炬 传递 到 ③地 时 ， 当地 黑夜 比 白昼 长,当 火炬 传递 到 ③地 时 ， 当地 黑夜 比 白昼 长,P NN VV VV loc LC PU NN NN P NN VA,( (IP (PP (P 当) (LCP (IP (NP (NN 火炬)) (VP (VV 传递) (VP (VV 到) (NP (NR ③地))))) (LC 时))) (PU ，) (NP (NN 当地) (NN 黑夜)) (VP (PP (P 比) (NP (NN 白昼))) (VP (VA 长)))) )
2007-北京,3-C,当火炬传递到***④地时，当地正值多雨季节,时,,×,,,4,,,当 火炬 传递 到 ④地 时 ， 当地 正值 多雨 季节,当 火炬 传递 到 ④地 时 ， 当地 正值 多雨 季节,P NN VV VV loc LC PU NN VV JJ NN,( (IP (PP (P 当) (LCP (IP (NP (NN 火炬)) (VP (VV 传递) (VP (VV 到) (NP (NR ④地))))) (LC 时))) (PU ，) (IP (NP (NN 当地)) (VP (VV 正值) (NP (ADJP (JJ 多雨)) (NP (NN 季节)))))) )
2007-北京,3-D,当火炬传递到***⑤地时，当地正值春暖花开季节,时,,×,,,4,,,当 火炬 传递 到 ⑤地 时 ， 当地 正值 春暖 花开 季节,当 火炬 传递 到 ⑤地 时 ， 当地 正值 春暖 花开 季节,P NN VV VV loc LC PU NN VV JJ JJ NN,( (IP (PP (P 当) (LCP (IP (NP (NN 火炬)) (VP (VV 传递) (VP (VV 到) (NP (NR ⑤地))))) (LC 时))) (PU ，) (IP (NP (NN 当地)) (VP (VV 正值) (NP (ADJP (JJ 春暖)) (ADJP (JJ 花开)) (NP (NN 季节)))))) )
2010-北京,4-B,图上标出的经纬网格区中***随地球自转，③的角速度比④小,随,逗号左侧的句法成分是PP,×,一个表趋势中的原因/伴随，另一个是趋势表现,,,4 9,,图 上 标出 的 经纬网 格区 中 随 地球 自转 ， ③ 的 角速度 比 ④ 小,图 上 标出 的 经纬网 格区 中 随 地球 自转 ， ③ 的 角速度 比 ④ 小,NN LC VV DEC term NN LC P NN term PU NN DEG NN P NN VA,( (IP (LCP (NP (CP (IP (VP (LCP (NP (NN 图)) (LC 上)) (VP (VV 标出)))) (DEC 的)) (NP (NN 经纬网) (NN 格区))) (LC 中)) (PP (P 随) (NP (NN 地球) (NN 自转))) (PU ，) (NP (DNP (NP (NN ③)) (DEG 的)) (NP (NN 角速度))) (VP (PP (P 比) (NP (NN ④))) (VP (VA 小)))) )
2010-北京,4-C,图上标出的经纬网格区中***从春分到夏至，①比④的昼长变化幅度大,从...到...,,×,,7,,4 13,,图 上 标出 的 经纬网 格区 中 从春分到夏至 ， ① 比 ④ 的 昼长 变化 幅度 大,图 上 标出 的 经纬网 格区 中 从 春分 到 夏至 ， ① 比 ④ 的 昼长 变化 幅度 大,NN LC VV DEC term NN LC time PU NN P NN DEG term NN NN VA,( (IP (LCP (NP (CP (IP (VP (LCP (NP (NN 图)) (LC 上)) (VP (VV 标出)))) (DEC 的)) (NP (NN 经纬网) (NN 格区))) (LC 中)) (NP (NT 从春分到夏至)) (PU ，) (NP (NN ①)) (VP (PP (P 比) (NP (DNP (NP (NN ④)) (DEG 的)) (NP (NN 昼长) (NN 变化) (NN 幅度)))) (VP (VA 大)))) )
2010-北京,4-D,图上标出的经纬网格区中***从夏至到秋分，②比⑤的正午太阳高度角变化幅度大,从...到...,,×,,7,,4 13,,图 上 标出 的 经纬网 格区 中 从夏至到秋分 ， ② 比 ⑤ 的 正午太阳高度角 变化 幅度 大,图 上 标出 的 经纬网 格区 中 从 夏至 到 秋分 ， ② 比 ⑤ 的 正午 太阳 高度 角 变化 幅度 大,NN LC VV DEC term NN LC time PU NN P NN DEG term NN NN VA,( (IP (LCP (NP (CP (IP (VP (LCP (NP (NN 图)) (LC 上)) (VP (VV 标出)))) (DEC 的)) (NP (NN 经纬网) (NN 格区))) (LC 中)) (NP (NT 从夏至到秋分)) (PU ，) (NP (NN ②)) (VP (PP (P 比) (NP (DNP (NP (NN ⑤)) (DEG 的)) (NP (NN 正午太阳高度角) (NN 变化) (NN 幅度)))) (VP (VA 大)))) )
2010-北京,9-D,根据图中信息可以判断***1963年时湖底东南高，西北低,时,,并列,一个含时间词，另一个不喊时间,6,,,,根据 图 中 信息 可以 判断 1963年 时 湖底 东南 高 ， 西北 低,根据 图 中 信息 可以 判断 1963年 时 湖底 东南 高 ， 西北 低,P NN LC NN VV VV time LC NN NN VA PU NN VA,( (IP (IP (PP (P 根据) (LCP (IP (NP (LCP (NP (NN 图)) (LC 中)) (NP (NN 信息))) (VP (VV 可以) (VP (VV 判断) (NP (NT 1963年))))) (LC 时))) (NP (NN 湖底) (NN 东南)) (VP (VA 高))) (PU ，) (IP (NP (NN 西北)) (VP (VA 低)))) )
2011-北京,10-D,该图的制作与应用借助于***数字地球技术，实现道路与监测点的互换,*借助于,,？,一个表示工具，一个表示使用工具完成的事情,,,8,,该 图 的 制作 与 应用 借助 于 数字地球技术 ， 实现 道路 与 监测点 的 互换,该 图 的 制作 与 应用 借助 于 数字 地球 技术 ， 实现 道路 与 监测点 的 互换,DT NN DEG NN CC NN VV P term PU VV NN CC NN DEG NN,( (IP (NP (DNP (NP (DP (DT 该)) (NP (NN 图))) (DEG 的)) (NP (NN 制作) (CC 与) (NN 应用))) (VP (VP (VV 借助) (PP (P 于) (NP (NN 数字地球技术)))) (PU ，) (VP (VV 实现) (NP (DNP (NP (NN 道路) (CC 与) (NN 监测点)) (DEG 的)) (NP (NN 互换)))))) )
2011年北京市西城区高三第一学期期末考试,22-B,河西走廊水资源开发利用中，违背可持续发展区际公平性原则的是***河流下游水量锐减，甚至断流,甚至,,并列-递进,右半句含有递进词,,0,,,河西走廊 水资源 开发 利用 中 ， 违背 可持续 发展 区际 公平性 原则 的 是 河流 下游 水量 锐减 ， 甚至 断流,河西 走廊 水资源 开发 利用 中 ， 违背 可持续 发展 区际 公平性 原则 的 是 河流 下游 水量 锐减 ， 甚至 断流,loc NN NN NN LC PU VV JJ NN NN JJ NN DEC VC NN NN NN VV PU AD VV,( (IP (LCP (NP (NP (NR 河西走廊) (NN 水资源)) (NP (NN 开发) (NN 利用))) (LC 中)) (PU ，) (NP (CP (IP (VP (VV 违背) (NP (NP (ADJP (JJ 可持续)) (NP (NN 发展) (NN 区际))) (ADJP (JJ 公平性)) (NP (NN 原则))))) (DEC 的))) (VP (VC 是) (IP (IP (NP (NN 河流) (NN 下游) (NN 水量)) (VP (VV 锐减))) (PU ，) (IP (VP (ADVP (AD 甚至)) (VP (VV 断流))))))) )
2011年北京市西城区高三第一学期期末考试,28-A,下列关于各省情况的对比，正确的是***耕地面积①省（区）比②省（区）小，因此，山区面积①省（区）比②省（区）大,因此,,因果,,,,,,下列 关于 各 省 情况 的 对比 ， 正确 的 是 耕地 面积 ① 省 （ 区 ） 比 ② 省 （ 区 ） 小 ， 因此 ， 山区 面积 ① 省 （ 区 ） 比 ② 省 （ 区 ） 大,下列 关于 各 省 情况 的 对比 ， 正确 的 是 耕地 面积 ① 省 （ 区 ） 比 ② 省 （ 区 ） 小 ， 因此 ， 山区 面积 ① 省 （ 区 ） 比 ② 省 （ 区 ） 大,JJ P DT NN NN DEG NN PU VA DEC VC NN NN NN NN PU NN PU P NN NN PU NN PU VA PU AD PU NN NN NN NN PU NN PU P JJ NN PU NN PU VA,( (IP (NP (ADJP (JJ 下列)) (DNP (PP (P 关于) (NP (NP (DP (DT 各)) (NP (NN 省))) (NP (NN 情况)))) (DEG 的)) (NP (NN 对比))) (PU ，) (IP (NP (CP (IP (VP (VA 正确))) (DEC 的))) (VP (VC 是) (NP (NP (NP (NN 耕地) (NN 面积)) (NP (NN ①))) (NP (NN 省) (PU （) (NN 区))))) (PU ）) (IP (PP (P 比) (NP (NN ②))) (NP (NN 省) (PU （) (NN 区) (PU ）)) (VP (VA 小))) (PU ，) (IP (ADVP (AD 因此)) (PU ，) (NP (NP (NN 山区) (NN 面积)) (NP (NN ①) (NN 省)) (PRN (PU （) (NP (NN 区)) (PU ）))) (VP (PP (P 比) (NP (ADJP (JJ ②)) (NP (NN 省)) (PRN (PU （) (NP (NN 区)) (PU ）)))) (VP (VA 大))))) )
2011年北京市西城区高三第一学期期末考试,28-B,下列关于各省情况的对比，正确的是***水资源总量②省（区）比③省（区）大，因此，年降水量②省（区）比③省（区）大,因此,,因果,,,,,,下列 关于 各 省 情况 的 对比 ， 正确 的 是 水资源 总量 ② 省 （ 区 ） 比 ③ 省 （ 区 ） 大 ， 因此 ， 年 降水量 ② 省 （ 区 ） 比 ③ 省 （ 区 ） 大,下列 关于 各 省 情况 的 对比 ， 正确 的 是 水资源 总量 ② 省 （ 区 ） 比 ③ 省 （ 区 ） 大 ， 因此 ， 年 降水量 ② 省 （ 区 ） 比 ③ 省 （ 区 ） 大,JJ P DT NN NN DEG NN PU VA DEC VC NN NN NN NN PU NN PU P NN NN PU NN PU VA PU AD PU JJ NN NN NN PU NN PU P NN NN PU NN PU VA,( (IP (NP (ADJP (JJ 下列)) (DNP (PP (P 关于) (NP (NP (DP (DT 各)) (NP (NN 省))) (NP (NN 情况)))) (DEG 的)) (NP (NN 对比))) (PU ，) (IP (NP (CP (IP (VP (VA 正确))) (DEC 的))) (VP (VC 是) (IP (NP (NP (NN 水资源) (NN 总量) (NN ②)) (NP (NN 省) (PU （) (NN 区))) (PU ）) (VP (PP (P 比) (NP (NP (NN ③)) (NP (NN 省) (PU （) (NN 区) (PU ）)))) (VP (VA 大)))))) (PU ，) (IP (ADVP (AD 因此)) (PU ，) (NP (NP (ADJP (JJ 年)) (NP (NN 降水量) (NN ②))) (NP (NN 省) (PU （) (NN 区))) (PU ）) (VP (PP (P 比) (NP (NP (NN ③)) (NP (NN 省) (PU （) (NN 区) (PU ）)))) (VP (VA 大))))) )
2011年北京市西城区高三第一学期期末考试,28-C,下列关于各省情况的对比，正确的是***木材总蓄积量③省（区）比④省（区）小，因此，森林覆盖率③省（区）比④省（区）低,因此,,因果,,,,,,下列 关于 各 省 情况 的 对比 ， 正确 的 是 木材 总 蓄积量 ③ 省 （ 区 ） 比 ④ 省 （ 区 ） 小 ， 因此 ， 森林 覆盖率 ③ 省 （ 区 ） 比 ④ 省 （ 区 ） 低,下列 关于 各 省 情况 的 对比 ， 正确 的 是 木材 总 蓄积量 ③ 省 （ 区 ） 比 ④ 省 （ 区 ） 小 ， 因此 ， 森林 覆盖率 ③ 省 （ 区 ） 比 ④ 省 （ 区 ） 低,JJ P DT NN NN DEG NN PU VA DEC VC NN JJ NN NN NN PU NN PU P NN NN PU NN PU VA PU AD PU NN NN NN NN PU NN PU P NN NN PU NN PU VA,( (IP (NP (ADJP (JJ 下列)) (DNP (PP (P 关于) (NP (NP (DP (DT 各)) (NP (NN 省))) (NP (NN 情况)))) (DEG 的)) (NP (NN 对比))) (PU ，) (IP (NP (CP (IP (VP (VA 正确))) (DEC 的))) (VP (VC 是) (NP (NP (NP (NN 木材)) (ADJP (JJ 总)) (NP (NN 蓄积量) (NN ③))) (NP (NN 省) (PU （) (NN 区))))) (PU ）) (IP (NP (NP (PP (P 比) (NP (NN ④))) (NP (NN 省))) (NP (PU （) (NN 区) (PU ）))) (VP (VA 小))) (PU ，) (IP (ADVP (AD 因此)) (PU ，) (NP (NN 森林) (NN 覆盖率) (NN ③) (NN 省) (PRN (PU （) (NP (NN 区)) (PU ）))) (VP (PP (P 比) (NP (NP (NN ④)) (NP (NN 省) (PU （) (NN 区) (PU ）)))) (VP (VA 低))))) )
2011年北京市西城区高三第一学期期末考试,28-D,下列关于各省情况的对比，正确的是***城镇人口占总人口比重①省（区）比③省（区）小，因此，乡村人口比重①省（区）比③省（区）大,因此,,因果,,,,,,下列 关于 各 省 情况 的 对比 ， 正确 的 是 城镇 人口 占 总人口 比重 ① 省 （ 区 ） 比 ③ 省 （ 区 ） 小 ， 因此 ， 乡村 人口 比重 ① 省 （ 区 ） 比 ③ 省 （ 区 ） 大,下列 关于 各 省 情况 的 对比 ， 正确 的 是 城镇 人口 占 总人口 比重 ① 省 （ 区 ） 比 ③ 省 （ 区 ） 小 ， 因此 ， 乡村 人口 比重 ① 省 （ 区 ） 比 ③ 省 （ 区 ） 大,JJ P DT NN NN DEG NN PU VA DEC VC NN NN VV NN NN NN NN PU NN PU P NN NN PU NN PU VA PU AD PU NN NN NN NN NN PU NN PU P NN NN PU NN PU VA,( (IP (NP (ADJP (JJ 下列)) (DNP (PP (P 关于) (NP (NP (DP (DT 各)) (NP (NN 省))) (NP (NN 情况)))) (DEG 的)) (NP (NN 对比))) (PU ，) (IP (NP (CP (IP (VP (VA 正确))) (DEC 的))) (VP (VC 是) (IP (IP (NP (NN 城镇) (NN 人口)) (VP (VV 占) (NP (NP (NP (NN 总人口) (NN 比重)) (NP (NN ①))) (NP (NN 省) (PU （) (NN 区))))) (PU ）) (IP (NP (NP (PP (P 比) (NP (NN ③))) (NP (NN 省))) (NP (PU （) (NN 区) (PU ）))) (VP (VA 小)))))) (PU ，) (IP (ADVP (AD 因此)) (PU ，) (NP (NP (NP (NN 乡村) (NN 人口) (NN 比重)) (NP (NN ①))) (NP (NN 省) (PU （) (NN 区)) (PU ）)) (VP (PP (P 比) (NP (NP (NN ③)) (NP (NN 省) (PU （) (NN 区) (PU ）)))) (VP (VA 大))))) )
2012-北京,3-C,途经该区域的洋流***进入到北冰洋海域，使当地能见度变好,使,,因果-推断？,,,7,,,途经 该 区域 的 洋流 进入 到 北冰洋海域 ， 使 当地 能见度 变好,途经 该 区域 的 洋流 进入 到 北冰洋 海域 ， 使 当地 能见度 变好,VV DT NN DEG NN VV VV loc PU VV NN NN VV,( (IP (VP (VV 途经) (IP (IP (NP (DNP (NP (DP (DT 该)) (NP (NN 区域))) (DEG 的)) (NP (NN 洋流))) (VP (VRD (VV 进入) (VV 到)) (NP (NR 北冰洋海域)))) (PU ，) (VP (VV 使) (NP (NN 当地) (NN 能见度)) (IP (VP (VV 变好))))))) )
2013-北京,5-A,大气中***臭氧层遭到破坏，会导致①增加,导致,,因果-推断？,一个表原因，一个表结果,,,,,大气 中 臭氧层 遭到 破坏 ， 会 导致 ① 增加,大气 中 臭氧层 遭到 破坏 ， 会 导致 ① 增加,NN LC NN VV NN PU VV VV NN VV,( (IP (NP (LCP (NP (NN 大气)) (LC 中)) (NP (NN 臭氧层))) (VP (VP (VV 遭到) (NP (NN 破坏))) (PU ，) (VP (VV 会) (VP (VV 导致) (IP (NP (NN ①)) (VP (VV 增加))))))) )
2013-北京,5-B,大气中***二氧化碳浓度降低，会使②减少,使,,因果-推断？,,,,,,大气 中 二氧化碳 浓度 降低 ， 会 使 ② 减少,大气 中 二氧化碳 浓度 降低 ， 会 使 ② 减少,NN LC NN NN VV PU VV VV NN VV,( (IP (IP (LCP (NP (NN 大气)) (LC 中)) (NP (NN 二氧化碳) (NN 浓度)) (VP (VV 降低))) (PU ，) (VP (VV 会) (VP (VV 使) (NP (NN ②)) (IP (VP (VV 减少)))))) )
2013-北京,5-C,大气中***可吸入颗粒物增加，会使③增加,使,,因果-推断？,,,,,,大气 中 可吸入 颗粒物 增加 ， 会 使 ③ 增加,大气 中 可吸入 颗粒物 增加 ， 会 使 ③ 增加,NN LC JJ NN VV PU VV VV NN VV,( (IP (LCP (NP (NN 大气)) (LC 中)) (NP (ADJP (JJ 可吸入)) (NP (NN 颗粒物))) (VP (VV 增加)) (PU ，) (VP (VV 会) (VP (VV 使) (NP (NN ③)) (IP (VP (VV 增加)))))) )
2013-北京,5-D,大气中***出现雾霾，会导致④在夜间减少,导致,,因果-推断？,,9,,,,大气 中 出现 雾霾 ， 会 导致 ④ 在 夜间 减少,大气 中 出现 雾霾 ， 会 导致 ④ 在 夜间 减少,NN LC VV NN PU VV VV NN P time VV,( (IP (IP (VP (LCP (NP (NN 大气)) (LC 中)) (VP (VV 出现) (NP (NN 雾霾))))) (PU ，) (VP (VV 会) (VP (VV 导致) (IP (NP (NN ④)) (VP (PP (P 在) (NP (NT 夜间))) (VP (VV 减少))))))) )
2014-北京,7-A,本次洪水***水位上升时，河流搬运作用减弱,时,,×,一个表时间条件,,,8,,本 次 洪水 水位 上升 时 ， 河流 搬运作用 减弱,本 次 洪水 水位 上升 时 ， 河流 搬运 作用 减弱,DT M NN NN VV LC PU NN term VV,( (IP (LCP (IP (NP (DP (DT 本) (CLP (M 次))) (NP (NN 洪水) (NN 水位))) (VP (VV 上升))) (LC 时)) (PU ，) (IP (NP (NN 河流) (NN 搬运作用)) (VP (VV 减弱)))) )
2014-北京,7-B,本次洪水***水位下降时，河流含沙量增加,时,,×,,,,,,本 次 洪水 水位 下降 时 ， 河流 含沙量 增加,本 次 洪水 水位 下降 时 ， 河流 含沙量 增加,DT M NN NN VV LC PU NN NN VV,( (IP (LCP (IP (NP (DP (DT 本) (CLP (M 次))) (NP (NN 洪水) (NN 水位))) (VP (VV 下降))) (LC 时)) (PU ，) (NP (NN 河流) (NN 含沙量)) (VP (VV 增加))) )
2014-北京,7-C,本次洪水***流量增大时，河流堆积作用增强,时,,×,,,,8,,本 次 洪水 流量 增大 时 ， 河流 堆积作用 增强,本 次 洪水 流量 增大 时 ， 河流 堆积 作用 增强,DT M NN NN VV LC PU NN term VV,( (IP (LCP (IP (NP (DP (DT 本) (CLP (M 次))) (NP (NN 洪水))) (NP (NN 流量)) (VP (VV 增大))) (LC 时)) (PU ，) (NP (NN 河流) (NN 堆积作用)) (VP (VV 增强))) )
2014北京市东城区高考文综地理二模试题,4-A,修建中巴铁路难度比较大的原因是沿线地区***连接内陆与太平洋，工程量大,（）,,并列？,分割点在题干中,,1 13,,,修建 中巴铁路 难度 比较 大 的 原因 是 沿线 地区 连接 内陆 与 太平洋 ， 工程量 大,修建 中 巴 铁路 难度 比较 大 的 原因 是 沿线 地区 连接 内陆 与 太平洋 ， 工程量 大,VV NN NN AD VA DEC NN VC NN NN VV NN CC NN PU NN VA,( (IP (NP (CP (IP (VP (VV 修建) (NP (NN 中巴铁路) (NN 难度))) (VP (ADVP (AD 比较)) (VP (VA 大)))) (DEC 的)) (NP (NN 原因))) (VP (VC 是) (IP (IP (NP (NP (NN 沿线)) (NP (NN 地区))) (VP (VV 连接) (NP (NN 内陆) (CC 与) (NN 太平洋)))) (PU ，) (IP (NP (NN 工程量)) (VP (VA 大)))))) )
2014北京市丰台区高考文综地理二模试题,5-A,图5为某地理事象过程示意图，若***该图为南水北调东线工程，则甲地区对水资源需求量小,*若...则...,,解说、因果-假设？,一个表示假设条件,,17,,,图5 为 某 地理 事象 过程 示意图 ， 若 该 图 为 南水北调 东线 工程 ， 则 甲地区 对 水资源 需求量 小,图5 为 某 地理 事象 过程 示意图 ， 若 该 图 为 南水北调 东线 工程 ， 则 甲地区 对 水资源 需求量 小,NN VC DT NN NN NN NN PU CS DT NN VC NN NN NN PU AD loc P NN NN VA,( (IP (IP (NP (NN 图5)) (VP (VC 为) (NP (NP (DP (DT 某)) (NP (NN 地理) (NN 事象) (NN 过程))) (NP (NN 示意图))))) (PU ，) (IP (CP (ADVP (CS 若)) (IP (NP (DP (DT 该)) (NP (NN 图))) (VP (VC 为) (NP (NN 南水北调) (NN 东线) (NN 工程))))) (PU ，) (IP (ADVP (AD 则)) (NP (NP (NR 甲地区)) (PP (P 对) (NP (NN 水资源))) (NP (NN 需求量))) (VP (VA 小))))) )
2014北京市丰台区高考文综地理二模试题,5-B,图5为某地理事象过程示意图，若***图中F为岩石圈物质循环中的重熔作用，则乙为岩浆岩,*若...则...,,解说、因果-假设？,,,,18 23,,图5 为 某 地理 事象 过程 示意图 ， 若 图 中 F 为 岩石圈 物质 循环 中 的 重熔作用 ， 则 乙 为 岩浆岩,图5 为 某 地理 事象 过程 示意图 ， 若 图 中 F 为 岩石圈 物质 循环 中 的 重熔 作用 ， 则 乙 为 岩浆岩,NN VC DT NN NN NN NN PU CS NN LC NN VC NN NN NN LC DEG term PU AD NN VV term,( (IP (IP (NP (NN 图5)) (VP (VC 为) (NP (NP (DP (DT 某)) (NP (NN 地理) (NN 事象) (NN 过程))) (NP (NN 示意图))))) (PU ，) (IP (CP (ADVP (CS 若)) (IP (NP (LCP (NP (NN 图)) (LC 中)) (NP (NN F))) (VP (VC 为) (NP (NP (NN 岩石圈)) (DNP (LCP (NP (NN 物质) (NN 循环)) (LC 中)) (DEG 的)) (NP (NN 重熔作用)))))) (PU ，) (VP (ADVP (AD 则)) (PP (NP (NN 乙))) (VP (VV 为) (NP (NN 岩浆岩)))))) )
2014北京市丰台区高考文综地理二模试题,5-C,图5为某地理事象过程示意图，若***该图为人口迁移示意图，则此过程可缓解甲地人地矛盾,*若...则...,,解说、因果-假设？,,,21,,,图5 为 某 地理 事象 过程 示意图 ， 若 该 图 为 人口 迁移 示意图 ， 则 此 过程 可 缓解 甲地 人地 矛盾,图5 为 某 地理 事象 过程 示意图 ， 若 该 图 为 人口 迁移 示意图 ， 则 此 过程 可 缓解 甲地 人地 矛盾,NN VC DT NN NN NN NN PU CS DT NN VC NN NN NN PU AD PN NN VV VV loc NN NN,( (IP (IP (NP (NN 图5)) (VP (VC 为) (NP (NP (DP (DT 某)) (NP (NN 地理) (NN 事象) (NN 过程))) (NP (NN 示意图))))) (PU ，) (IP (CP (ADVP (CS 若)) (IP (NP (DP (DT 该)) (NP (NN 图))) (VP (VC 为) (NP (NN 人口) (NN 迁移) (NN 示意图))))) (PU ，) (IP (ADVP (AD 则)) (NP (NP (PN 此)) (NP (NN 过程))) (VP (VV 可) (VP (VV 缓解) (NP (NP (NP (NR 甲地)) (NP (NN 人地))) (NP (NN 矛盾)))))))) )
2014北京市丰台区高考文综地理二模试题,5-D,图5为某地理事象过程示意图，若***该图为水循环示意图的局部，甲代表海洋，则f为降水,*若...则...,,解说、因果-假设？,,,,12,,图5 为 某 地理 事象 过程 示意图 ， 若 该 图 为 水循环 示意图 的 局部 ， 甲 代表 海洋 ， 则 f 为 降水,图5 为 某 地理 事象 过程 示意图 ， 若 该 图 为 水循环 示意图 的 局部 ， 甲 代表 海洋 ， 则 f 为 降水,NN VC DT NN NN NN NN PU CS DT NN VC term NN DEG NN PU NN VV NN PU AD NN VV NN,( (IP (IP (NP (NN 图5)) (VP (VC 为) (NP (NP (DP (DT 某)) (NP (NN 地理) (NN 事象) (NN 过程))) (NP (NN 示意图))))) (PU ，) (IP (CP (ADVP (CS 若)) (IP (NP (DP (DT 该)) (NP (NN 图))) (VP (VC 为) (NP (DNP (NP (NN 水循环) (NN 示意图)) (DEG 的)) (NP (NN 局部)))))) (PU ，) (IP (NP (NN 甲)) (VP (VV 代表) (NP (NN 海洋)))) (PU ，) (VP (ADVP (AD 则)) (PP (NP (NN f))) (VP (VV 为) (NP (NN 降水)))))) )
2014北京市丰台区高考文综地理二模试题,7-A,该地区***若布局合理，则主导风向为西南风,若...则...,,因果-假设？,,,,10,,该 地区 若 布局 合理 ， 则 主导 风向 为 西南风,该 地区 若 布局 合理 ， 则 主导 风向 为 西南风,DT NN CS NN VA PU AD NN NN VC term,( (IP (IP (NP (DP (DT 该)) (NP (NN 地区))) (ADVP (CS 若)) (NP (NN 布局)) (VP (VA 合理))) (PU ，) (ADVP (AD 则)) (NP (NN 主导) (NN 风向)) (VP (VC 为) (NP (NN 西南风)))) )
2014北京市丰台区高考文综地理二模试题,11-A,以下诗词描述的景观适宜采用的欣赏方法是***“夕阳无限好，只是近黄昏”――以情观景，情景交融,,,×,逗号在引号内部,18,,,,以下 诗词 描述 的 景观 适宜 采用 的 欣赏 方法 是 “ 夕阳 无限 好 ， 只是 近 黄昏 ” ― ― 以 情 观景 ， 情景 交融,以下 诗词 描述 的 景观 适宜 采用 的 欣赏 方法 是 “ 夕阳 无限 好 ， 只是 近 黄昏 ” ― ― 以 情 观景 ， 情景 交融,JJ NN VV DEC NN AD VV DEC NN NN VC PU NN AD VA PU AD VV time PU PU PU P NN VV PU NN VV,( (IP (IP (NP (CP (IP (NP (ADJP (JJ 以下)) (NP (NN 诗词))) (VP (VV 描述))) (DEC 的)) (CP (IP (NP (NN 景观)) (VP (ADVP (AD 适宜)) (VP (VV 采用)))) (DEC 的)) (NP (NN 欣赏) (NN 方法))) (VP (VC 是) (IP (PU “) (IP (NP (NN 夕阳)) (VP (ADVP (AD 无限)) (VP (VA 好)))) (PU ，) (VP (ADVP (AD 只是)) (VP (VV 近) (NP (NT 黄昏)))) (PU ”)))) (PU ―) (IP (VP (LST (PU ―)) (VP (PP (P 以) (NP (NN 情))) (VP (VV 观景))))) (PU ，) (NP (NN 情景)) (VP (VV 交融))) )
2014北京市丰台区高考文综地理二模试题,11-B,以下诗词描述的景观适宜采用的欣赏方法是***“衔远山，吞长江，浩浩荡荡，横无际涯”――把握观赏时机,,,×,,,16,,,以下 诗词 描述 的 景观 适宜 采用 的 欣赏 方法 是 “ 衔 远山 ， 吞 长江 ， 浩浩 荡荡 ， 横无 际涯 ” ― ― 把握 观赏 时机,以下 诗词 描述 的 景观 适宜 采用 的 欣赏 方法 是 “ 衔 远山 ， 吞 长江 ， 浩浩 荡荡 ， 横无 际涯 ” ― ― 把握 观赏 时机,JJ NN VV DEC NN AD VV DEC NN NN VC PU VV NN PU VV loc PU VV VV PU VV NN PU PU PU VV NN NN,( (IP (IP (NP (CP (IP (NP (ADJP (JJ 以下)) (NP (NN 诗词))) (VP (VV 描述))) (DEC 的)) (CP (IP (NP (NN 景观)) (VP (ADVP (AD 适宜)) (VP (VV 采用)))) (DEC 的)) (NP (NN 欣赏) (NN 方法))) (VP (VC 是) (IP (PU “) (VP (VP (VV 衔) (NP (NN 远山))) (PU ，) (VP (VV 吞) (NP (NR 长江))) (PU ，) (VP (VCD (VV 浩浩) (VV 荡荡))) (PU ，) (VP (VV 横无) (NP (NN 际涯)))) (PU ”)))) (PU ―) (PU ―) (VP (VV 把握) (NP (NN 观赏) (NN 时机)))) )
2014北京市丰台区高考文综地理二模试题,11-C,以下诗词描述的景观适宜采用的欣赏方法是***“八月潮声吼地来，头高数丈触山回”――低临水面近观,,,×,,,,,,以下 诗词 描述 的 景观 适宜 采用 的 欣赏 方法 是 “ 八月 潮声 吼地 来 ， 头高 数丈 触山回 ” ― ― 低临 水面 近观,以下 诗词 描述 的 景观 适宜 采用 的 欣赏 方法 是 “ 八月 潮声 吼地 来 ， 头高 数丈 触山回 ” ― ― 低临 水面 近观,JJ NN VV DEC NN AD VV DEC NN NN VC PU NT NN AD VV PU VV NN NN PU PU PU VV NN VV,( (IP (IP (NP (CP (IP (NP (ADJP (JJ 以下)) (NP (NN 诗词))) (VP (VV 描述))) (DEC 的)) (CP (IP (NP (NN 景观)) (VP (ADVP (AD 适宜)) (VP (VV 采用)))) (DEC 的)) (NP (NN 欣赏) (NN 方法))) (VP (VC 是) (IP (PU “) (IP (NP (NT 八月)) (NP (NN 潮声)) (VP (ADVP (AD 吼地)) (VP (VV 来)))) (PU ，) (VP (VV 头高) (NP (NN 数丈) (NN 触山回))) (PU ”)))) (PU ―) (PU ―) (VP (VP (VV 低临) (NP (NN 水面))) (VP (VV 近观)))) )
2014北京市丰台区高考文综地理二模试题,11-D,以下诗词描述的景观适宜采用的欣赏方法是***“小荷才露尖尖角，早有蜻蜓立上头”――在适当距离仰视,,,×,,,,,,以下 诗词 描述 的 景观 适宜 采用 的 欣赏 方法 是 “ 小荷 才 露 尖尖角 ， 早 有 蜻蜓 立 上头 ” ― ― 在 适当 距离 仰视,以下 诗词 描述 的 景观 适宜 采用 的 欣赏 方法 是 “ 小荷 才 露 尖尖角 ， 早 有 蜻蜓 立 上头 ” ― ― 在 适当 距离 仰视,JJ NN VV DEC NN AD VV DEC NN NN VC PU NN AD VV NN PU AD VE NN VV NN PU PU PU P JJ NN VV,( (IP (IP (NP (CP (IP (NP (ADJP (JJ 以下)) (NP (NN 诗词))) (VP (VV 描述))) (DEC 的)) (CP (IP (NP (NN 景观)) (VP (ADVP (AD 适宜)) (VP (VV 采用)))) (DEC 的)) (NP (NN 欣赏) (NN 方法))) (VP (VC 是) (IP (PU “) (NP (NN 小荷)) (VP (VP (ADVP (AD 才)) (VP (VV 露) (NP (NN 尖尖角)))) (PU ，) (VP (ADVP (AD 早)) (VP (VP (VE 有) (NP (NN 蜻蜓))) (VP (VV 立) (NP (NN 上头)))))) (PU ”)))) (PU ―) (PU ―) (VP (PP (P 在) (NP (ADJP (JJ 适当)) (NP (NN 距离)))) (VP (VV 仰视)))) )
2014北京市海淀区高考文综地理二模试题,3-A,黄土高原地区***加大能源开发，是区域可持续发展的根本措施,是...措施,,×,,,0,,,黄土高原地区 加大 能源 开发 ， 是 区域 可 持续 发展 的 根本 措施,黄土 高原 地区 加大 能源 开发 ， 是 区域 可 持续 发展 的 根本 措施,loc VV NN NN PU VC NN VV VV VV DEC NN NN,( (IP (NP (NR 黄土高原地区)) (VP (VP (VV 加大) (NP (NN 能源) (NN 开发))) (PU ，) (VP (VC 是) (NP (NP (NN 区域)) (CP (IP (VP (VV 可) (VP (VV 持续) (VP (VV 发展))))) (DEC 的)) (NP (NN 根本) (NN 措施)))))) )
2014北京市海淀区高考文综地理二模试题,3-B,黄土高原地区***扩大开垦荒地，利于提高农业机械化水平,利于,,×,,,0,,,黄土高原地区 扩大 开垦 荒地 ， 利于 提高 农业 机械化 水平,黄土 高原 地区 扩大 开垦 荒地 ， 利于 提高 农业 机械化 水平,loc VV VV NN PU VV VV NN NN NN,( (IP (NP (NR 黄土高原地区)) (VP (VV 扩大) (IP (VP (VP (VV 开垦) (NP (NN 荒地))) (PU ，) (VP (VV 利于) (IP (VP (VV 提高) (NP (NN 农业) (NN 机械化) (NN 水平))))))))) )
2014北京市海淀区高考文综地理二模试题,3-C,黄土高原地区***保持传统耕作技术，有助于提高环境承载力,有助于,,×,,,0,8,,黄土高原地区 保持 传统 耕作 技术 ， 有助于 提高 环境承载力,黄土 高原 地区 保持 传统 耕作 技术 ， 有助于 提高 环境 承载力,loc VV JJ NN NN PU VV VV term,( (IP (NP (NR 黄土高原地区)) (VP (VP (VV 保持) (NP (ADJP (JJ 传统)) (NP (NN 耕作) (NN 技术)))) (PU ，) (VP (VV 有助于) (IP (VP (VV 提高) (NP (NN 环境承载力))))))) )
2014北京市海淀区高考文综地理二模试题,3-D,黄土高原地区***开展小流域综合治理，利于充分利用水土资源,利于,,×,,,0,,,黄土高原地区 开展 小 流域 综合 治理 ， 利于 充分 利用 水土 资源,黄土 高原 地区 开展 小 流域 综合 治理 ， 利于 充分 利用 水土 资源,loc VV JJ NN JJ NN PU VV AD VV NN NN,( (IP (NP (NR 黄土高原地区)) (VP (VP (VV 开展) (NP (NP (ADJP (JJ 小)) (NP (NN 流域))) (ADJP (JJ 综合)) (NP (NN 治理)))) (PU ，) (VP (VV 利于) (VP (ADVP (AD 充分)) (VP (VV 利用) (NP (NN 水土) (NN 资源))))))) )
2014北京市海淀区高考文综地理二模试题,8-B,马六甲海峡***受东南信风影响，该海域风大浪急,受...影响,,因果/并列,后半句有对前半句主语的复述,,0,2,,马六甲海峡 受 东南信风 影响 ， 该 海域 风 大 浪 急,马六甲 海峡 受 东南 信风 影响 ， 该 海域 风 大 浪 急,loc VV term NN PU DT NN NN VA NN VA,( (IP (NP (NR 马六甲海峡)) (VP (VV 受) (IP (NP (NN 东南信风) (NN 影响)) (PU ，) (NP (DP (DT 该)) (NP (NN 海域))) (IP (IP (NP (NN 风)) (VP (VA 大))) (IP (NP (NN 浪)) (VP (VA 急))))))) )
2014北京市西城区高考文综地理二模试题,9-A,北京市***春季因升温快，热岛效应最强,因,,因果,一个表原因，一个表结果,1,0,6,,北京市 春季 因 升温 快 ， 热岛效应 最 强,北京市 春季 因 升温 快 ， 热岛 效应 最 强,loc time P VV VA PU term AD VA,( (IP (NP (NR 北京市)) (NP (NT 春季)) (PP (P 因) (IP (VP (IP (VP (VV 升温))) (VP (VA 快))))) (PU ，) (NP (NN 热岛效应)) (VP (ADVP (AD 最)) (VP (VA 强)))) )
北京市朝阳区2013届高三年级统一考试,8-B,下列有关③④两地小麦生产的叙述，正确的是***仅从气候角度考虑，④地小麦的千粒重较③地大,？？？,,×,,,2 17 22,,,下列 有关 ③④两地 小麦 生产 的 叙述 ， 正确 的 是 仅 从 气候 角度 考虑 ， ④地 小麦 的 千粒重 较 ③地 大,下列 有关 ③ ④ 两地 小麦 生产 的 叙述 ， 正确 的 是 仅 从 气候 角度 考虑 ， ④地 小麦 的 千粒重 较 ③地 大,JJ P loc NN NN DEG NN PU VA DEC VC AD P NN NN VV PU loc NN DEG NN P loc VA,( (IP (NP (ADJP (JJ 下列)) (DNP (PP (P 有关) (NP (NP (NR ③④两地) (NN 小麦)) (NP (NN 生产)))) (DEG 的)) (NP (NN 叙述))) (PU ，) (NP (CP (IP (VP (VA 正确))) (DEC 的))) (VP (VC 是) (IP (ADVP (AD 仅)) (IP (VP (PP (P 从) (NP (NN 气候) (NN 角度))) (VP (VV 考虑)))) (PU ，) (NP (DNP (NP (NP (NR ④地)) (NP (NN 小麦))) (DEG 的)) (NP (NN 千粒重))) (VP (PP (P 较) (NP (NR ③地))) (VP (VA 大)))))) )
北京市朝阳区2013届高三年级统一考试,32-C,污水再生回用***虽无经济效益，但有环境效益,虽...但...,,转折,转折,,,,,污水 再生 回用 虽 无 经济 效益 ， 但 有 环境 效益,污水 再生 回用 虽 无 经济 效益 ， 但 有 环境 效益,NN VV VV CS VE NN NN PU AD VE NN NN,( (IP (IP (NP (NN 污水)) (VP (VV 再生))) (IP (VP (VP (VV 回用) (IP (VP (ADVP (CS 虽)) (VP (VE 无) (NP (NN 经济) (NN 效益)))))) (PU ，) (VP (ADVP (AD 但)) (VP (VE 有) (NP (NN 环境) (NN 效益))))))) )
北京市西城区2014届高三第一学期期末试卷,10-B,云南滑坡和泥石流***东部次数少，由于处于喀斯特地貌区,由于,,因果,因果,,0,1 3,,云南 滑坡 和 泥石流 东部 次数 少 ， 由于 处于 喀斯特地貌区,云南 滑坡 和 泥石流 东部 次数 少 ， 由于 处于 喀斯特 地貌 区,loc term CC term NN NN VA PU P VV NR,( (IP (NP (NP (NR 云南)) (NP (NN 滑坡) (CC 和) (NN 泥石流))) (IP (IP (NP (NN 东部) (NN 次数)) (VP (VA 少))) (PU ，) (IP (VP (PP (P 由于)) (VP (VV 处于) (NP (NR 喀斯特地貌区))))))) )
北京市西城区2014届高三第一学期期末试卷,10-D,云南滑坡和泥石流***冬季几乎没有，主要原因是河流断流,主要原因,,因果,因果,4,0,1 3,,云南 滑坡 和 泥石流 冬季 几乎 没有 ， 主要 原因 是 河流 断流,云南 滑坡 和 泥石流 冬季 几乎 没有 ， 主要 原因 是 河流 断流,loc term CC term time AD VV PU JJ NN VC NN NN,( (IP (NP (NP (NR 云南)) (NP (NN 滑坡) (CC 和) (NN 泥石流))) (VP (NP (NT 冬季)) (ADVP (AD 几乎)) (VP (VV 没有) (PU ，) (IP (NP (ADJP (JJ 主要)) (NP (NN 原因))) (VP (VC 是) (NP (NN 河流) (NN 断流))))))) )
北京市西城区2014届高三第一学期期末试卷,32-C,中缅天然气管道沿线***地质条件复杂，工程量大,（）,,并列,分割点在题干中,,0 1,,,中 缅 天然气 管道 沿线 地质 条件 复杂 ， 工程量 大,中 缅 天然气 管道 沿线 地质 条件 复杂 ， 工程量 大,loc loc NN NN NN NN NN VA PU NN VA,( (IP (NP (NP (NP (NR 中) (NR 缅)) (NP (NN 天然气) (NN 管道))) (NP (NN 沿线))) (IP (IP (NP (NN 地质) (NN 条件)) (VP (VA 复杂))) (PU ，) (IP (NP (NN 工程量)) (VP (VA 大))))) )
北京市西城区2014届高三第一学期期末试卷,39-B,与火星环境相比，地球上存在生命是因为***质量适中，保证了液态水的存在,*因为,,因果/并列,因果,,1 5,,,与 火星 环境 相比 ， 地球 上 存在 生命 是 因为 质量 适中 ， 保证 了 液态水 的 存在,与 火星 环境 相比 ， 地球 上 存在 生命 是 因为 质量 适中 ， 保证 了 液态水 的 存在,P loc NN VV PU loc LC VV NN VC P NN VA PU VV AS NN DEG NN,( (IP (IP (VP (PP (P 与) (NP (NP (NR 火星)) (NP (NN 环境)))) (VP (VV 相比)))) (PU ，) (IP (LCP (NP (NR 地球)) (LC 上)) (VP (VV 存在) (NP (NN 生命)))) (VP (VP (VC 是) (PP (P 因为) (IP (NP (NN 质量)) (VP (VA 适中))))) (PU ，) (VP (VV 保证) (AS 了) (NP (DNP (NP (NN 液态水)) (DEG 的)) (NP (NN 存在)))))) )
北京市西城区2014届高三第一学期期末试卷,39-C,与火星环境相比，地球上存在生命是因为***长期演化，形成适合生物生存的大气,*因为,,因果/并列,因果,,1 5,,,与 火星 环境 相比 ， 地球 上 存在 生命 是 因为 长期 演化 ， 形成 适合 生物 生存 的 大气,与 火星 环境 相比 ， 地球 上 存在 生命 是 因为 长期 演化 ， 形成 适合 生物 生存 的 大气,P loc NN VV PU loc LC VV NN VC P AD VV PU VV VV NN NN DEG NN,( (IP (IP (VP (PP (P 与) (NP (NP (NR 火星)) (NP (NN 环境)))) (VP (VV 相比)))) (PU ，) (IP (LCP (NP (NR 地球)) (LC 上)) (VP (VV 存在) (NP (NN 生命)))) (VP (VC 是) (PP (P 因为) (IP (IP (VP (ADVP (AD 长期)) (VP (VV 演化)))) (PU ，) (VP (VV 形成) (VP (VV 适合) (NP (DNP (NP (NN 生物) (NN 生存)) (DEG 的)) (NP (NN 大气))))))))) )
科大讯飞-地理测试08（北京市朝阳区高三第一学期期末统一考试）,14-A,图中J1，J2两条经线的经度分别为***55°E，60°E,{经纬度},,×,经纬度,,,,2 4 12 14,图 中 J1 ， J2 两 条 经线 的 经度 分别 为 55°E ， 60°E,图 中 J1 ， J2 两 条 经线 的 经度 分别 为 55°E ， 60°E,NN LC num PU num CD M NN DEG NN AD VC num PU num,( (IP (NP (DNP (NP (LCP (NP (NN 图)) (LC 中)) (QP (CD J1) (PU ，) (CD J2)) (QP (CD 两) (CLP (M 条))) (NP (NN 经线))) (DEG 的)) (NP (NN 经度))) (VP (ADVP (AD 分别)) (VP (VC 为) (QP (CD 55°E) (PU ，) (CD 60°E))))) )
科大讯飞-地理测试08（北京市朝阳区高三第一学期期末统一考试）,14-B,图中J1，J2两条经线的经度分别为***135°E，140°E,{经纬度},,×,经纬度,,,,2 4 12 14,图 中 J1 ， J2 两 条 经线 的 经度 分别 为 135°E ， 140°E,图 中 J1 ， J2 两 条 经线 的 经度 分别 为 135°E ， 140°E,NN LC num PU num CD M NN DEG NN AD VC num PU num,( (IP (NP (DNP (NP (LCP (NP (NN 图)) (LC 中)) (QP (CD J1) (PU ，) (CD J2)) (QP (CD 两) (CLP (M 条))) (NP (NN 经线))) (DEG 的)) (NP (NN 经度))) (VP (ADVP (AD 分别)) (VP (VC 为) (QP (CD 135°E) (PU ，) (CD 140°E))))) )
科大讯飞-地理测试08（北京市朝阳区高三第一学期期末统一考试）,14-C,图中J1，J2两条经线的经度分别为***170°E，175°E,{经纬度},,×,经纬度,,,,2 4 12 14,图 中 J1 ， J2 两 条 经线 的 经度 分别 为 170°E ， 175°E,图 中 J1 ， J2 两 条 经线 的 经度 分别 为 170°E ， 175°E,NN LC num PU num CD M NN DEG NN AD VC num PU num,( (IP (NP (DNP (NP (LCP (NP (NN 图)) (LC 中)) (QP (CD J1) (PU ，) (CD J2)) (QP (CD 两) (CLP (M 条))) (NP (NN 经线))) (DEG 的)) (NP (NN 经度))) (VP (ADVP (AD 分别)) (VP (VC 为) (QP (CD 170°E) (PU ，) (CD 175°E))))) )
科大讯飞-地理测试08（北京市朝阳区高三第一学期期末统一考试）,14-D,图中J1，J2两条经线的经度分别为***170°W，165°W,{经纬度},,×,经纬度,,,,2 4 12 14,图 中 J1 ， J2 两 条 经线 的 经度 分别 为 170°W ， 165°W,图 中 J1 ， J2 两 条 经线 的 经度 分别 为 170°W ， 165°W,NN LC num PU num CD M NN DEG NN AD VC num PU num,( (IP (NP (DNP (NP (LCP (NP (NN 图)) (LC 中)) (QP (CD J1) (PU ，) (CD J2)) (QP (CD 两) (CLP (M 条))) (NP (NN 经线))) (DEG 的)) (NP (NN 经度))) (VP (ADVP (AD 分别)) (VP (VC 为) (QP (CD 170°W) (PU ，) (CD 165°W))))) )
科大讯飞-地理测试08（北京市朝阳区高三第一学期期末统一考试）,30-B,发展循环经济是应对全球气候变暖、实现可持续发展的重要途径。不符合循环经济的行为是***城市大量建设垃圾发电厂，化害为利,（？也可以分？）,,因果-目的,,,,5,,发展 循环 经济 是 应对 全球气候变暖 、 实现 可持续 发展 的 重要 途径 。 不 符合 循环 经济 的 行为 是 城市 大量 建设 垃圾 发电厂 ， 化 害 为 利,发展 循环 经济 是 应对 全球 气候 变暖 、 实现 可持续 发展 的 重要 途径 。 不 符合 循环 经济 的 行为 是 城市 大量 建设 垃圾 发电厂 ， 化 害 为 利,VV JJ NN VC VV term PU VV JJ NN DEG JJ NN PU AD VV JJ NN DEG NN VC NN AD VV NN NN PU VV NN VV NN,( (IP (IP (IP (VP (VV 发展) (NP (ADJP (JJ 循环)) (NP (NN 经济))))) (VP (VC 是) (VP (VP (VV 应对) (NP (NN 全球气候变暖))) (PU 、) (VP (VV 实现) (NP (DNP (NP (ADJP (JJ 可持续)) (NP (NN 发展))) (DEG 的)) (ADJP (JJ 重要)) (NP (NN 途径))))))) (PU 。) (IP (IP (VP (ADVP (AD 不)) (VP (VV 符合) (NP (DNP (NP (ADJP (JJ 循环)) (NP (NN 经济))) (DEG 的)) (NP (NN 行为)))))) (VP (VC 是) (IP (NP (NN 城市)) (VP (ADVP (AD 大量)) (VP (VP (VV 建设) (NP (NN 垃圾) (NN 发电厂))) (PU ，) (VP (VP (VV 化) (NP (NN 害))) (VP (VV 为) (NP (NN 利)))))))))) )
科大讯飞-地理测试09（北京市东城区2011届高三第一学期期末教学统一检测）,17-A,明代郑和七下西洋，利用盛行风在甲、丙、丁三地之间往返，下列叙述正确的是***夏季，利用东北风，从甲地经丙地到达丁地,利用，《》,,因果-目的？,一个为时间词，一个为工具,17,8 23 25 27,6 20,,明代 郑和 七下 西洋 ， 利用 盛行风 在 甲、丙、丁三地 之间 往返 ， 下列 叙述 正确 的 是 夏季 ， 利用 东北风 ， 从 甲地 经 丙地 到达 丁地,明代 郑和 七下 西洋 ， 利用 盛行风 在 甲 、 丙 、 丁三地 之间 往返 ， 下列 叙述 正确 的 是 夏季 ， 利用 东北风 ， 从 甲地 经 丙地 到达 丁地,NR NR VV NN PU VV term P loc LC VV PU JJ NN VA DEC VC time PU VV term PU P loc P loc VV loc,( (IP (IP (NP (NR 明代) (NR 郑和)) (VP (VV 七下) (NP (NN 西洋)))) (PU ，) (IP (VP (VP (VV 利用) (NP (NN 盛行风))) (VP (PP (P 在) (LCP (NP (NR 甲、丙、丁三地)) (LC 之间))) (VP (VV 往返))))) (PU ，) (IP (NP (ADJP (JJ 下列)) (NP (NN 叙述))) (NP (CP (IP (VP (VA 正确))) (DEC 的))) (VP (VC 是) (NP (NT 夏季)))) (PU ，) (IP (VP (VV 利用) (NP (NN 东北风)))) (PU ，) (IP (VP (PP (P 从) (NP (NR 甲地))) (PP (P 经) (NP (NR 丙地))) (VP (VV 到达) (NP (NR 丁地)))))) )
科大讯飞-地理测试09（北京市东城区2011届高三第一学期期末教学统一检测）,17-B,明代郑和七下西洋，利用盛行风在甲、丙、丁三地之间往返，下列叙述正确的是***夏季，利用西南风，从丁地经丙地返回甲地,利用，《》,,因果-目的？,,17,8 23 25 27,6 20,,明代 郑和 七下 西洋 ， 利用 盛行风 在 甲、丙、丁三地 之间 往返 ， 下列 叙述 正确 的 是 夏季 ， 利用 西南风 ， 从 丁地 经 丙地 返回 甲地,明代 郑和 七下 西洋 ， 利用 盛行风 在 甲 、 丙 、 丁三地 之间 往返 ， 下列 叙述 正确 的 是 夏季 ， 利用 西南风 ， 从 丁地 经 丙地 返回 甲地,NR NR VV NN PU VV term P loc LC VV PU JJ NN VA DEC VC time PU VV term PU P loc P loc VV loc,( (IP (IP (NP (NR 明代) (NR 郑和)) (VP (VV 七下) (NP (NN 西洋)))) (PU ，) (IP (VP (VP (VV 利用) (NP (NN 盛行风))) (VP (PP (P 在) (LCP (NP (NR 甲、丙、丁三地)) (LC 之间))) (VP (VV 往返))))) (PU ，) (IP (NP (ADJP (JJ 下列)) (NP (NN 叙述))) (NP (CP (IP (VP (VA 正确))) (DEC 的))) (VP (VC 是) (NP (NT 夏季)))) (PU ，) (IP (VP (VV 利用) (NP (NN 西南风)))) (PU ，) (IP (VP (PP (PP (P 从) (NP (NR 丁地))) (PP (P 经) (NP (NR 丙地)))) (VP (VV 返回) (NP (NR 甲地)))))) )
科大讯飞-地理测试09（北京市东城区2011届高三第一学期期末教学统一检测）,17-C,明代郑和七下西洋，利用盛行风在甲、丙、丁三地之间往返，下列叙述正确的是***冬季，利用西南风，从甲地经丙地到达丁地,利用，《》,,因果-目的？,,17,8 23 25 27,6 20,,明代 郑和 七下 西洋 ， 利用 盛行风 在 甲、丙、丁三地 之间 往返 ， 下列 叙述 正确 的 是 冬季 ， 利用 西南风 ， 从 甲地 经 丙地 到达 丁地,明代 郑和 七下 西洋 ， 利用 盛行风 在 甲 、 丙 、 丁三地 之间 往返 ， 下列 叙述 正确 的 是 冬季 ， 利用 西南风 ， 从 甲地 经 丙地 到达 丁地,NR NR VV NN PU VV term P loc LC VV PU JJ NN VA DEC VC time PU VV term PU P loc P loc VV loc,( (IP (IP (NP (NR 明代) (NR 郑和)) (VP (VV 七下) (NP (NN 西洋)))) (PU ，) (IP (VP (VP (VV 利用) (NP (NN 盛行风))) (VP (PP (P 在) (LCP (NP (NR 甲、丙、丁三地)) (LC 之间))) (VP (VV 往返))))) (PU ，) (IP (NP (ADJP (JJ 下列)) (NP (NN 叙述))) (NP (CP (IP (VP (VA 正确))) (DEC 的))) (VP (VC 是) (NP (NT 冬季)))) (PU ，) (IP (VP (VV 利用) (NP (NN 西南风)))) (PU ，) (IP (VP (PP (P 从) (NP (NR 甲地))) (PP (P 经) (NP (NR 丙地))) (VP (VV 到达) (NP (NR 丁地)))))) )
科大讯飞-地理测试09（北京市东城区2011届高三第一学期期末教学统一检测）,17-D,明代郑和七下西洋，利用盛行风在甲、丙、丁三地之间往返，下列叙述正确的是***冬季，利用东北风，从丁地经丙地返回甲地,利用，《》,,因果-目的？,,17,8 23 25 27,6 20,,明代 郑和 七下 西洋 ， 利用 盛行风 在 甲、丙、丁三地 之间 往返 ， 下列 叙述 正确 的 是 冬季 ， 利用 东北风 ， 从 丁地 经 丙地 返回 甲地,明代 郑和 七下 西洋 ， 利用 盛行风 在 甲 、 丙 、 丁三地 之间 往返 ， 下列 叙述 正确 的 是 冬季 ， 利用 东北风 ， 从 丁地 经 丙地 返回 甲地,NR NR VV NN PU VV term P loc LC VV PU JJ NN VA DEC VC time PU VV term PU P loc P loc VV loc,( (IP (IP (NP (NR 明代) (NR 郑和)) (VP (VV 七下) (NP (NN 西洋)))) (PU ，) (IP (VP (VP (VV 利用) (NP (NN 盛行风))) (VP (PP (P 在) (LCP (NP (NR 甲、丙、丁三地)) (LC 之间))) (VP (VV 往返))))) (PU ，) (IP (NP (ADJP (JJ 下列)) (NP (NN 叙述))) (NP (CP (IP (VP (VA 正确))) (DEC 的))) (VP (VC 是) (NP (NT 冬季)))) (PU ，) (IP (VP (VV 利用) (NP (NN 东北风)))) (PU ，) (IP (VP (PP (PP (P 从) (NP (NR 丁地))) (PP (P 经) (NP (NR 丙地)))) (VP (VV 返回) (NP (NR 甲地)))))) )
科大讯飞-地理测试10（北京市东城区普通校2013届高三联考）,6-A,甲图为大气受热过程示意图。青藏高原与四川盆地纬度相当，关于两地热力状况的比较，正确的是***青藏高原的年平均气温较低，与①大小有关,与...有关,,×？,关联、影响关系,,7 9 24,10,,甲图 为 大气 受热 过程 示意图 。 青藏高原 与 四川盆地 纬度 相当 ， 关于 两 地 热力 状况 的 比较 ， 正确 的 是 青藏高原 的 年 平均 气温 较 低 ， 与 ① 大小 有关,甲图 为 大气 受热 过程 示意图 。 青藏 高原 与 四川 盆地 纬度 相当 ， 关于 两 地 热力 状况 的 比较 ， 正确 的 是 青藏 高原 的 年 平均 气温 较 低 ， 与 ① 大小 有关,NN VC NN NN NN NN PU loc CC loc term AD PU P CD NN NN NN DEG NN PU VA DEC VC loc DEG JJ JJ NN AD VA PU P NN NN VV,( (IP (IP (NP (NN 甲图)) (VP (VC 为) (NP (NP (NN 大气) (NN 受热) (NN 过程)) (NP (NN 示意图))))) (PU 。) (IP (IP (NP (NP (NR 青藏高原) (CC 与) (NR 四川盆地)) (NP (NN 纬度))) (VP (ADVP (AD 相当)) (PU ，) (VP (P 关于) (NP (DNP (NP (NP (QP (CD 两)) (NP (NN 地))) (NP (NN 热力) (NN 状况))) (DEG 的)) (NP (NN 比较)))))) (PU ，) (NP (CP (IP (VP (VA 正确))) (DEC 的))) (VP (VC 是) (IP (IP (NP (DNP (NP (NR 青藏高原)) (DEG 的)) (ADJP (JJ 年)) (ADJP (JJ 平均)) (NP (NN 气温))) (VP (ADVP (AD 较)) (VP (VA 低)))) (PU ，) (IP (VP (PP (P 与) (NP (NN ①) (NN 大小))) (VP (VV 有关)))))))) )
科大讯飞-地理测试10（北京市东城区普通校2013届高三联考）,6-B,甲图为大气受热过程示意图。青藏高原与四川盆地纬度相当，关于两地热力状况的比较，正确的是***四川盆地的年太阳总辐射量较小，与②大小有关,与...有关,,×？,,,7 9 24,10 26,,甲图 为 大气 受热 过程 示意图 。 青藏高原 与 四川盆地 纬度 相当 ， 关于 两 地 热力 状况 的 比较 ， 正确 的 是 四川盆地 的 年太阳总辐射量 较 小 ， 与 ② 大小 有关,甲图 为 大气 受热 过程 示意图 。 青藏 高原 与 四川 盆地 纬度 相当 ， 关于 两 地 热力 状况 的 比较 ， 正确 的 是 四川 盆地 的 年 太阳 总 辐射量 较 小 ， 与 ② 大小 有关,NN VC NN NN NN NN PU loc CC loc term AD PU P CD NN NN NN DEG NN PU VA DEC VC loc DEG term AD VA PU P NN NN VV,( (IP (IP (NP (NN 甲图)) (VP (VC 为) (NP (NP (NN 大气) (NN 受热) (NN 过程)) (NP (NN 示意图))))) (PU 。) (IP (IP (NP (NP (NR 青藏高原) (CC 与) (NR 四川盆地)) (NP (NN 纬度))) (VP (ADVP (AD 相当)) (PU ，) (VP (P 关于) (NP (DNP (NP (NP (QP (CD 两)) (NP (NN 地))) (NP (NN 热力) (NN 状况))) (DEG 的)) (NP (NN 比较)))))) (PU ，) (NP (CP (IP (VP (VA 正确))) (DEC 的))) (VP (VC 是) (IP (IP (NP (DNP (NP (NR 四川盆地)) (DEG 的)) (NP (NN 年太阳总辐射量))) (VP (ADVP (AD 较)) (VP (VA 小)))) (PU ，) (IP (VP (PP (P 与) (NP (NN ②) (NN 大小))) (VP (VV 有关)))))))) )
科大讯飞-地理测试10（北京市东城区普通校2013届高三联考）,6-C,甲图为大气受热过程示意图。青藏高原与四川盆地纬度相当，关于两地热力状况的比较，正确的是***四川盆地的气温日较差较小，与③大小有关,与...有关,,×？,,,7 9 24,10 26,,甲图 为 大气 受热 过程 示意图 。 青藏高原 与 四川盆地 纬度 相当 ， 关于 两 地 热力 状况 的 比较 ， 正确 的 是 四川盆地 的 气温日较差 较 小 ， 与 ③ 大小 有关,甲图 为 大气 受热 过程 示意图 。 青藏 高原 与 四川 盆地 纬度 相当 ， 关于 两 地 热力 状况 的 比较 ， 正确 的 是 四川 盆地 的 气温 日较差 较 小 ， 与 ③ 大小 有关,NN VC NN NN NN NN PU loc CC loc term AD PU P CD NN NN NN DEG NN PU VA DEC VC loc DEG term AD VA PU P NN NN VV,( (IP (IP (NP (NN 甲图)) (VP (VC 为) (NP (NP (NN 大气) (NN 受热) (NN 过程)) (NP (NN 示意图))))) (PU 。) (IP (IP (NP (NP (NR 青藏高原) (CC 与) (NR 四川盆地)) (NP (NN 纬度))) (VP (ADVP (AD 相当)) (PU ，) (VP (P 关于) (NP (DNP (NP (NP (QP (CD 两)) (NP (NN 地))) (NP (NN 热力) (NN 状况))) (DEG 的)) (NP (NN 比较)))))) (PU ，) (NP (CP (IP (VP (VA 正确))) (DEC 的))) (VP (VC 是) (IP (IP (NP (DNP (NP (NR 四川盆地)) (DEG 的)) (NP (NN 气温日较差))) (VP (ADVP (AD 较)) (VP (VA 小)))) (PU ，) (IP (VP (PP (P 与) (NP (NN ③) (NN 大小))) (VP (VV 有关)))))))) )
科大讯飞-地理测试10（北京市东城区普通校2013届高三联考）,6-D,甲图为大气受热过程示意图。青藏高原与四川盆地纬度相当，关于两地热力状况的比较，正确的是***青藏高原的年太阳辐射总量较大，与④大小有关,与...有关,,×？,,,7 9 24,10 26,,甲图 为 大气 受热 过程 示意图 。 青藏高原 与 四川盆地 纬度 相当 ， 关于 两 地 热力 状况 的 比较 ， 正确 的 是 青藏高原 的 年太阳辐射总量 较 大 ， 与 ④ 大小 有关,甲图 为 大气 受热 过程 示意图 。 青藏 高原 与 四川 盆地 纬度 相当 ， 关于 两 地 热力 状况 的 比较 ， 正确 的 是 青藏 高原 的 年 太阳 辐射 总量 较 大 ， 与 ④ 大小 有关,NN VC NN NN NN NN PU loc CC loc term AD PU P CD NN NN NN DEG NN PU VA DEC VC loc DEG term AD VA PU P NN NN VV,( (IP (IP (NP (NN 甲图)) (VP (VC 为) (NP (NP (NN 大气) (NN 受热) (NN 过程)) (NP (NN 示意图))))) (PU 。) (IP (IP (NP (NP (NR 青藏高原) (CC 与) (NR 四川盆地)) (NP (NN 纬度))) (VP (ADVP (AD 相当)) (PU ，) (VP (P 关于) (NP (DNP (NP (NP (QP (CD 两)) (NP (NN 地))) (NP (NN 热力) (NN 状况))) (DEG 的)) (NP (NN 比较)))))) (PU ，) (NP (CP (IP (VP (VA 正确))) (DEC 的))) (VP (VC 是) (IP (IP (NP (DNP (NP (NR 青藏高原)) (DEG 的)) (NP (NN 年太阳辐射总量))) (VP (ADVP (AD 较)) (VP (VA 大)))) (PU ，) (IP (VP (PP (P 与) (NP (NN ④) (NN 大小))) (VP (VV 有关)))))))) )
科大讯飞-地理测试11（北京市海淀区高三第一学期期末练习）,1-C,关于1970―2000年间人口变化的相关叙述，正确的是***1975―1985年期间，我国人口数量先增后降,《》,,解说，×,一个是时间,1 12,,,,关于 1970―2000年 间 人口 变化 的 相关 叙述 ， 正确 的 是 1975―1985年 期间 ， 我国 人口 数量 先 增 后 降,关于 1970― 2000年 间 人口 变化 的 相关 叙述 ， 正确 的 是 1975 ― 1985年 期间 ， 我国 人口 数量 先 增 后 降,P time LC NN NN DEG JJ NN PU VA DEC VC time NN PU NR NN NN AD VV AD VV,( (IP (PP (P 关于) (NP (LCP (NP (NT 1970―2000年)) (LC 间)) (DNP (NP (NN 人口) (NN 变化)) (DEG 的)) (ADJP (JJ 相关)) (NP (NN 叙述)))) (PU ，) (NP (CP (IP (VP (VA 正确))) (DEC 的))) (VP (VC 是) (IP (NP (NT 1975―1985年) (NN 期间)) (PU ，) (NP (NP (NP (NR 我国)) (NP (NN 人口))) (NP (NN 数量))) (VP (VP (ADVP (AD 先)) (VP (VV 增))) (VP (ADVP (AD 后)) (VP (VV 降))))))) )
科大讯飞-地理测试11（北京市海淀区高三第一学期期末练习）,3-①,近年来，城市内涝在我国一些大城市相继出现，下列有关城市内涝产生原因的叙述，正确的是***城市地表硬化面积过大，不利于下渗,不利于,,因果,,,,3 14,,近年来 ， 城市 内涝 在 我国 一些 大城市 相继 出现 ， 下列 有关 城市 内涝 产生 原因 的 叙述 ， 正确 的 是 城市 地表 硬化 面积 过 大 ， 不利于 下渗,近年来 ， 城市 内涝 在 我国 一些 大城市 相继 出现 ， 下列 有关 城市 内涝 产生 原因 的 叙述 ， 正确 的 是 城市 地表 硬化 面积 过 大 ， 不利于 下渗,NT PU NN term P NR CD NR AD VV PU JJ JJ NN term VV NN DEG NN PU VA DEC VC NN NN VV NN AD VA PU VV NN,( (IP (IP (NP (NT 近年来)) (PU ，) (NP (NN 城市) (NN 内涝)) (VP (PP (P 在) (NP (NP (NR 我国)) (QP (CD 一些)) (NP (NR 大城市)))) (ADVP (AD 相继)) (VP (VV 出现)))) (PU ，) (IP (NP (NP (ADJP (JJ 下列)) (ADJP (JJ 有关)) (NP (NN 城市))) (NP (NN 内涝))) (VP (VV 产生) (NP (DNP (NP (NN 原因)) (DEG 的)) (NP (NN 叙述))))) (PU ，) (NP (CP (IP (VP (VA 正确))) (DEC 的))) (VP (VC 是) (IP (IP (NP (NN 城市) (NN 地表)) (VP (VV 硬化))) (IP (NP (NN 面积)) (VP (ADVP (AD 过)) (VP (VA 大)))) (PU ，) (IP (VP (VV 不利于) (NP (NN 下渗))))))) )
科大讯飞-地理测试11（北京市海淀区高三第一学期期末练习）,3-④,近年来，城市内涝在我国一些大城市相继出现，下列有关城市内涝产生原因的叙述，正确的是***城市化带来的“雨岛效应”，易导致降水强度增大,易导致,,因果,,,,3 14 27,,近年来 ， 城市 内涝 在 我国 一些 大城市 相继 出现 ， 下列 有关 城市 内涝 产生 原因 的 叙述 ， 正确 的 是 城市化 带来 的 “ 雨岛效应 ” ， 易 导致 降水 强度 增大,近年来 ， 城市 内涝 在 我国 一些 大城市 相继 出现 ， 下列 有关 城市 内涝 产生 原因 的 叙述 ， 正确 的 是 城市化 带来 的 “ 雨岛 效应 ” ， 易 导致 降水 强度 增大,NT PU NN term P NR CD NR AD VV PU JJ JJ NN term NN NN DEG NN PU VA DEC VC NN VV DEC PU term PU PU AD VV NN NN VV,( (IP (IP (NP (NT 近年来)) (PU ，) (NP (NN 城市) (NN 内涝)) (VP (PP (P 在) (NP (NP (NR 我国)) (QP (CD 一些)) (NP (NR 大城市)))) (ADVP (AD 相继)) (VP (VV 出现)))) (PU ，) (NP (NP (NP (ADJP (JJ 下列)) (ADJP (JJ 有关)) (NP (NN 城市))) (NP (NN 内涝))) (DNP (NP (NN 产生) (NN 原因)) (DEG 的)) (NP (NN 叙述))) (PU ，) (NP (CP (IP (VP (VA 正确))) (DEC 的))) (VP (VP (VC 是) (NP (CP (IP (NP (NN 城市化)) (VP (VV 带来))) (DEC 的)) (NP (PU “) (NN 雨岛效应) (PU ”)))) (PU ，) (VP (ADVP (AD 易)) (VP (VV 导致) (IP (NP (NN 降水) (NN 强度)) (VP (VV 增大))))))) )
科大讯飞-地理测试11（北京市海淀区高三第一学期期末练习）,22-A,改革开放初期，以深圳为代表的珠江三角洲地区城市化发展主要得益于***南海油气资源丰富，促进了国土开发,促进,,因果,,,5 9 14,,,改革 开放 初期 ， 以 深圳 为 代表 的 珠江三角洲地区 城市化 发展 主要 得益于 南海 油气 资源 丰富 ， 促进 了 国土 开发,改革 开放 初期 ， 以 深圳 为 代表 的 珠江 三角洲 地区 城市化 发展 主要 得益于 南海 油气 资源 丰富 ， 促进 了 国土 开发,NN NN NN PU P loc VV NN DEC loc NN NN AD VV loc NN NN VA PU VV AS NN NN,( (IP (NP (NN 改革) (NN 开放) (NN 初期)) (PU ，) (NP (CP (IP (VP (PP (P 以) (NP (NR 深圳))) (VP (VV 为) (NP (NN 代表))))) (DEC 的)) (NP (NR 珠江三角洲地区))) (NP (NN 城市化) (NN 发展)) (VP (VP (ADVP (AD 主要)) (VP (IP (VP (VV 得益于) (NP (NP (NR 南海)) (NP (NN 油气) (NN 资源))))) (VP (VA 丰富)))) (PU ，) (VP (VV 促进) (AS 了) (NP (NN 国土) (NN 开发))))) )
科大讯飞-地理测试11（北京市海淀区高三第一学期期末练习）,22-D,改革开放初期，以深圳为代表的珠江三角洲地区城市化发展主要得益于***外资企业建立，带动地区工业化发展,带动,,因果,（两个子句根节点的短语类型是否相同来看，这里句法分析结果也不对）,,5 9,,,改革 开放 初期 ， 以 深圳 为 代表 的 珠江三角洲地区 城市化 发展 主要 得益于 外资 企业 建立 ， 带动 地区 工业化 发展,改革 开放 初期 ， 以 深圳 为 代表 的 珠江 三角洲 地区 城市化 发展 主要 得益于 外资 企业 建立 ， 带动 地区 工业化 发展,NN NN NN PU P loc VV NN DEC loc NN NN AD VV NN NN VV PU VV NN NN NN,( (IP (NP (NN 改革) (NN 开放) (NN 初期)) (PU ，) (NP (CP (IP (VP (PP (P 以) (NP (NR 深圳))) (VP (VV 为) (NP (NN 代表))))) (DEC 的)) (NP (NR 珠江三角洲地区)) (NP (NN 城市化) (NN 发展))) (VP (ADVP (AD 主要)) (VP (VP (VV 得益于) (NP (NN 外资) (NN 企业)) (IP (VP (VV 建立)))) (PU ，) (VP (VV 带动) (NP (NN 地区) (NN 工业化) (NN 发展)))))) )
科大讯飞-地理测试11（北京市海淀区高三第一学期期末练习）,23-A,下列关于图中等温线与甲、乙、丙、丁四地气温的叙述，正确的是***受地形因素影响，1月－18℃等温线向北突出,受...影响,,因果,,18,5,3,19,下列 关于 图中 等温线 与 甲、乙、丙、丁四地 气温 的 叙述 ， 正确 的 是 受 地形 因素 影响 ， 1月 －18℃ 等温线 向 北 突出,下列 关于 图中 等温线 与 甲 、 乙 、 丙 、 丁 四 地 气温 的 叙述 ， 正确 的 是 受 地形 因素 影响 ， 1月 － 18 ℃ 等温线 向 北 突出,JJ P NN term CC loc NN DEG NN PU VA DEC VC VV NN NN NN PU time num NN P NN VV,( (IP (IP (NP (ADJP (JJ 下列)) (DNP (PP (P 关于) (NP (NP (NN 图中) (NN 等温线)) (CC 与) (NP (NP (NR 甲、乙、丙、丁四地)) (NP (NN 气温))))) (DEG 的)) (NP (NN 叙述))) (PU ，) (NP (CP (IP (VP (VA 正确))) (DEC 的))) (VP (VC 是) (NP (CP (IP (VP (VV 受) (NP (NN 地形))))) (NP (NN 因素) (NN 影响))))) (PU ，) (IP (NP (NT 1月)) (NP (QP (CD －18℃)) (NP (NN 等温线))) (VP (PP (P 向) (NP (NN 北))) (VP (VV 突出))))) )
科大讯飞-地理测试11（北京市海淀区高三第一学期期末练习）,23-B,下列关于图中等温线与甲、乙、丙、丁四地气温的叙述，正确的是***受纬度因素影响，7月18℃等温线呈东北―西南方向延伸,受...影响,,因果,,18,5,3,19,下列 关于 图中 等温线 与 甲、乙、丙、丁四地 气温 的 叙述 ， 正确 的 是 受 纬度 因素 影响 ， 7月 18℃ 等温线 呈 东北 ― 西南 方向 延伸,下列 关于 图中 等温线 与 甲 、 乙 、 丙 、 丁 四 地 气温 的 叙述 ， 正确 的 是 受 纬度 因素 影响 ， 7月 18 ℃ 等温线 呈 东北 ― 西南 方向 延伸,JJ P NN term CC loc NN DEG NN PU VA DEC VC VV NN NN NN PU time num NN VV NN PU NN NN VV,( (IP (IP (NP (ADJP (JJ 下列)) (DNP (PP (P 关于) (NP (NP (NN 图中) (NN 等温线)) (CC 与) (NP (NP (NR 甲、乙、丙、丁四地)) (NP (NN 气温))))) (DEG 的)) (NP (NN 叙述))) (PU ，) (NP (CP (IP (VP (VA 正确))) (DEC 的))) (VP (VC 是) (NP (CP (IP (VP (VV 受) (NP (NN 纬度) (NN 因素))))) (NP (NN 影响))))) (PU ，) (IP (NP (NT 7月)) (NP (QP (CD 18℃)) (NP (NN 等温线))) (VP (VV 呈) (NP (NN 东北)))) (PU ―) (NP (NN 西南) (NN 方向)) (VP (VV 延伸))) )
科大讯飞-地理测试11（北京市海淀区高三第一学期期末练习）,24-A,关于图中甲、乙、丙、丁四地自然条件与农业发展的叙述，正确的是***甲地草原辽阔，利于发展乳畜业,利于,,因果,,,3 15,16,,关于 图 中 甲、乙、丙、丁四地 自然 条件 与 农业 发展 的 叙述 ， 正确 的 是 甲地 草原 辽阔 ， 利于 发展 乳畜业,关于 图 中 甲 、 乙 、 丙 、 丁 四 地 自然 条件 与 农业 发展 的 叙述 ， 正确 的 是 甲地 草原 辽阔 ， 利于 发展 乳畜业,P NN LC loc NN NN CC NN NN DEG NN PU VA DEC VC loc term VA PU VV VV NN,( (IP (PP (P 关于) (NP (DNP (NP (LCP (NP (NN 图)) (LC 中)) (NP (NR 甲、乙、丙、丁四地)) (NP (NN 自然) (NN 条件) (CC 与) (NN 农业) (NN 发展))) (DEG 的)) (NP (NN 叙述)))) (PU ，) (NP (CP (IP (VP (VA 正确))) (DEC 的))) (VP (VC 是) (IP (NP (NP (NR 甲地)) (NP (NN 草原))) (VP (VP (VA 辽阔)) (PU ，) (VP (VV 利于) (VP (VV 发展) (NP (NN 乳畜业)))))))) )
科大讯飞-地理测试11（北京市海淀区高三第一学期期末练习）,24-C,关于图中甲、乙、丙、丁四地自然条件与农业发展的叙述，正确的是***丙地河流稀少，利于商品谷物农业发展,利于,,因果,,,3 15,20,,关于 图 中 甲、乙、丙、丁四地 自然 条件 与 农业 发展 的 叙述 ， 正确 的 是 丙地 河流 稀少 ， 利于 商品谷物农业 发展,关于 图 中 甲 、 乙 、 丙 、 丁 四 地 自然 条件 与 农业 发展 的 叙述 ， 正确 的 是 丙地 河流 稀少 ， 利于 商品 谷物 农业 发展,P NN LC loc NN NN CC NN NN DEG NN PU VA DEC VC loc NN VA PU VV term NN,( (IP (PP (P 关于) (NP (DNP (NP (NP (LCP (NP (NN 图)) (LC 中)) (NP (NR 甲、乙、丙、丁四地))) (NP (NN 自然) (NN 条件) (CC 与) (NN 农业) (NN 发展))) (DEG 的)) (NP (NN 叙述)))) (PU ，) (NP (CP (IP (VP (VA 正确))) (DEC 的))) (VP (VC 是) (NP (IP (NP (NR 丙地) (NN 河流)) (VP (VP (VA 稀少)) (PU ，) (VP (VV 利于) (NP (NN 商品谷物农业))))) (NP (NN 发展))))) )
科大讯飞-地理测试12（北京市西城区2013届高三第一学期期末试卷）,8-A,关于导致北京遭遇暴雪的天气系统的相关叙述，正确的是***冷锋过境，锋前暖气团湿度较大,《》,,并列/递进？,前半句表示时间条件,,2,15,,关于 导致 北京 遭遇 暴雪 的 天气 系统 的 相关 叙述 ， 正确 的 是 冷锋 过境 ， 锋前 暖气团 湿度 较 大,关于 导致 北京 遭遇 暴雪 的 天气 系统 的 相关 叙述 ， 正确 的 是 冷锋 过境 ， 锋前 暖气团 湿度 较 大,P VV loc VV NN DEG NN NN DEG JJ NN PU VA DEC VC term VV PU JJ NN NN AD VA,( (IP (NP (DNP (NP (DNP (PP (P 关于) (IP (VP (VV 导致) (IP (NP (NR 北京)) (VP (VV 遭遇) (NP (NN 暴雪))))))) (DEG 的)) (NP (NN 天气) (NN 系统))) (DEG 的)) (ADJP (JJ 相关)) (NP (NN 叙述))) (PU ，) (NP (CP (IP (VP (VA 正确))) (DEC 的))) (VP (VC 是) (IP (IP (NP (NN 冷锋)) (VP (VV 过境))) (PU ，) (IP (NP (ADJP (JJ 锋前)) (NP (NN 暖气团))) (NP (NN 湿度)) (VP (ADVP (AD 较)) (VP (VA 大))))))) )
科大讯飞-地理测试12（北京市西城区2013届高三第一学期期末试卷）,8-B,关于导致北京遭遇暴雪的天气系统的相关叙述，正确的是***受准静止锋影响，形成持续降水,受...影响,,因果,,,2,16,,关于 导致 北京 遭遇 暴雪 的 天气 系统 的 相关 叙述 ， 正确 的 是 受 准静止锋 影响 ， 形成 持续 降水,关于 导致 北京 遭遇 暴雪 的 天气 系统 的 相关 叙述 ， 正确 的 是 受 准 静止锋 影响 ， 形成 持续 降水,P VV loc VV NN DEG NN NN DEG JJ NN PU VA DEC VC VV term NN PU VV JJ NN,( (IP (NP (DNP (NP (DNP (PP (P 关于) (IP (VP (VV 导致) (IP (NP (NR 北京)) (VP (VV 遭遇) (NP (NN 暴雪))))))) (DEG 的)) (NP (NN 天气) (NN 系统))) (DEG 的)) (ADJP (JJ 相关)) (NP (NN 叙述))) (PU ，) (NP (CP (IP (VP (VA 正确))) (DEC 的))) (VP (VC 是) (VP (VP (VV 受) (NP (NN 准静止锋) (NN 影响))) (PU ，) (VP (VV 形成) (NP (ADJP (JJ 持续)) (NP (NN 降水))))))) )
科大讯飞-地理测试12（北京市西城区2013届高三第一学期期末试卷）,8-D,关于导致北京遭遇暴雪的天气系统的相关叙述，正确的是***受台风影响，形成暴雪,受...影响,,因果,,,2,16,,关于 导致 北京 遭遇 暴雪 的 天气 系统 的 相关 叙述 ， 正确 的 是 受 台风 影响 ， 形成 暴雪,关于 导致 北京 遭遇 暴雪 的 天气 系统 的 相关 叙述 ， 正确 的 是 受 台风 影响 ， 形成 暴雪,P VV loc VV NN DEG NN NN DEG JJ NN PU VA DEC VC VV term NN PU VV NN,( (IP (NP (DNP (NP (DNP (PP (P 关于) (IP (VP (VV 导致) (IP (NP (NR 北京)) (VP (VV 遭遇) (NP (NN 暴雪))))))) (DEG 的)) (NP (NN 天气) (NN 系统))) (DEG 的)) (ADJP (JJ 相关)) (NP (NN 叙述))) (PU ，) (NP (CP (IP (VP (VA 正确))) (DEC 的))) (VP (VC 是) (IP (VP (VP (VV 受) (NP (NN 台风) (NN 影响))) (PU ，) (VP (VV 形成) (NP (NN 暴雪))))))) )
科大讯飞-地理测试12（北京市西城区2013届高三第一学期期末试卷）,26-C,黑龙江省和西藏自治区沼泽湿地成因的相似之处是***冰雪覆盖，有利于下渗,有利于,,因果,,,0 2,3 4,,黑龙江省 和 西藏自治区 沼泽 湿地 成因 的 相似 之 处 是 冰雪 覆盖 ， 有利于 下渗,黑龙江省 和 西藏 自治区 沼泽 湿地 成因 的 相似 之 处 是 冰雪 覆盖 ， 有利于 下渗,loc CC loc term term NN DEG VA DEC NN VC NN VV PU VV VV,( (IP (NP (DNP (NP (NP (NR 黑龙江省) (CC 和) (NR 西藏自治区)) (NP (NN 沼泽) (NN 湿地) (NN 成因))) (DEG 的)) (CP (IP (VP (VA 相似))) (DEC 之)) (NP (NN 处))) (VP (VC 是) (IP (IP (NP (NN 冰雪)) (VP (VV 覆盖))) (PU ，) (VP (VV 有利于) (IP (VP (VV 下渗))))))) )
科大讯飞-地理测试12（北京市西城区2013届高三第一学期期末试卷）,27-A,下列关于两地湿地变化的原因和影响的叙述，不正确的是***黑龙江湿地大幅减少，主要是由于农业基地的开发,由于,,因果,,,17,4,,下列 关于 两 地 湿地 变化 的 原因 和 影响 的 叙述 ， 不 正确 的 是 黑龙江湿地 大幅 减少 ， 主要 是 由于 农业 基地 的 开发,下列 关于 两 地 湿地 变化 的 原因 和 影响 的 叙述 ， 不 正确 的 是 黑龙江 湿地 大幅 减少 ， 主要 是 由于 农业 基地 的 开发,JJ P CD NN term NN DEG NN CC NN DEG NN PU AD VA DEC VC loc AD VV PU AD VC P NN NN DEG NN,( (IP (NP (ADJP (JJ 下列)) (DNP (PP (P 关于) (NP (NP (QP (CD 两)) (NP (NN 地))) (NP (NN 湿地) (NN 变化)))) (DEG 的)) (DNP (NP (NN 原因) (CC 和) (NN 影响)) (DEG 的)) (NP (NN 叙述))) (PU ，) (NP (CP (IP (VP (ADVP (AD 不)) (VP (VA 正确)))) (DEC 的))) (VP (VC 是) (IP (NP (NR 黑龙江湿地)) (VP (VP (ADVP (AD 大幅)) (VP (VV 减少))) (PU ，) (VP (ADVP (AD 主要)) (VP (VC 是) (PP (P 由于) (NP (DNP (NP (NN 农业) (NN 基地)) (DEG 的)) (NP (NN 开发)))))))))) )
,,,,,,,,,,,,,,
,,,,,,,,,,,,,,
,,,,,,,,,,,,,,
,,,,,,,,,,,,,,
,,题干的最后一个词的word、postag或许对是否可拆分影响比较大,,,,,,,,,,,,
,,例如有很多最后几个词是“正确的是”,,,,,,,,,,,,
,,例如有一些最后几个词时“若”“有利于”等等,,,,,,,,,,,,
,,,,,,,,,,,,,,
,,如果题干最后一个字是“是”，一般来说后面并列或者后面是一个完整的句子但内部不并列,,,,,,,,,,,,
,,,,,,,,,,,,,,
,,,,,,,,,,,,,,
,,特征总结：,,,,,,,,,,,,
,,是否含有关键字（可利用模板关键字进行扩展）,,,,,,,,,,,,
,,选项前最后一个词,,,,,,,,,,,,
,,选项分句的长度组合（或者SVM用长度差）,,,,,,,,,,,,
,,子句词性的编辑距离,,,,,,,,,,,,
,,子句是否包含时间词,,,,,,,,,,,,
,,子句是否包含地点词,,,,,,,,,,,,
,,选项中逗号的个数,,,,,,,,,,,,
,,每个子句第一个词的词性是否相同,,,,,,,,,,,,
,,每个子句最后一个词的词性是否相同,,,,,,,,,,,,
