试卷名,编号,文本,拆分信息,时间,地点,术语,数量词,（粗粒度）分词,（细粒度）分词,词性,成分分析,简化模板,完整模板,简化模板线索词,完整模板线索词,简化模板类型,完整模板类型,（auto）时间,（auto）地点,（auto粗粒度）分词,（auto细粒度）分词,（auto）词性,（auto）成分分析
2006-北京,7-A,不够合理的治理土壤退化的措施是	东北平原开荒、焚烧秸秆，加速有机质分解,y,,10,,,不 够 合理 的 治理 土壤 退化 的 措施 是 东北平原 开荒 、 焚烧 秸秆 ， 加速 有机质 分解,不 够 合理 的 治理 土壤 退化 的 措施 是 东北 平原 开荒 、 焚烧 秸秆 ， 加速 有机质 分解,AD VA VA DEC NN NN VV DEC NN VC loc VV PU NN NN PU VV NR VV,,措施_0（不够合理的治理土壤退化，东北平原开荒、焚烧秸秆）措施_1（不够合理的治理土壤退化，东北平原加速有机质分解）,措施_0（不够合理的治理土壤退化，东北平原开荒、焚烧秸秆）措施_1（不够合理的治理土壤退化，东北平原加速有机质分解）,0_8 1_8,0_8 1_8,措施,措施,,,不 够 合理 的 治理 土壤 退化 的 措施 是 东 北平原 开荒 、 焚烧 秸秆 ， 加速 有机质 分解,不 够 合理 的 治理 土壤 退化 的 措施 是 东北平原 开荒 、 焚烧 秸秆 ， 加速 有机质 分解,AD VA VA DEC NN NN VV DEC NN VC loc VV PU NN NN PU VV NR VV,( (IP (IP (NP (CP (IP (NP (CP (IP (VP (ADVP (AD 不)) (VP (VA 够) (IP (VP (VA 合理)))))) (DEC 的)) (NP (NN 治理) (NN 土壤))) (VP (VV 退化))) (DEC 的)) (NP (NN 措施))) (VP (VC 是) (UCP (IP (NP (NR 东北平原)) (VP (VV 开荒))) (PU 、) (NP (NN 焚烧) (NN 秸秆))))) (PU ，) (VP (VV 加速) (NP (NR 有机质)) (IP (VP (VV 分解))))) )
2006-北京,7-A-0,不够合理的治理土壤退化的措施是	东北平原开荒、焚烧秸秆,ed-ori,,10,,,不 够 合理 的 治理 土壤 退化 的 措施 是 东北平原 开荒 、 焚烧 秸秆,不 够 合理 的 治理 土壤 退化 的 措施 是 东北 平原 开荒 、 焚烧 秸秆,AD VA VA DEC NN NN VV DEC NN VC loc VV PU NN NN,,措施_0（不够合理的治理土壤退化，东北平原开荒、焚烧秸秆）,措施_0（不够合理的治理土壤退化，东北平原开荒、焚烧秸秆）,0_8,0_8,措施,措施,,,不 够 合理 的 治理 土壤 退化 的 措施 是 东 北平原 开荒 、 焚烧 秸秆,不 够 合理 的 治理 土壤 退化 的 措施 是 东北平原 开荒 、 焚烧 秸秆,AD VA VA DEC NN NN VV DEC NN VC loc VV PU NN NN,( (IP (NP (CP (IP (NP (CP (IP (VP (ADVP (AD 不)) (VP (VA 够) (IP (VP (VA 合理)))))) (DEC 的)) (NP (NN 治理) (NN 土壤))) (VP (VV 退化))) (DEC 的)) (NP (NN 措施))) (VP (VC 是) (UCP (IP (NP (NR 东北平原)) (VP (VV 开荒))) (PU 、) (NP (NN 焚烧) (NN 秸秆))))) )
2006-北京,7-A-1,不够合理的治理土壤退化的措施是	东北平原加速有机质分解,ed-mod,,10,,,不 够 合理 的 治理 土壤 退化 的 措施 是 东北平原 加速 有机质 分解,不 够 合理 的 治理 土壤 退化 的 措施 是 东北 平原 加速 有机质 分解,AD VA VA DEC NN NN VV DEC NN VC loc VV NR VV,,措施_0（不够合理的治理土壤退化，东北平原加速有机质分解）,措施_0（不够合理的治理土壤退化，东北平原加速有机质分解）,0_8,0_8,措施,措施,,,不 够 合理 的 治理 土壤 退化 的 措施 是 东 北平原 加速 有机质 分解,不 够 合理 的 治理 土壤 退化 的 措施 是 东北平原 加速 有机质 分解,AD VA VA DEC NN NN VV DEC NN VC loc VV NR VV,( (IP (NP (CP (IP (NP (CP (IP (VP (ADVP (AD 不)) (VP (VA 够) (IP (VP (VA 合理)))))) (DEC 的)) (NP (NN 治理) (NN 土壤))) (VP (VV 退化))) (DEC 的)) (NP (NN 措施))) (VP (VC 是) (IP (NP (NR 东北平原)) (VP (VV 加速) (NP (NR 有机质)) (IP (VP (VV 分解))))))) )
2006-北京,7-B,不够合理的治理土壤退化的措施是	黄土高原保塬、护坡、固沟，防治水土流失,y,,10,,,不 够 合理 的 治理 土壤 退化 的 措施 是 黄土高原 保塬 、 护坡 、 固沟 ， 防治 水土流失,不 够 合理 的 治理 土壤 退化 的 措施 是 黄土 高原 保塬 、 护坡 、 固沟 ， 防治 水土流失,AD VA VA DEC NN NN VV DEC NN VC loc NN PU NN PU NN PU VV NN,,措施_0（不够合理的治理土壤退化，黄土高原保塬、护坡、固沟）措施_1（不够合理的治理土壤退化，黄土高原防治水土流失）,措施_0（不够合理的治理土壤退化，黄土高原保塬、护坡、固沟）措施_1（不够合理的治理土壤退化，黄土高原防治水土流失）,0_8 1_8,0_8 1_8,措施,措施,,,不 够 合理 的 治理 土壤 退化 的 措施 是 黄土高原 保塬 、 护坡 、 固沟 ， 防治 水土流失,不 够 合理 的 治理 土壤 退化 的 措施 是 黄土高原 保塬 、 护坡 、 固沟 ， 防治 水土流失,AD VA VA DEC NN NN VV DEC NN VC loc NN PU NN PU NN PU VV NN,( (IP (NP (CP (IP (NP (CP (IP (VP (ADVP (AD 不)) (VP (VA 够) (IP (VP (VA 合理)))))) (DEC 的)) (NP (NN 治理) (NN 土壤))) (VP (VV 退化))) (DEC 的)) (NP (NN 措施))) (VP (VC 是) (IP (NP (NP (NR 黄土高原)) (NP (NN 保塬) (PU 、) (NN 护坡) (PU 、) (NN 固沟))) (PU ，) (VP (VV 防治) (NP (NN 水土流失)))))) )
2006-北京,7-B-0,不够合理的治理土壤退化的措施是	黄土高原保塬、护坡、固沟,ed-ori,,10,,,不 够 合理 的 治理 土壤 退化 的 措施 是 黄土高原 保塬 、 护坡 、 固沟,不 够 合理 的 治理 土壤 退化 的 措施 是 黄土 高原 保塬 、 护坡 、 固沟,AD VA VA DEC NN NN VV DEC NN VC loc NN PU NN PU NN,,措施_0（不够合理的治理土壤退化，黄土高原保塬、护坡、固沟）,措施_0（不够合理的治理土壤退化，黄土高原保塬、护坡、固沟）,0_8,0_8,措施,措施,,,不 够 合理 的 治理 土壤 退化 的 措施 是 黄土高原 保塬 、 护坡 、 固沟,不 够 合理 的 治理 土壤 退化 的 措施 是 黄土高原 保塬 、 护坡 、 固沟,AD VA VA DEC NN NN VV DEC NN VC loc NN PU NN PU NN,( (IP (NP (CP (IP (NP (CP (IP (VP (ADVP (AD 不)) (VP (VA 够) (IP (VP (VA 合理)))))) (DEC 的)) (NP (NN 治理) (NN 土壤))) (VP (VV 退化))) (DEC 的)) (NP (NN 措施))) (VP (VC 是) (NP (NP (NR 黄土高原)) (NP (NN 保塬) (PU 、) (NN 护坡) (PU 、) (NN 固沟))))) )
2006-北京,7-B-1,不够合理的治理土壤退化的措施是	黄土高原防治水土流失,ed-mod,,10,,,不 够 合理 的 治理 土壤 退化 的 措施 是 黄土高原 防治 水土 流失,不 够 合理 的 治理 土壤 退化 的 措施 是 黄土 高原 防治 水土 流失,AD VA VA DEC NN NN VV DEC NN VC loc VV NN NN,,措施_0（不够合理的治理土壤退化，黄土高原防治水土流失）,措施_0（不够合理的治理土壤退化，黄土高原防治水土流失）,0_8,0_8,措施,措施,,,不 够 合理 的 治理 土壤 退化 的 措施 是 黄土高原 防治 水土流失,不 够 合理 的 治理 土壤 退化 的 措施 是 黄土高原 防治 水土流失,AD VA VA DEC NN NN VV DEC NN VC loc VV NN NN,( (IP (NP (CP (IP (NP (CP (IP (VP (VP (ADVP (AD 不)) (VP (VA 够))) (VP (VA 合理)))) (DEC 的)) (NP (NN 治理) (NN 土壤))) (VP (VV 退化))) (DEC 的)) (NP (NN 措施))) (VP (VC 是) (VP (NP (NR 黄土高原)) (VP (VV 防治) (NP (NN 水土) (NN 流失)))))) )
2006-北京,7-C,不够合理的治理土壤退化的措施是	黄淮海平原实施排灌，调控土壤盐分,y,,10,,,不 够 合理 的 治理 土壤 退化 的 措施 是 黄淮海平原 实施 排灌 ， 调控 土壤 盐分,不 够 合理 的 治理 土壤 退化 的 措施 是 黄淮海 平原 实施 排灌 ， 调控 土壤 盐分,AD VA VA DEC NN NN VV DEC NN VC loc VV NN PU NN NN NN,,措施_0（不够合理的治理土壤退化，黄淮海平原实施排灌）措施_1（不够合理的治理土壤退化，黄淮海平原调控土壤盐分）,措施_0（不够合理的治理土壤退化，黄淮海平原实施排灌）措施_1（不够合理的治理土壤退化，黄淮海平原调控土壤盐分）,0_8 1_8,0_8 1_8,措施,措施,,10,不 够 合理 的 治理 土壤 退化 的 措施 是 黄 淮海 平原 实施 排灌 ， 调控 土壤 盐分,不 够 合理 的 治理 土壤 退化 的 措施 是 黄淮海 平原 实施 排灌 ， 调控 土壤 盐分,AD VA VA DEC NN NN VV DEC NN VC loc VV NN PU NN NN NN,( (IP (NP (CP (IP (NP (CP (IP (VP (VP (ADVP (AD 不)) (VP (VA 够))) (VP (VA 合理)))) (DEC 的)) (NP (NN 治理) (NN 土壤))) (VP (VV 退化))) (DEC 的)) (NP (NN 措施))) (VP (VC 是) (IP (IP (NP (NR 黄淮海平原)) (VP (VV 实施) (NP (NN 排灌)))) (PU ，) (IP (NP (NN 调控) (NN 土壤)) (VP (NP (NN 盐分))))))) )
2006-北京,7-C-0,不够合理的治理土壤退化的措施是	黄淮海平原实施排灌,ed-ori,,10,,,不 够 合理 的 治理 土壤 退化 的 措施 是 黄淮海平原 实施 排灌,不 够 合理 的 治理 土壤 退化 的 措施 是 黄淮海 平原 实施 排灌,AD VA VA DEC NN NN VV DEC NN VC loc VV NN,,措施_0（不够合理的治理土壤退化，黄淮海平原实施排灌）,措施_0（不够合理的治理土壤退化，黄淮海平原实施排灌）,0_8,0_8,措施,措施,,10,不 够 合理 的 治理 土壤 退化 的 措施 是 黄 淮海 平原 实施 排灌,不 够 合理 的 治理 土壤 退化 的 措施 是 黄淮海 平原 实施 排灌,AD VA VA DEC NN NN VV DEC NN VC loc VV NN,( (IP (NP (CP (IP (NP (CP (IP (VP (ADVP (AD 不)) (VP (VA 够) (IP (VP (VA 合理)))))) (DEC 的)) (NP (NN 治理) (NN 土壤))) (VP (VV 退化))) (DEC 的)) (NP (NN 措施))) (VP (VC 是) (IP (NP (NR 黄淮海平原)) (VP (VV 实施) (NP (NN 排灌)))))) )
2006-北京,7-C-1,不够合理的治理土壤退化的措施是	黄淮海平原调控土壤盐分,ed-mod,,10,,,不 够 合理 的 治理 土壤 退化 的 措施 是 黄淮海平原 调控 土壤 盐分,不 够 合理 的 治理 土壤 退化 的 措施 是 黄淮海 平原 调控 土壤 盐分,AD VA VA DEC NN NN VV DEC NN VC loc NN NN NN,,措施_0（不够合理的治理土壤退化，黄淮海平原调控土壤盐分）,措施_0（不够合理的治理土壤退化，黄淮海平原调控土壤盐分）,0_8,0_8,措施,措施,,,不 够 合理 的 治理 土壤 退化 的 措施 是 黄 淮海 平原 调控 土壤 盐分,不 够 合理 的 治理 土壤 退化 的 措施 是 黄淮海 平原 调控 土壤 盐分,AD VA VA DEC NN NN VV DEC NN VC loc NN NN NN,( (IP (NP (CP (IP (NP (CP (IP (VP (ADVP (AD 不)) (VP (VA 够) (IP (VP (VA 合理)))))) (DEC 的)) (NP (NN 治理) (NN 土壤))) (VP (VV 退化))) (DEC 的)) (NP (NN 措施))) (VP (VC 是) (NP (NP (NR 黄淮海平原) (NN 调控) (NN 土壤)) (NP (NN 盐分))))) )
2006-北京,7-D,不够合理的治理土壤退化的措施是	江南丘陵施用石灰，中和土壤酸度,y,,10,,,不 够 合理 的 治理 土壤 退化 的 措施 是 江南丘陵 施用 石灰 ， 中和 土壤 酸度,不 够 合理 的 治理 土壤 退化 的 措施 是 江南 丘陵 施用 石灰 ， 中和 土壤 酸度,AD VA VA DEC NN NN VV DEC NN VC loc VV NN PU NR NN NN,,措施_0（不够合理的治理土壤退化，江南丘陵施用石灰）措施_1（不够合理的治理土壤退化，江南丘陵中和土壤酸度）,措施_0（不够合理的治理土壤退化，江南丘陵施用石灰）措施_1（不够合理的治理土壤退化，江南丘陵中和土壤酸度）,0_8 1_8,0_8 1_8,措施,措施,,,不 够 合理 的 治理 土壤 退化 的 措施 是 江南 丘陵 施用 石灰 ， 中和 土壤 酸度,不 够 合理 的 治理 土壤 退化 的 措施 是 江南 丘陵 施用 石灰 ， 中和 土壤 酸度,AD VA VA DEC NN NN VV DEC NN VC loc VV NN PU NR NN NN,( (IP (NP (CP (IP (NP (CP (IP (VP (ADVP (AD 不)) (VP (VA 够) (IP (VP (VA 合理)))))) (DEC 的)) (NP (NN 治理) (NN 土壤))) (VP (VV 退化))) (DEC 的)) (NP (NN 措施))) (VP (VC 是) (IP (NP (NR 江南丘陵)) (VP (VV 施用) (NP (NN 石灰) (PU ，) (NR 中和) (NN 土壤) (NN 酸度)))))) )
2006-北京,7-D-0,不够合理的治理土壤退化的措施是	江南丘陵施用石灰,ed-ori,,10,,,不 够 合理 的 治理 土壤 退化 的 措施 是 江南丘陵 施用 石灰,不 够 合理 的 治理 土壤 退化 的 措施 是 江南 丘陵 施用 石灰,AD VA VA DEC NN NN VV DEC NN VC loc VV NN,,措施_0（不够合理的治理土壤退化，江南丘陵施用石灰）,措施_0（不够合理的治理土壤退化，江南丘陵施用石灰）,0_8,0_8,措施,措施,,,不 够 合理 的 治理 土壤 退化 的 措施 是 江南 丘陵 施用 石灰,不 够 合理 的 治理 土壤 退化 的 措施 是 江南 丘陵 施用 石灰,AD VA VA DEC NN NN VV DEC NN VC loc VV NN,( (IP (NP (CP (IP (NP (CP (IP (VP (VP (ADVP (AD 不)) (VP (VA 够))) (VP (VA 合理)))) (DEC 的)) (NP (NN 治理) (NN 土壤))) (VP (VV 退化))) (DEC 的)) (NP (NN 措施))) (VP (VC 是) (IP (NP (NR 江南丘陵)) (VP (VV 施用) (NP (NN 石灰)))))) )
2006-北京,7-D-1,不够合理的治理土壤退化的措施是	江南丘陵中和土壤酸度,ed-mod,,10,,,不 够 合理 的 治理 土壤 退化 的 措施 是 江南丘陵 中和 土壤 酸度,不 够 合理 的 治理 土壤 退化 的 措施 是 江南 丘陵 中和 土壤 酸度,AD VA VA DEC NN NN VV DEC NN VC loc NR NN NN,,措施_0（不够合理的治理土壤退化，江南丘陵中和土壤酸度）,措施_0（不够合理的治理土壤退化，江南丘陵中和土壤酸度）,0_8,0_8,措施,措施,,,不 够 合理 的 治理 土壤 退化 的 措施 是 江南 丘陵 中 和 土壤 酸度,不 够 合理 的 治理 土壤 退化 的 措施 是 江南 丘陵 中 和 土壤 酸度,AD VA VA DEC NN NN VV DEC NN VC loc NR NN NN,( (IP (NP (CP (IP (NP (CP (IP (VP (VP (ADVP (AD 不)) (VP (VA 够))) (VP (VA 合理)))) (DEC 的)) (NP (NN 治理) (NN 土壤))) (VP (VV 退化))) (DEC 的)) (NP (NN 措施))) (VP (VC 是) (NP (NP (NR 江南丘陵) (NR 中和)) (NP (NN 土壤) (NN 酸度))))) )
2010-北京,7-A,由08时到20时，图中	①地风向偏北，风力逐渐减弱,y,0,4,5,,由08时到20时 ， 图 中 ①地 风向 偏北 ， 风力 逐渐 减弱,由 08时 到 20时 ， 图 中 ①地 风向 偏北 ， 风力 逐渐 减弱,time PU NN LC loc term VA PU NN AD VV,,时间限定_0（由08时到20时）实体信息陈述_1（①地，风向，偏北）趋势_2（①地，风力，#，逐渐减弱）,时间限定_0（由08时到20时）实体信息陈述_1（①地，风向，偏北）趋势_2（①地，风力，#，逐渐减弱）,0_0 2_10,0_0 2_10,时间限定 实体信息陈述 趋势,时间限定 实体信息陈述 趋势,0 4,,由 08时到20时 ， 图 中 ①地 风向 偏北 ， 风力 逐渐 减弱,由 08时 到 20时 ， 图 中 ①地 风向 偏北 ， 风力 逐渐 减弱,time PU NN LC loc term NN PU NN AD VV,( (IP (IP (NP (NT 由08时到20时)) (PU ，) (LCP (NP (NN 图)) (LC 中)) (NP (NR ①地)) (NP (NN 风向)) (VP (VA 偏北))) (PU ，) (IP (NP (NN 风力)) (VP (ADVP (AD 逐渐)) (VP (VV 减弱))))) )
2010-北京,7-A-0,由08时到20时，图中	①地风向偏北,ed-ori,0,4,5,,由08时到20时 ， 图 中 ①地 风向 偏北,由 08时 到 20时 ， 图 中 ①地 风向 偏北,time PU NN LC loc term VA,,时间限定_0（由08时到20时）实体信息陈述_1（①地，风向，偏北）,时间限定_0（由08时到20时）实体信息陈述_1（①地，风向，偏北）,0_0,0_0,时间限定 实体信息陈述,时间限定 实体信息陈述,0 4,,由 08时到20时 ， 图 中 ①地 风向 偏北,由 08时 到 20时 ， 图 中 ①地 风向 偏北,time PU NN LC loc term NN,( (IP (NP (NT 由08时到20时)) (PU ，) (LCP (NP (NN 图)) (LC 中)) (NP (NR ①地)) (NP (NN 风向)) (VP (VA 偏北))) )
2010-北京,7-A-1,由08时到20时，图中	①地风力逐渐减弱,ed-mod,0,4,5,,由08时到20时 ， 图 中 ①地 风力 逐渐 减弱,由 08时 到 20时 ， 图 中 ①地 风力 逐渐 减弱,time PU NN LC loc term AD VV,,时间限定_0（由08时到20时）趋势_1（①地，风力，#，逐渐减弱）,时间限定_0（由08时到20时）趋势_1（①地，风力，#，逐渐减弱）,0_0 1_7,0_0 1_7,时间限定 趋势,时间限定 趋势,0 4,,由 08时到20时 ， 图 中 ①地 风力 逐渐 减弱,由 08时 到 20时 ， 图 中 ①地 风力 逐渐 减弱,time PU NN LC loc term AD VV,( (IP (NP (NT 由08时到20时)) (PU ，) (NP (LCP (NP (NN 图)) (LC 中)) (NP (NP (NR ①地)) (NP (NN 风力)))) (VP (ADVP (AD 逐渐)) (VP (VV 减弱)))) )
2010-北京,7-B,由08时到20时，图中	②地受高压脊控制，天气持续晴朗,y,0,4,6,,由08时到20时 ， 图 中 ②地 受 高压脊 控制 ， 天气 持续 晴朗,由 08时 到 20时 ， 图 中 ②地 受 高压脊 控制 ， 天气 持续 晴朗,time PU NN LC loc VV term NN PU NN VV VV,,时间限定_0（由08时到20时）影响_1（高压脊，②地）实体信息陈述_2（②地，天气，持续晴朗）,时间限定_0（由08时到20时）影响_1（高压脊，②地）实体信息陈述_2（②地，天气，持续晴朗）,0_0 1_5-7,0_0 1_5-7,时间限定 影响 实体信息陈述,时间限定 影响 实体信息陈述,0 4,,由 08时到20时 ， 图 中 ②地 受 高压脊 控制 ， 天气 持续 晴朗,由 08时 到 20时 ， 图 中 ②地 受 高压脊 控制 ， 天气 持续 晴朗,time PU NN LC loc VV term NN PU NN VV VV,( (IP (IP (NP (NT 由08时到20时)) (PU ，) (LCP (NP (NN 图)) (LC 中)) (NP (NR ②地)) (VP (VV 受) (NP (NN 高压脊) (NN 控制)))) (PU ，) (NP (NN 天气)) (VP (VV 持续) (VP (VV 晴朗)))) )
2010-北京,7-B-0,由08时到20时，图中	②地受高压脊控制,ed-ori,0,4,6,,由08时到20时 ， 图 中 ②地 受 高压脊 控制,由 08时 到 20时 ， 图 中 ②地 受 高压脊 控制,time PU NN LC loc VV term NN,,时间限定_0（由08时到20时）影响_1（高压脊，②地,时间限定_0（由08时到20时）影响_1（高压脊，②地,0_0 1_5-7,0_0 1_5-7,时间限定 影响,时间限定 影响,0 4,,由 08时到20时 ， 图 中 ②地 受 高压脊 控制,由 08时 到 20时 ， 图 中 ②地 受 高压脊 控制,time PU NN LC loc VV term NN,( (IP (NP (NT 由08时到20时)) (PU ，) (LCP (NP (NN 图)) (LC 中)) (NP (NR ②地)) (VP (VV 受) (NP (NN 高压脊) (NN 控制)))) )
2010-北京,7-B-1,由08时到20时，图中	②地天气持续晴朗,ed-mod,0,4,,,由08时到20时 ， 图 中 ②地 天气 持续 晴朗,由 08时 到 20时 ， 图 中 ②地 天气 持续 晴朗,time PU NN LC loc NN VV VV,,时间限定_0（由08时到20时）实体信息陈述_1（②地，天气，持续晴朗）,时间限定_0（由08时到20时）实体信息陈述_1（②地，天气，持续晴朗）,0_0,0_0,时间限定 实体信息陈述,时间限定 实体信息陈述,0 4,,由 08时到20时 ， 图 中 ②地 天气 持续 晴朗,由 08时 到 20时 ， 图 中 ②地 天气 持续 晴朗,time PU NN LC loc NN VV VV,( (IP (NP (NT 由08时到20时)) (PU ，) (NP (LCP (NP (NN 图)) (LC 中)) (NP (NR ②地)) (NP (NN 天气))) (VP (VV 持续) (VP (VV 晴朗)))) )
2011-北京,8-D,图中	河流③处左岸侵蚀，右岸堆积,y,,3,5 8,,图 中 河流 ③处 左岸 侵蚀 ， 右岸 堆积,图 中 河流 ③处 左岸 侵蚀 ， 右岸 堆积,NN LC NN NN NN term PU NN term,,实体信息陈述_0（河流③处，左岸，侵蚀）实体信息陈述_1（河流③处，右岸，堆积）,实体信息陈述_0（河流③处，左岸，侵蚀）实体信息陈述_1（河流③处，右岸，堆积）,,,实体信息陈述 实体信息陈述,实体信息陈述 实体信息陈述,3,,图 中河 流 ③处 左岸 侵蚀 ， 右岸 堆积,图 中 河流 ③处 左岸 侵蚀 ， 右岸 堆积,NN LC NN NN NN term PU NN term,( (NP (NP (NP (LCP (NP (NN 图)) (LC 中)) (NP (NN 河流))) (NP (NP (NN ③处) (NN 左岸)) (NP (NN 侵蚀)))) (PU ，) (NP (NN 右岸) (NN 堆积))) )
2011-北京,8-D-0,图中	河流③处左岸侵蚀,ed-ori,,3,5,,图 中 河流 ③处 左岸 侵蚀,图 中 河流 ③处 左岸 侵蚀,NN LC NN NN NN term,,实体信息陈述_0（河流③处，左岸，侵蚀）,实体信息陈述_0（河流③处，左岸，侵蚀）,,,实体信息陈述,实体信息陈述,3,,图 中河 流 ③处 左岸 侵蚀,图 中 河流 ③处 左岸 侵蚀,NN LC NN NN NN term,( (NP (NP (NP (LCP (NP (NN 图)) (LC 中)) (NP (NN 河流))) (NP (NN ③处) (NN 左岸))) (NP (NN 侵蚀))) )
2011-北京,8-D-1,图中	河流③处右岸堆积,ed-mod,,3,5,,图 中 河流 ③处 右岸 堆积,图 中 河流 ③处 右岸 堆积,NN LC NN NN NN term,,实体信息陈述_0（河流③处，右岸，堆积）,实体信息陈述_0（河流③处，右岸，堆积）,,,实体信息陈述,实体信息陈述,3,,图 中河 流 ③处 右岸 堆积,图 中 河流 ③处 右岸 堆积,NN LC NN NN NN term,( (NP (LCP (NP (NN 图)) (LC 中)) (NP (NN 河流) (NN ③处) (NN 右岸)) (NP (NN 堆积))) )
2011-北京,10-A,该图的制作与应用借助于	遥感技术获取道路网信息，测定监测点分布,y,,,8,,该 图 的 制作 与 应用 借助 于 遥感技术 获取 道路网 信息 ， 测定 监测点 分布,该 图 的 制作 与 应用 借助 于 遥感 技术 获取 道路网 信息 ， 测定 监测点 分布,DT NN DEG NN CC NN VV P term VV NN NN PU VV NN NN,,实体信息陈述_0（该图的制作与应用，借助于，遥感技术获取道路网信息、测定监测点分布）,实体信息陈述_0（该图的制作与应用，借助于，实体信息陈述_1（遥感技术，获取，道路网信息）实体信息陈述_2（遥感技术，测定，监测点分布））,,,实体信息陈述,实体信息陈述 实体信息陈述 实体信息陈述,,,该 图 的 制作 与 应用 借助于 遥感技术 获取 道路网 信息 ， 测定 监测点 分布,该 图 的 制作 与 应用 借助于 遥感技术 获取 道路网 信息 ， 测定 监测点 分布,DT NN DEG NN CC NN VV term VV NN NN PU VV NN VV,( (IP (NP (DNP (NP (DP (DT 该)) (NP (NN 图))) (DEG 的)) (NP (NN 制作) (CC 与) (NN 应用))) (VP (VP (VV 借助) (NP (IP (VP (PP (P 于) (NP (NN 遥感技术))) (VP (VV 获取) (NP (NN 道路网))))) (NP (NN 信息)))) (PU ，) (VP (VV 测定) (NP (NN 监测点) (NN 分布))))) )
2011-北京,10-A-0,该图的制作与应用借助于	遥感技术获取道路网信息,ed-ori,,,8,,该 图 的 制作 与 应用 借助 于 遥感技术 获取 道路网 信息,该 图 的 制作 与 应用 借助 于 遥感 技术 获取 道路网 信息,DT NN DEG NN CC NN VV P term VV NN NN,,实体信息陈述_0（该图的制作与应用，借助于，遥感技术获取道路网信息）,实体信息陈述_0（该图的制作与应用，借助于，实体信息陈述_1（遥感技术，获取，道路网信息））,,,实体信息陈述,实体信息陈述 实体信息陈述,,,该 图 的 制作 与 应用 借助于 遥感技术 获取 道路网 信息,该 图 的 制作 与 应用 借助于 遥感技术 获取 道路网 信息,DT NN DEG NN CC NN VV term VV NN NN,( (IP (NP (DNP (NP (DP (DT 该)) (NP (NN 图))) (DEG 的)) (NP (NN 制作) (CC 与) (NN 应用))) (VP (VV 借助) (NP (IP (VP (PP (P 于) (NP (NN 遥感技术))) (VP (VV 获取) (NP (NN 道路网))))) (NP (NN 信息))))) )
2011-北京,10-A-1,该图的制作与应用借助于	遥感技术测定监测点分布,ed-mod,,,8,,该 图 的 制作 与 应用 借助 于 遥感技术 测定 监测点 分布,该 图 的 制作 与 应用 借助 于 遥感 技术 测定 监测点 分布,DT NN DEG NN CC NN VV P term VV NN NN,,实体信息陈述_0（该图的制作与应用，借助于，遥感技术测定监测点分布）,实体信息陈述_0（该图的制作与应用，借助于，实体信息陈述_1（遥感技术，测定，监测点分布））,,,实体信息陈述,实体信息陈述 实体信息陈述,,,该 图 的 制作 与 应用 借助于 遥感技术 测定 监测点 分布,该 图 的 制作 与 应用 借助于 遥感技术 测定 监测点 分布,DT NN DEG NN CC NN VV term VV NN VV,( (IP (NP (DNP (NP (DP (DT 该)) (NP (NN 图))) (DEG 的)) (NP (NN 制作) (CC 与) (NN 应用))) (VP (VV 借助) (VP (PP (P 于) (NP (NN 遥感技术))) (VP (VV 测定) (NP (NN 监测点) (NN 分布)))))) )
2011-北京,10-B,该图的制作与应用借助于	全球定位系统确定事故的位置，预测交通流量,y,,,8,,该 图 的 制作 与 应用 借助 于 全球定位系统 确定 事故 的 位置 ， 预测 交通 流量,该 图 的 制作 与 应用 借助 于 全球 定位 系统 确定 事故 的 位置 ， 预测 交通 流量,DT NN DEG NN CC NN VV P term VV NN DEG NN PU VV NN NN,,实体信息陈述_0（该图的制作与应用，借助于，全球定位系统确定事故的位置和预测交通流量）,实体信息陈述_0（该图的制作与应用，借助于，实体信息陈述_1（全球定位系统，确定，事故的位置）实体信息陈述_2（全球定位系统，预测，交通流量））,,,实体信息陈述,实体信息陈述 实体信息陈述 实体信息陈述,,,该 图 的 制作 与 应用 借助于 全球定位系统 确定 事故 的 位置 ， 预测 交通 流量,该 图 的 制作 与 应用 借助于 全球定位系统 确定 事故 的 位置 ， 预测 交通 流量,DT NN DEG NN CC NN VV term VV NN DEG NN PU VV NN NN,( (IP (NP (DNP (NP (DP (DT 该)) (NP (NN 图))) (DEG 的)) (NP (NN 制作) (CC 与) (NN 应用))) (VP (VP (VV 借助) (NP (DNP (PP (P 于) (NP (CP (IP (NP (NN 全球定位系统)) (VP (VV 确定)))) (NP (NN 事故)))) (DEG 的)) (NP (NN 位置)))) (PU ，) (VP (VV 预测) (NP (NN 交通) (NN 流量))))) )
2011-北京,10-B-0,该图的制作与应用借助于	全球定位系统确定事故的位置,ed-ori,,,8,,该 图 的 制作 与 应用 借助 于 全球定位系统 确定 事故 的 位置,该 图 的 制作 与 应用 借助 于 全球 定位 系统 确定 事故 的 位置,DT NN DEG NN CC NN VV P term VV NN DEG NN,,实体信息陈述_0（该图的制作与应用，借助于，全球定位系统确定事故的位置）,实体信息陈述_0（该图的制作与应用，借助于，实体信息陈述_1（全球定位系统，确定，事故的位置））,,,实体信息陈述,实体信息陈述 实体信息陈述,,,该 图 的 制作 与 应用 借助于 全球定位系统 确定 事故 的 位置,该 图 的 制作 与 应用 借助于 全球定位系统 确定 事故 的 位置,DT NN DEG NN CC NN VV term VV NN DEG NN,( (IP (NP (DNP (NP (DP (DT 该)) (NP (NN 图))) (DEG 的)) (NP (NN 制作) (CC 与) (NN 应用))) (VP (VV 借助) (NP (DNP (PP (P 于) (NP (CP (IP (NP (NN 全球定位系统)) (VP (VV 确定)))) (NP (NN 事故)))) (DEG 的)) (NP (NN 位置))))) )
2011-北京,10-B-1,该图的制作与应用借助于	全球定位系统预测交通流量,ed-mod,,,8,,该 图 的 制作 与 应用 借助 于 全球定位系统 预测 交通 流量,该 图 的 制作 与 应用 借助 于 全球 定位 系统 预测 交通 流量,DT NN DEG NN CC NN VV P term VV NN NN,,实体信息陈述_0（该图的制作与应用，借助于，全球定位系统预测交通流量）,实体信息陈述_0（该图的制作与应用，借助于，实体信息陈述_1（全球定位系统，预测，交通流量））,,,实体信息陈述,实体信息陈述 实体信息陈述,,,该 图 的 制作 与 应用 借助于 全球定位系统 预测 交通 流量,该 图 的 制作 与 应用 借助于 全球定位系统 预测 交通 流量,DT NN DEG NN CC NN VV term VV NN NN,( (IP (NP (DNP (NP (DP (DT 该)) (NP (NN 图))) (DEG 的)) (NP (NN 制作) (CC 与) (NN 应用))) (VP (VV 借助) (VP (PP (P 于) (NP (NN 全球定位系统))) (VP (VV 预测) (NP (NN 交通) (NN 流量)))))) )
2011-北京,10-C,该图的制作与应用借助于	地理信息系统查询事故频次，分析出警最优路径,y,,,8,,该 图 的 制作 与 应用 借助 于 地理信息系统 查询 事故 频次 ， 分析 出警 最优 路径,该 图 的 制作 与 应用 借助 于 地理 信息 系统 查询 事故 频次 ， 分析 出警 最优 路径,DT NN DEG NN CC NN VV P term VV NN NN PU VV VV JJ NN,,实体信息陈述_0（该图的制作与应用，借助于，地理信息系统查询事故频次和分析出警最优路径）,实体信息陈述_0（该图的制作与应用，借助于，实体信息陈述_1（地理信息系统，查询，事故频次）实体信息陈述_2（地理信息系统，分析，出警最优路径））,,,实体信息陈述,实体信息陈述 实体信息陈述 实体信息陈述,,,该 图 的 制作 与 应用 借助于 地理信息系统 查询 事故 频次 ， 分析 出警 最优 路径,该 图 的 制作 与 应用 借助于 地理信息系统 查询 事故 频次 ， 分析 出警 最优 路径,DT NN DEG NN CC NN VV term VV NN NN PU VV VV JJ NN,( (IP (NP (DNP (NP (DP (DT 该)) (NP (NN 图))) (DEG 的)) (NP (NN 制作) (CC 与) (NN 应用))) (VP (VP (VV 借助) (VP (PP (P 于) (NP (NN 地理信息系统))) (VP (VV 查询) (NP (NN 事故) (NN 频次))))) (PU ，) (VP (VV 分析) (VP (VV 出警) (NP (ADJP (JJ 最优)) (NP (NN 路径))))))) )
2011-北京,10-C-0,该图的制作与应用借助于	地理信息系统查询事故频次,ed-ori,,,8,,该 图 的 制作 与 应用 借助 于 地理信息系统 查询 事故 频次,该 图 的 制作 与 应用 借助 于 地理 信息 系统 查询 事故 频次,DT NN DEG NN CC NN VV P term VV NN NN,,实体信息陈述_0（该图的制作与应用，借助于，地理信息系统查询事故频次）,实体信息陈述_0（该图的制作与应用，借助于，实体信息陈述_1（地理信息系统，查询，事故频次））,,,实体信息陈述,实体信息陈述 实体信息陈述,,,该 图 的 制作 与 应用 借助于 地理信息系统 查询 事故 频次,该 图 的 制作 与 应用 借助于 地理信息系统 查询 事故 频次,DT NN DEG NN CC NN VV term VV NN VA,( (IP (NP (DNP (NP (DP (DT 该)) (NP (NN 图))) (DEG 的)) (NP (NN 制作) (CC 与) (NN 应用))) (VP (VV 借助) (VP (PP (P 于) (NP (NN 地理信息系统))) (VP (VV 查询) (NP (NN 事故) (NN 频次)))))) )
2011-北京,10-C-1,该图的制作与应用借助于	地理信息系统分析出警最优路径,ed-mod,,,8,,该 图 的 制作 与 应用 借助 于 地理信息系统 分析 出警 最优 路径,该 图 的 制作 与 应用 借助 于 地理 信息 系统 分析 出警 最优 路径,DT NN DEG NN CC NN VV P term VV VV JJ NN,,实体信息陈述_0（该图的制作与应用，借助于，地理信息系统分析出警最优路径）,实体信息陈述_0（该图的制作与应用，借助于，实体信息陈述_1（地理信息系统，分析，出警最优路径））,,,实体信息陈述,实体信息陈述 实体信息陈述,,,该 图 的 制作 与 应用 借助于 地理信息系统 分析 出警 最优 路径,该 图 的 制作 与 应用 借助于 地理信息系统 分析 出警 最优 路径,DT NN DEG NN CC NN VV term VV VV JJ NN,( (IP (NP (DNP (NP (DP (DT 该)) (NP (NN 图))) (DEG 的)) (NP (NN 制作) (CC 与) (NN 应用))) (VP (VV 借助) (VP (PP (P 于) (NP (NN 地理信息系统))) (VP (VP (VV 分析)) (VP (VV 出警) (NP (ADJP (JJ 最优)) (NP (NN 路径)))))))) )
2011年北京市西城区高三第一学期期末考试,16-C,图示两区域	河流以雨水补给为主，流量稳定,y,,,,,图示 两 区域 河流 以 雨水 补给 为主 ， 流量 稳定,图示 两 区域 河流 以 雨水 补给 为主 ， 流量 稳定,VV CD NN NN P NN NN VV PU NN VA,,一般陈述_0（图示两区域河流以雨水补给为主）一般陈述_1（图示两区域河流流量稳定）,一般陈述_0（图示两区域河流以雨水补给为主）一般陈述_1（图示两区域河流流量稳定）,,,一般陈述 一般陈述,一般陈述 一般陈述,,,图示 两 区域 河流 以 雨水补给 为主 ， 流量 稳定,图示 两 区域 河流 以 雨水补给 为主 ， 流量 稳定,NN CD NN NN P NN VV VV PU VV NN,( (IP (IP (IP (VP (VV 图示) (NP (NP (QP (CD 两)) (NP (NN 区域))) (NP (NN 河流))))) (VP (PP (P 以) (NP (NN 雨水) (NN 补给))) (VP (VV 为主)))) (PU ，) (IP (NP (NN 流量)) (VP (VA 稳定)))) )
2011年北京市西城区高三第一学期期末考试,16-C-0,图示两区域	河流以雨水补给为主,ed-ori,,,,,图示 两 区域 河流 以 雨水 补给 为 主,图示 两 区域 河流 以 雨水 补给 为 主,VV CD NN NN P NN NN VV NN,,一般陈述_0（图示两区域河流以雨水补给为主）,一般陈述_0（图示两区域河流以雨水补给为主）,,,一般陈述,一般陈述,,,图示 两 区域 河流 以 雨水补给 为 主,图示 两 区域 河流 以 雨水补给 为 主,NN CD NN NN P NN VV VV NN,( (IP (NP (NP (NP (VV 图示)) (QP (CD 两)) (NP (NN 区域))) (NP (NN 河流))) (VP (PP (P 以) (NP (NN 雨水) (NN 补给))) (VP (VV 为) (NP (NN 主))))) )
2011年北京市西城区高三第一学期期末考试,16-C-1,图示两区域	河流流量稳定,ed-mod,,,,,图示 两 区域 河流 流量 稳定,图示 两 区域 河流 流量 稳定,VV CD NN NN NN VA,,一般陈述_0（图示两区域河流流量稳定）,一般陈述_0（图示两区域河流流量稳定）,,,一般陈述,一般陈述,,,图示 两 区域 河流 流量 稳定,图示 两 区域 河流 流量 稳定,NN CD NN NN NN NN,( (IP (VP (VV 图示) (NP (NP (QP (CD 两)) (NP (NN 区域))) (NP (NN 河流))) (IP (NP (NN 流量)) (VP (VA 稳定))))) )
2012-北京,1-A,在7、8月份，伦敦比北京	气温高，日较差大,y,1,3 5,,,在 7、8月份 ， 伦敦 比 北京 气温 高 ， 日较差 大,在 7 、 8月份 ， 伦敦 比 北京 气温 高 ， 日较差 大,P time PU loc P loc NN VA PU NN VA,,时间限定_0（在7、8月份）比较_1（伦敦，北京，气温，高）比较_2（伦敦，北京，气温日较差，大）,时间限定_0（在7、8月份）比较_1（伦敦，北京，气温，高）比较_2（伦敦，北京，气温日较差，大）,1_4-7 2_4-10,1_4-7 2_4-10,时间限定 比较,时间限定 比较,1,5,在 7、8月份 ， 伦敦 比 北京 气温 高 ， 日较差 大,在 7 、 8月份 ， 伦敦 比 北京 气温 高 ， 日较差 大,P time PU loc P loc NN VA PU NR JJ,( (IP (PP (P 在) (NP (NT 7、8月份))) (PU ，) (IP (NP (NR 伦敦)) (VP (PP (P 比) (NP (NR 北京) (NN 气温))) (VP (VA 高)))) (PU ，) (IP (NP (NN 日较差)) (VP (VA 大)))) )
2012-北京,1-A-0,在7、8月份，伦敦比北京	气温高,ed-ori,1,3 5,,,在 7、8月份 ， 伦敦 比 北京 气温 高,在 7 、 8月份 ， 伦敦 比 北京 气温 高,P time PU loc P loc NN VA,,时间限定_0（在7、8月份）比较_1（伦敦，北京，气温，高）,时间限定_0（在7、8月份）比较_1（伦敦，北京，气温，高）,1_4-7,1_4-7,时间限定 比较,时间限定 比较,1,5,在 7、8月份 ， 伦敦 比 北京 气温 高,在 7 、 8月份 ， 伦敦 比 北京 气温 高,P time PU loc P loc NN VA,( (IP (PP (P 在) (NP (NT 7、8月份))) (PU ，) (NP (NR 伦敦)) (VP (PP (P 比) (NP (NR 北京) (NN 气温))) (VP (VA 高)))) )
2012-北京,1-A-1,在7、8月份，伦敦比北京	气温日较差大,ed-mod,1,3 5,,,在 7、8月份 ， 伦敦 比 北京 气温 日较差 大,在 7 、 8月份 ， 伦敦 比 北京 气温 日较差 大,P time PU loc P loc NN NN VA,,时间限定_0（在7、8月份）比较_1（伦敦，北京，气温日较差，大）,时间限定_0（在7、8月份）比较_1（伦敦，北京，气温日较差，大）,1_4-8,1_4-8,时间限定 比较,时间限定 比较,1,5,在 7、8月份 ， 伦敦 比 北京 气温日较差 大,在 7 、 8月份 ， 伦敦 比 北京 气温日较差 大,P time PU loc P loc VV NR JJ,( (IP (PP (P 在) (NP (NT 7、8月份))) (PU ，) (NP (NR 伦敦)) (VP (PP (P 比) (NP (NP (NR 北京)) (NP (NN 气温) (NN 日较差)))) (VP (VA 大)))) )
2012-北京,2-B,英国	西部海岸线曲折，珊瑚礁发育好,y,,0,,,英国西部 海岸线 曲折 ， 珊瑚礁 发育 好,英国 西部 海岸线 曲折 ， 珊瑚礁 发育 好,loc NN VA PU NN VV VA,,实体信息陈述_0（英国，西部海岸线，曲折）实体信息陈述_1（英国，西部海岸珊瑚礁发育，好）,实体信息陈述_0（英国，西部海岸线，曲折）实体信息陈述_1（英国，西部海岸珊瑚礁发育，好）,,,实体信息陈述 实体信息陈述,实体信息陈述 实体信息陈述,,,英国 西部 海岸线 曲折 ， 珊瑚礁 发育 好,英国 西部 海岸线 曲折 ， 珊瑚礁 发育 好,loc NN VA PU NN VV VA,( (IP (IP (NP (NP (NR 英国西部)) (NP (NN 海岸线))) (VP (VA 曲折))) (PU ，) (IP (NP (NN 珊瑚礁)) (VP (VRD (VV 发育) (VA 好))))) )
2012-北京,2-B-0,英国	西部海岸线曲折,ed-ori,,0,,,英国西部 海岸线 曲折,英国 西部 海岸线 曲折,loc NN VA,,实体信息陈述_0（英国，西部海岸线，曲折）,实体信息陈述_0（英国，西部海岸线，曲折）,,,实体信息陈述,实体信息陈述,,,英国 西部 海岸线 曲折,英国 西部 海岸线 曲折,loc NN VA,( (IP (NP (NP (NR 英国西部)) (NP (NN 海岸线))) (VP (VA 曲折))) )
2012-北京,2-B-1,英国	西部海岸珊瑚礁发育好,ed-mod,,0,,,英国西部 海岸 珊瑚礁 发育 好,英国 西部 海岸 珊瑚礁 发育 好,loc NN NN VV VA,,实体信息陈述_0（英国，西部海岸珊瑚礁发育，好）,实体信息陈述_0（英国，西部海岸珊瑚礁发育，好）,,,实体信息陈述,实体信息陈述,,,英国 西部 海岸 珊瑚礁 发育 好,英国 西部 海岸 珊瑚礁 发育 好,loc NN NN VV VA,( (IP (NP (NP (NR 英国西部) (NN 海岸)) (NP (NN 珊瑚礁))) (VP (VRD (VV 发育) (VA 好)))) )
2012-北京,2-D,英国	多数河流短，含沙少，无结冰期,y,,0,9,,英国 多数 河流 短 ， 含沙 少 ， 无 结冰期,英国 多数 河流 短 ， 含沙 少 ， 无 结冰期,loc CD NN VA PU NN VA PU VE term,,实体信息陈述_0（英国多数河流，#，短）实体信息陈述_1（英国多数河流，含沙，少）实体信息陈述_2（英国多数河流，结冰期，无）,实体信息陈述_0（英国多数河流，#，短）实体信息陈述_1（英国多数河流，含沙，少）实体信息陈述_2（英国多数河流，结冰期，无）,,,实体信息陈述 实体信息陈述 实体信息陈述,实体信息陈述 实体信息陈述 实体信息陈述,,0,英国 多数 河流 短 ， 含沙 少 ， 无 结冰期,英国 多数 河流 短 ， 含沙 少 ， 无 结冰期,loc CD NN VA PU VV VA PU VE term,( (IP (IP (NP (NP (NR 英国)) (QP (CD 多数)) (NP (NN 河流))) (VP (VA 短))) (PU ，) (IP (NP (NN 含沙)) (VP (VA 少))) (PU ，) (IP (VP (VE 无) (NP (NN 结冰期))))) )
2012-北京,2-D-0,英国	多数河流短,ed-ori,,0,,,英国 多数 河流 短,英国 多数 河流 短,loc CD NN VA,,实体信息陈述_0（英国多数河流，#，短）,实体信息陈述_0（英国多数河流，#，短）,,,实体信息陈述,实体信息陈述,,0,英国 多数 河流 短,英国 多数 河流 短,loc CD NN VA,( (IP (NP (NP (NR 英国)) (QP (CD 多数)) (NP (NN 河流))) (VP (VA 短))) )
2012-北京,2-D-1,英国	多数河流含沙少,ed-mod,,0,,,英国 多数 河流 含沙 少,英国 多数 河流 含沙 少,loc CD NN NN VA,,实体信息陈述_0（英国多数河流，含沙，少）,实体信息陈述_0（英国多数河流，含沙，少）,,,实体信息陈述,实体信息陈述,,0,英国 多数 河流 含沙 少,英国 多数 河流 含沙 少,loc CD NN VV VA,( (IP (NP (NP (NR 英国)) (QP (CD 多数)) (NP (NN 河流))) (NP (NN 含沙)) (VP (VA 少))) )
2012-北京,2-D-2,英国	多数河流无结冰期,ed-mod,,0,4,,英国 多数 河流 无 结冰期,英国 多数 河流 无 结冰期,loc CD NN VE term,,实体信息陈述_0（英国多数河流，结冰期，无）,实体信息陈述_0（英国多数河流，结冰期，无）,,,实体信息陈述,实体信息陈述,,0,英国 多数 河流 无 结冰期,英国 多数 河流 无 结冰期,loc CD NN VE term,( (IP (NP (NP (NR 英国)) (QP (CD 多数)) (NP (NN 河流))) (VP (VE 无) (NP (NN 结冰期)))) )
2012-北京,4-B,图中所示山地	北坡热量条件差，林带上界比南坡低,y,,,,,图 中 所示 山地 北坡 热量 条件 差 ， 林带 上界 比 南坡 低,图 中 所示 山地 北坡 热量 条件 差 ， 林带 上界 比 南坡 低,NN LC VV NN NN NN NN VA PU NN NN P NN VA,,实体信息陈述_0（山地北坡，热量条件，差）比较_1（山地北坡，山地南坡，林带上界，低）,实体信息陈述_0（山地北坡，热量条件，差）比较_1（山地北坡，山地南坡，林带上界，低）,1_11-13,1_11-13,实体信息陈述 比较,实体信息陈述 比较,,,图 中 所示 山地 北坡 热量 条件 差 ， 林带 上界 比 南坡 低,图 中 所示 山地 北坡 热量 条件 差 ， 林带 上界 比 南坡 低,NN LC VV NN NR NN NN VA PU NN NN P NN VA,( (IP (LCP (NP (NN 图)) (LC 中)) (VP (VV 所示) (NP (NN 山地) (NN 北坡))) (PRN (IP (IP (NP (NN 热量) (NN 条件)) (VP (VA 差))) (PU ，) (IP (NP (NN 林带) (NN 上界)) (VP (PP (P 比) (NP (NN 南坡))) (VP (VA 低))))))) )
2012-北京,4-B-0,图中所示山地	北坡热量条件差,ed-ori,,,,,图 中 所示 山地 北坡 热量 条件 差,图 中 所示 山地 北坡 热量 条件 差,NN LC VV NN NN NN NN VA,,实体信息陈述_0（山地北坡，热量条件，差）,实体信息陈述_0（山地北坡，热量条件，差）,,,实体信息陈述,实体信息陈述,,,图 中 所示 山地 北坡 热量 条件 差,图 中 所示 山地 北坡 热量 条件 差,NN LC VV NN NR NN NN VA,( (IP (NP (LCP (NP (NN 图)) (LC 中)) (IP (VP (VV 所示) (NP (NN 山地)))) (NP (NN 北坡))) (NP (NN 热量) (NN 条件)) (VP (VA 差))) )
2012-北京,4-B-1,图中所示山地	北坡林带上界比南坡低,ed-mod,,,5,,图 中 所示 山地 北坡 林带 上界 比 南坡 低,图 中 所示 山地 北坡 林带 上界 比 南坡 低,NN LC VV NN NN term NN P NN VA,,比较_0（山地北坡，山地南坡，林带上界，低）,比较_0（山地北坡，山地南坡，林带上界，低）,0_7-9,0_7-9,比较,比较,,,图 中 所示 山地 北坡 林带 上界 比 南坡 低,图 中 所示 山地 北坡 林带 上界 比 南坡 低,NN LC VV NN NR term NN P NN VA,( (IP (IP (LCP (NP (NN 图)) (LC 中)) (VP (VV 所示) (NP (NN 山地) (NN 北坡)))) (NP (NN 林带) (NN 上界)) (VP (PP (P 比) (NP (NN 南坡))) (VP (VA 低)))) )
2013-北京,2-A,东北平原	地势中间高，南北低,y,,0,,,东北平原 地势 中间 高 ， 南北 低,东北 平原 地势 中间 高 ， 南北 低,loc NN NN VA PU NN VA,,实体信息陈述_0（东北平原，地势，中间高）实体信息陈述_1（东北平原，地势，南北低）,实体信息陈述_0（东北平原，地势，中间高）实体信息陈述_1（东北平原，地势，南北低）,,,实体信息陈述 实体信息陈述,实体信息陈述 实体信息陈述,,,东 北平原 地势 中间 高 ， 南北 低,东北平原 地势 中间 高 ， 南北 低,loc NN NN VA PU NN VA,( (IP (NP (NP (NR 东北平原)) (NP (NN 地势))) (IP (IP (NP (NN 中间)) (VP (VA 高))) (PU ，) (IP (NP (NN 南北)) (VP (VA 低))))) )
2013-北京,2-A-0,东北平原	地势中间高,ed-ori,,0,,,东北平原 地势 中间 高,东北 平原 地势 中间 高,loc NN NN VA,,实体信息陈述_0（东北平原，地势，中间高）,实体信息陈述_0（东北平原，地势，中间高）,,,实体信息陈述,实体信息陈述,,,东 北平原 地势 中间 高,东北平原 地势 中间 高,loc NN NN VA,( (IP (NP (NP (NR 东北平原) (NN 地势)) (NP (NN 中间))) (VP (VA 高))) )
2013-北京,2-A-1,东北平原	地势南北低,ed-mod,,0,,,东北平原 地势 南北 低,东北 平原 地势 南北 低,loc NN NN VA,,实体信息陈述_0（东北平原，地势，南北低）,实体信息陈述_0（东北平原，地势，南北低）,,,实体信息陈述,实体信息陈述,,,东 北平原 地势 南北 低,东北平原 地势 南北 低,loc NN NN VA,( (IP (NP (NP (NR 东北平原) (NN 地势)) (NP (NN 南北))) (VP (VA 低))) )
2013-北京,2-C,东北平原	农业实行小农场经营，精耕细作,y,,0,,,东北平原 农业 实行 小 农场 经营 ， 精耕细作,东北 平原 农业 实行 小 农场 经营 ， 精耕细作,loc NN VV JJ NN NN PU VV,,实体信息陈述_0（东北平原农业，实行，小农场经营）实体信息陈述_1（东北平原农业，实行，精耕细作）,实体信息陈述_0（东北平原农业，实行，小农场经营）实体信息陈述_1（东北平原农业，实行，精耕细作）,,,实体信息陈述 实体信息陈述,实体信息陈述 实体信息陈述,,,东 北平原 农业 实行 小农场经营 ， 精耕 细作,东北平原 农业 实行 小农场经营 ， 精耕 细作,loc NN VV JJ NN NN PU VV VV,( (IP (NP (NP (NR 东北平原)) (NP (NN 农业))) (VP (VP (VV 实行) (NP (ADJP (JJ 小)) (NP (NN 农场) (NN 经营)))) (PU ，) (VP (VV 精耕细作)))) )
2013-北京,2-C-0,东北平原	农业实行小农场经营,ed-ori,,0,,,东北平原 农业 实行 小 农场 经营,东北 平原 农业 实行 小 农场 经营,loc NN VV JJ NN VV,,实体信息陈述_0（东北平原农业，实行，小农场经营）,实体信息陈述_0（东北平原农业，实行，小农场经营）,,,实体信息陈述,实体信息陈述,,,东 北平原 农业 实行 小农场经营,东北平原 农业 实行 小农场经营,loc NN VV JJ NN VV,( (IP (NP (NP (NR 东北平原)) (NP (NN 农业))) (VP (VV 实行) (IP (NP (ADJP (JJ 小)) (NP (NN 农场))) (VP (VV 经营))))) )
2013-北京,2-C-1,东北平原	农业精耕细作,ed-mod,,0,,,东北平原 农业 精耕细作,东北 平原 农业 精耕细作,loc NN VV,,实体信息陈述_0（东北平原农业，实行，精耕细作）,实体信息陈述_0（东北平原农业，实行，精耕细作）,,,实体信息陈述,实体信息陈述,,,东 北平原 农业 精耕 细作,东北平原 农业 精耕 细作,loc NN NN VA,( (IP (NP (NP (NR 东北平原)) (NP (NN 农业))) (VP (VV 精耕细作))) )
2014北京市东城区高考文综地理二模试题,6-A,1980～2000年该城市人口密度的变化表现在	甲区人口密度最高，增长速度最快,y,0,9,,,1980～2000年 该 城市 人口 密度 的 变化 表现 在 甲区 人口 密度 最 高 ， 增长 速度 最 快,1980 ～ 2000年 该 城市 人口 密度 的 变化 表现 在 甲区 人口 密度 最 高 ， 增长 速度 最 快,time DT NN NN NN DEG NN VV P loc NN NN AD VA PU NN NN AD VA,,趋势_0（城市人口密度，甲区人口密度最高）趋势_1（城市人口密度，甲区增长速度最快）,趋势_0（城市人口密度，最值_2（甲区，人口密度，高））趋势_1（城市人口密度，最值_3（甲区，增长速度，快））,0_6 1_6,0_6 1_6 2_12 3_17,趋势 趋势,趋势 趋势 最值,0,,1980～2000年 该 城市 人口 密度 的 变化 表现 在 甲区 人口 密度 最 高 ， 增长 速度 最 快,1980～ 2000年 该 城市 人口 密度 的 变化 表现 在 甲区 人口 密度 最 高 ， 增长 速度 最 快,time DT NN NN NN DEG NN VV P loc NN NN AD VA PU NN NN AD VA,( (IP (IP (IP (NP (NT 1980～2000年)) (NP (DNP (NP (NP (DP (DT 该)) (NP (NN 城市))) (NP (NN 人口) (NN 密度))) (DEG 的)) (NP (NN 变化))) (VP (VV 表现) (PP (P 在) (NP (NR 甲区))))) (NP (NN 人口) (NN 密度)) (VP (ADVP (AD 最)) (VP (VA 高)))) (PU ，) (NP (NN 增长) (NN 速度)) (VP (ADVP (AD 最)) (VP (VA 快)))) )
2014北京市东城区高考文综地理二模试题,6-A-0,1980～2000年该城市人口密度的变化表现在	甲区人口密度最高,ed-ori,0,9,,,1980～2000年 该 城市 人口 密度 的 变化 表现 在 甲区 人口 密度 最 高,1980 ～ 2000年 该 城市 人口 密度 的 变化 表现 在 甲区 人口 密度 最 高,time DT NN NN NN DEG NN VV P loc NN NN AD VA,,趋势_0（城市人口密度，甲区人口密度最高）,趋势_0（城市人口密度，最值_2（甲区，人口密度，高））,0_6,0_6 2_12,趋势,趋势 最值,0,,1980～2000年 该 城市 人口 密度 的 变化 表现 在 甲区 人口 密度 最 高,1980～ 2000年 该 城市 人口 密度 的 变化 表现 在 甲区 人口 密度 最 高,time DT NN NN NN DEG NN VV P loc NN NN AD JJ,( (IP (NP (NT 1980～2000年)) (NP (DNP (NP (NP (DP (DT 该)) (NP (NN 城市))) (NP (NN 人口) (NN 密度))) (DEG 的)) (NP (NN 变化))) (VP (VP (VV 表现) (PP (P 在) (NP (NP (NR 甲区)) (NP (NN 人口) (NN 密度))))) (VP (ADVP (AD 最)) (VP (VA 高))))) )
2014北京市东城区高考文综地理二模试题,6-A-1,1980～2000年该城市人口密度的变化表现在	甲区增长速度最快,ed-mod,0,9,,,1980～2000年 该 城市 人口 密度 的 变化 表现 在 甲区 增长 速度 最 快,1980 ～ 2000年 该 城市 人口 密度 的 变化 表现 在 甲区 增长 速度 最 快,time DT NN NN NN DEG NN VV P loc NN NN AD VA,,趋势_0（城市人口密度，甲区增长速度最快）,趋势_0（城市人口密度，最值_2（甲区，增长速度，最快））,0_6,0_6 2_12,趋势,趋势 最值,0,,1980～2000年 该 城市 人口 密度 的 变化 表现 在 甲区 增长 速度 最 快,1980～ 2000年 该 城市 人口 密度 的 变化 表现 在 甲区 增长 速度 最 快,time DT NN NN NN DEG NN VV P loc NN NN AD VA,( (IP (NP (NT 1980～2000年)) (NP (DNP (NP (NP (DP (DT 该)) (NP (NN 城市))) (NP (NN 人口) (NN 密度))) (DEG 的)) (NP (NN 变化))) (VP (VP (VV 表现) (PP (P 在) (NP (NP (NR 甲区)) (NP (NN 增长) (NN 速度))))) (VP (ADVP (AD 最)) (VP (VA 快))))) )
2014北京市丰台区高考文综地理二模试题,9-A,图8中	地势南部高北部低，东部高西部低,y,,,,,图8 中 地势 南部 高 北部 低 ， 东部 高 西部 低,图8 中 地势 南部 高 北部 低 ， 东部 高 西部 低,NN LC NN NN VA NN VA PU NN VA NN VA,,,,,,,,,10,图8 中 地势 南部 高北部低 ， 东部 高 西部 低,图8 中 地势 南部 高北部低 ， 东部 高 西部 低,NN LC NN NN JJ NN VA PU NN JJ NN VA,( (IP (IP (LCP (NP (NN 图8)) (LC 中)) (IP (IP (NP (NN 地势) (NN 南部)) (VP (VA 高))) (IP (NP (NN 北部)) (VP (VA 低))))) (PU ，) (IP (NP (NN 东部)) (VP (VA 高))) (IP (NP (NN 西部)) (VP (VA 低)))) )
2014北京市丰台区高考文综地理二模试题,9-A-0,图8中	地势南部高北部低,ed-ori,,,,,图8 中 地势 南部 高 北部 低,图8 中 地势 南部 高 北部 低,NN LC NN NN VA NN VA,,,,,,,,,,图8 中 地势 南部 高 北部 低,图8 中 地势 南部 高 北部 低,NN LC NN NN JJ NN VA,( (IP (IP (LCP (NP (NN 图8)) (LC 中)) (NP (NN 地势) (NN 南部)) (VP (VA 高))) (NP (NN 北部)) (VP (VA 低))) )
2014北京市丰台区高考文综地理二模试题,9-A-1,图8中	地势东部高西部低,ed-mod,,,,,图8 中 地势 东部 高 西部 低,图8 中 地势 东部 高 西部 低,NN LC NN NN VA NN VA,,,,,,,,,5,图8 中 地势 东部 高 西部 低,图8 中 地势 东部 高 西部 低,NN LC NN NN JJ NN VA,( (IP (IP (LCP (NP (NN 图8)) (LC 中)) (NP (NN 地势) (NN 东部)) (VP (VA 高))) (NP (NN 西部)) (VP (VA 低))) )
2014北京市朝阳区高考文综地理二模试题,1-A,图l中，圣若阿金地区	终年受赤道低压带控制，降水多,y,,4,7,,图 l 中 ， 圣若阿金地区 终年 受 赤道低压带 控制 ， 降水 多,图 l 中 ， 圣若阿金 地区 终年 受 赤道 低压 带 控制 ， 降水 多,NN NN LC PU loc AD VV term NN PU NN VA,,一般陈述_0（图l中，圣若阿金地区 终年受赤道低压带控制）实体信息陈述_1（圣若阿金地区，降水，多）,一般陈述_0（图l中，圣若阿金地区 终年受赤道低压带控制）实体信息陈述_1（圣若阿金地区，降水，多）,,,一般陈述 实体信息陈述,一般陈述 实体信息陈述,,,图 l 中 ， 圣若 阿金 地区 终年 受 赤道低压带 控制 ， 降水 多,图 l 中 ， 圣若 阿金 地区 终年 受 赤道低压带 控制 ， 降水 多,NN NN LC PU loc AD VV term NN PU VV VA,( (IP (IP (LCP (NP (NN 图) (NN l)) (LC 中)) (PU ，) (NP (NR 圣若阿金地区)) (VP (ADVP (AD 终年)) (VP (VV 受) (NP (NN 赤道低压带) (NN 控制))))) (PU ，) (IP (NP (NN 降水)) (VP (VA 多)))) )
2014北京市朝阳区高考文综地理二模试题,1-A-0,图l中，圣若阿金地区	终年受赤道低压带控制,ed-ori,,4,7,,图 l 中 ， 圣若阿金地区 终年 受 赤道低压带 控制,图 l 中 ， 圣若阿金 地区 终年 受 赤道 低压 带 控制,NN NN LC PU loc AD VV term NN,,一般陈述_0（图l中，圣若阿金地区 终年受赤道低压带控制）,一般陈述_0（图l中，圣若阿金地区 终年受赤道低压带控制）,,,一般陈述,一般陈述,,,图 l 中 ， 圣若 阿金 地区 终年 受 赤道低压带 控制,图 l 中 ， 圣若 阿金 地区 终年 受 赤道低压带 控制,NN NN LC PU loc AD VV term VV,( (IP (LCP (NP (NN 图) (NN l)) (LC 中)) (PU ，) (NP (NR 圣若阿金地区)) (VP (ADVP (AD 终年)) (VP (VV 受) (NP (NN 赤道低压带) (NN 控制))))) )
2014北京市朝阳区高考文综地理二模试题,1-A-1,图l中，圣若阿金地区	终年降水多,ed-mod,,4,,,图 l 中 ， 圣若阿金地区 终年 降水 多,图 l 中 ， 圣若阿金 地区 终年 降水 多,NN NN LC PU loc AD NN VA,,实体信息陈述_0（圣若阿金地区， 终年降水，多）,实体信息陈述_0（圣若阿金地区， 终年降水，多）,,,实体信息陈述,实体信息陈述,,,图 l 中 ， 圣若 阿金 地区 终年 降水 多,图 l 中 ， 圣若 阿金 地区 终年 降水 多,NN NN LC PU loc AD VV VA,( (IP (LCP (NP (NN 图) (NN l)) (LC 中)) (PU ，) (NP (NR 圣若阿金地区)) (ADVP (AD 终年)) (NP (NN 降水)) (VP (VA 多))) )
2014北京市朝阳区高考文综地理二模试题,2-D,图2为南亚某岛示意图，图中	乙河水位季节变化小，水流平缓,y,,2 9,,,图2 为 南亚 某 岛 示意图 ， 图 中 乙河 水位 季节 变化 小 ， 水流 平缓,图2 为 南亚 某 岛 示意图 ， 图 中 乙河 水位 季节 变化 小 ， 水流 平缓,NN VC loc DT NN NN PU NN LC loc NN NN NN VA PU NN VA,,实体信息陈述_0（乙河，水位，季节变化小）实体信息陈述_1（乙河，水流，平缓）,实体信息陈述_0（乙河，水位，季节变化小）实体信息陈述_1（乙河，水流，平缓）,,,实体信息陈述 实体信息陈述,实体信息陈述 实体信息陈述,,2,图2 为 南亚 某 岛 示意图 ， 图 中 乙河 水位 季节 变化 小 ， 水流 平缓,图2 为 南亚 某 岛 示意图 ， 图 中 乙河 水位 季节 变化 小 ， 水流 平缓,NN VC loc DT NN NN PU NN LC loc NN NN NN VA PU NN NN,( (IP (IP (NP (NN 图2)) (VP (VC 为) (NP (NP (NR 南亚)) (NP (DP (DT 某)) (NP (NN 岛))) (NP (NN 示意图))))) (PU ，) (IP (LCP (NP (NN 图)) (LC 中)) (IP (IP (NP (NP (NR 乙河) (NN 水位)) (NP (NN 季节) (NN 变化))) (VP (VA 小))) (PU ，) (IP (NP (NN 水流)) (VP (VA 平缓)))))) )
2014北京市朝阳区高考文综地理二模试题,2-D-0,图2为南亚某岛示意图，图中	乙河水位季节变化小,ed-ori,,2 9,,,图2 为 南亚 某 岛 示意图 ， 图 中 乙河 水位 季节 变化 小,图2 为 南亚 某 岛 示意图 ， 图 中 乙河 水位 季节 变化 小,NN VC loc DT NN NN PU NN LC loc NN NN NN VA,,实体信息陈述_0（乙河，水位，季节变化小）,实体信息陈述_0（乙河，水位，季节变化小）,,,实体信息陈述,实体信息陈述,,2,图2 为 南亚 某 岛 示意图 ， 图 中 乙河 水位 季节 变化 小,图2 为 南亚 某 岛 示意图 ， 图 中 乙河 水位 季节 变化 小,NN VC loc DT NN NN PU NN LC loc NN NN NN VA,( (IP (IP (NP (NN 图2)) (VP (VC 为) (NP (NP (NR 南亚)) (NP (DP (DT 某)) (NP (NN 岛))) (NP (NN 示意图))))) (PU ，) (IP (NP (LCP (NP (NN 图)) (LC 中)) (NP (NP (NR 乙河)) (NP (NN 水位))) (NP (NN 季节) (NN 变化))) (VP (VA 小)))) )
2014北京市朝阳区高考文综地理二模试题,2-D-1,图2为南亚某岛示意图，图中	乙河水流平缓,ed-mod,,2 9,,,图2 为 南亚 某 岛 示意图 ， 图 中 乙河 水流 平缓,图2 为 南亚 某 岛 示意图 ， 图 中 乙河 水流 平缓,NN VC loc DT NN NN PU NN LC loc NN VA,,实体信息陈述_0（乙河，水流，平缓）,实体信息陈述_0（乙河，水流，平缓）,,,实体信息陈述,实体信息陈述,,2,图2 为 南亚 某 岛 示意图 ， 图 中 乙河 水流 平缓,图2 为 南亚 某 岛 示意图 ， 图 中 乙河 水流 平缓,NN VC loc DT NN NN PU NN LC loc NN NN,( (IP (IP (NP (NN 图2)) (VP (VC 为) (NP (NP (NR 南亚)) (NP (DP (DT 某)) (NP (NN 岛))) (NP (NN 示意图))))) (PU ，) (IP (NP (LCP (NP (NN 图)) (LC 中)) (NP (NR 乙河)) (NP (NN 水流))) (VP (VA 平缓)))) )
2014北京市海淀区高考文综地理二模试题,2-C,图中	③平原灌溉便利，可扩大双季稻种植面积,y,,,3,,图 中 ③ 平原 灌溉 便利 ， 可 扩大 双季稻 种植 面积,图 中 ③ 平原 灌溉 便利 ， 可 扩大 双季稻 种植 面积,NN LC NN term VV VA PU VV VV NN NN NN,,,,,,,,,,图 中 ③ 平原 灌溉 便利 ， 可 扩大 双季稻 种植 面积,图 中 ③ 平原 灌溉 便利 ， 可 扩大 双季稻 种植 面积,NN LC VV term NN NN PU VV VV NN NN NN,( (IP (IP (LCP (NP (NN 图)) (LC 中)) (NP (NN ③) (NN 平原)) (VP (VP (VV 灌溉)) (VP (VA 便利)))) (PU ，) (IP (VP (VV 可) (VP (VV 扩大) (NP (NN 双季稻) (NN 种植) (NN 面积)))))) )
2014北京市海淀区高考文综地理二模试题,2-C-0,图中	③平原灌溉便利,ed-ori,,,3,,图 中 ③ 平原 灌溉 便利,图 中 ③ 平原 灌溉 便利,NN LC NN term VV VA,,,,,,,,,,图 中 ③ 平原 灌溉 便利,图 中 ③ 平原 灌溉 便利,NN LC VV term NN NN,( (IP (LCP (NP (NN 图)) (LC 中)) (NP (NN ③) (NN 平原)) (VP (VP (VV 灌溉)) (VP (VA 便利)))) )
2014北京市海淀区高考文综地理二模试题,2-C-1,图中	③平原可扩大双季稻种植面积,ed-mod,,,3,,图 中 ③ 平原 可 扩大 双季稻 种植 面积,图 中 ③ 平原 可 扩大 双季稻 种植 面积,NN LC NN term VV VV NN NN NN,,,,,,,,,,图 中 ③ 平原 可 扩大 双季稻 种植 面积,图 中 ③ 平原 可 扩大 双季稻 种植 面积,NN LC VV term VV VV NN NN NN,( (IP (NP (LCP (NP (NN 图)) (LC 中)) (NP (NN ③) (NN 平原))) (VP (VV 可) (VP (VV 扩大) (NP (NN 双季稻) (NN 种植) (NN 面积))))) )
2014北京市海淀区高考文综地理二模试题,2-D,图中	④高原旱灾频发，应大规模发展畜牧业,y,,,3 4,,图 中 ④ 高原 旱灾 频发 ， 应 大规模 发展 畜牧业,图 中 ④ 高原 旱灾 频发 ， 应 大规模 发展 畜牧业,NN LC NN term term VV PU VV AD VV NN,,,,,,,,,,图 中 ④ 高原 旱灾 频发 ， 应 大规模 发展 畜牧 业,图 中 ④ 高原 旱灾 频发 ， 应 大规模 发展 畜牧 业,NN LC NR term term VV PU VV JJ NN NN NN,( (IP (IP (NP (LCP (NP (NN 图)) (LC 中)) (NP (NN ④) (NN 高原))) (NP (NN 旱灾)) (VP (VV 频发))) (PU ，) (VP (VV 应) (VP (ADVP (AD 大规模)) (VP (VV 发展) (NP (NN 畜牧业)))))) )
2014北京市海淀区高考文综地理二模试题,2-D-0,图中	④高原旱灾频发,ed-ori,,,3 4,,图 中 ④ 高原 旱灾 频发,图 中 ④ 高原 旱灾 频发,NN LC NN term term VV,,,,,,,,,,图 中 ④ 高原 旱灾 频发,图 中 ④ 高原 旱灾 频发,NN LC NR term term VV,( (IP (NP (LCP (NP (NN 图)) (LC 中)) (NP (NN ④) (NN 高原))) (NP (NN 旱灾)) (VP (VV 频发))) )
2014北京市海淀区高考文综地理二模试题,2-D-1,图中	④高原应大规模发展畜牧业,ed-mod,,,3,,图 中 ④ 高原 应 大规模 发展 畜牧业,图 中 ④ 高原 应 大规模 发展 畜牧业,NN LC NN term VV AD VV NN,,,,,,,,,,图 中 ④ 高原 应 大规模 发展 畜牧 业,图 中 ④ 高原 应 大规模 发展 畜牧 业,NN LC VV term VV JJ NN NN NN,( (IP (NP (LCP (NP (NN 图)) (LC 中)) (NP (NN ④) (NN 高原))) (VP (VV 应) (VP (ADVP (AD 大规模)) (VP (VV 发展) (NP (NN 畜牧业)))))) )
2014北京市海淀区高考文综地理二模试题,4-B,清江流域洪涝灾害多发的主要原因是	降水多，季节变化大,y,,0,1,,清江流域 洪涝 灾害 多发 的 主要 原因 是 降水 多 ， 季节 变化 大,清江 流域 洪涝 灾害 多发 的 主要 原因 是 降水 多 ， 季节 变化 大,loc term NN VA DEC JJ NN VC VV VA PU NN NN VA,,,,,,,,,,清江 流域 洪涝 灾害 多发 的 主要 原因 是 降水 多 ， 季节 变化 大,清江 流域 洪涝 灾害 多发 的 主要 原因 是 降水 多 ， 季节 变化 大,loc term NN VA DEC JJ NN VC VV VA PU NN NN VA,( (IP (NP (NP (NR 清江流域)) (NP (NN 洪涝) (NN 灾害))) (IP (IP (NP (CP (IP (VP (VA 多发))) (DEC 的)) (ADJP (JJ 主要)) (NP (NN 原因))) (VP (VC 是) (VP (VRD (VV 降水) (VA 多))))) (PU ，) (IP (NP (NN 季节) (NN 变化)) (VP (VA 大))))) )
2014北京市海淀区高考文综地理二模试题,4-B-0,清江流域洪涝灾害多发的主要原因是	降水多,ed-ori,,0,1,,清江流域 洪涝 灾害 多发 的 主要 原因 是 降水 多,清江 流域 洪涝 灾害 多发 的 主要 原因 是 降水 多,loc term NN VA DEC JJ NN VC VV VA,,,,,,,,,,清江 流域 洪涝 灾害 多发 的 主要 原因 是 降水 多,清江 流域 洪涝 灾害 多发 的 主要 原因 是 降水 多,loc term NN VA DEC JJ NN VC VV VA,( (IP (NP (NP (NR 清江流域)) (NP (NN 洪涝) (NN 灾害))) (NP (CP (IP (VP (VA 多发))) (DEC 的)) (ADJP (JJ 主要)) (NP (NN 原因))) (VP (VC 是) (VP (VP (VV 降水)) (VP (VA 多))))) )
2014北京市海淀区高考文综地理二模试题,4-B-1,清江流域洪涝灾害多发的主要原因是	降水季节变化大,ed-mod,,0,1,,清江流域 洪涝 灾害 多发 的 主要 原因 是 降水 季节 变化 大,清江 流域 洪涝 灾害 多发 的 主要 原因 是 降水 季节 变化 大,loc term NN VA DEC JJ NN VC NN NN NN VA,,,,,,,,,,清江 流域 洪涝 灾害 多发 的 主要 原因 是 降水 季节 变化 大,清江 流域 洪涝 灾害 多发 的 主要 原因 是 降水 季节 变化 大,loc term NN VA DEC JJ NN VC VV NN NN VA,( (IP (NP (NP (NP (NR 清江流域)) (NP (NN 洪涝) (NN 灾害))) (CP (IP (VP (VA 多发))) (DEC 的)) (ADJP (JJ 主要)) (NP (NN 原因))) (VP (VC 是) (IP (NP (NN 降水)) (NP (NN 季节) (NN 变化)) (VP (VA 大))))) )
2015-北京,4-A,图中	甲地陡峻，喀斯特地貌典型,y,,2,5,,图 中 甲地 陡峻 ， 喀斯特地貌 典型,图 中 甲地 陡峻 ， 喀斯特 地貌 典型,NN LC loc VA PU term VA,,实体信息陈述_0（甲地，#，陡峻）实体信息陈述_1（甲地，喀斯特地貌，典型）,实体信息陈述_0（甲地，#，陡峻）实体信息陈述_1（甲地，喀斯特地貌，典型）,,,实体信息陈述 实体信息陈述,实体信息陈述 实体信息陈述,,,图 中 甲地 陡峻 ， 喀斯特地貌 典型,图 中 甲地 陡峻 ， 喀斯特地貌 典型,NN LC loc NN PU term NN,( (IP (IP (NP (LCP (NP (NN 图)) (LC 中)) (NP (NR 甲地))) (VP (VA 陡峻))) (PU ，) (IP (NP (NN 喀斯特地貌)) (VP (VA 典型)))) )
2015-北京,4-A-0,图中	甲地陡峻,ed-ori,,2,,,图 中 甲地 陡峻,图 中 甲地 陡峻,NN LC loc VA,,实体信息陈述_0（甲地，#，陡峻）,实体信息陈述_0（甲地，#，陡峻）,,,实体信息陈述,实体信息陈述,,,图 中 甲地 陡峻,图 中 甲地 陡峻,NN LC loc NN,( (IP (LCP (NP (NN 图)) (LC 中)) (NP (NR 甲地)) (VP (VA 陡峻))) )
2015-北京,4-A-1,图中	甲地喀斯特地貌典型,ed-mod,,2,3,,图 中 甲地 喀斯特地貌 典型,图 中 甲地 喀斯特 地貌 典型,NN LC loc term VA,,实体信息陈述_0（甲地，喀斯特地貌，典型）,实体信息陈述_0（甲地，喀斯特地貌，典型）,,,实体信息陈述,实体信息陈述,,,图 中 甲地 喀斯特地貌 典型,图 中 甲地 喀斯特地貌 典型,NN LC loc term NN,( (IP (NP (LCP (NP (NN 图)) (LC 中)) (NP (NR 甲地)) (NP (NN 喀斯特地貌))) (VP (VA 典型))) )
2015-北京,4-B,图中	乙地低平，泥石流灾害频发,y,,2,5,,图 中 乙地 低平 ， 泥石流 灾害 频发,图 中 乙地 低平 ， 泥石流 灾害 频发,NN LC loc VA PU term NN VV,,实体信息陈述_0（乙地，#，低平）实体信息陈述_1（乙地，泥石流灾害，频发）,实体信息陈述_0（乙地，#，低平）实体信息陈述_1（乙地，泥石流灾害，频发）,,,实体信息陈述 实体信息陈述,实体信息陈述 实体信息陈述,,,图 中 乙地 低平 ， 泥石流 灾害 频发,图 中 乙地 低平 ， 泥石流 灾害 频发,NN LC loc NN PU term NN VV,( (IP (IP (NP (LCP (NP (NN 图)) (LC 中)) (NP (NR 乙地))) (VP (VA 低平))) (PU ，) (IP (NP (NN 泥石流) (NN 灾害)) (VP (VV 频发)))) )
2015-北京,4-B-0,图中	乙地低平,ed-ori,,2,,,图 中 乙地 低平,图 中 乙地 低平,NN LC loc VA,,实体信息陈述_0（乙地，#，低平）,实体信息陈述_0（乙地，#，低平）,,,实体信息陈述,实体信息陈述,,,图 中 乙地 低平,图 中 乙地 低平,NN LC loc NN,( (IP (LCP (NP (NN 图)) (LC 中)) (NP (NR 乙地)) (VP (VA 低平))) )
2015-北京,4-B-1,图中	乙地泥石流灾害频发,ed-mod,,2,3,,图 中 乙地 泥石流 灾害 频发,图 中 乙地 泥石流 灾害 频发,NN LC loc term NN VV,,实体信息陈述_0（乙地，泥石流灾害，频发）,实体信息陈述_0（乙地，泥石流灾害，频发）,,,实体信息陈述,实体信息陈述,,,图 中 乙地 泥石流 灾害 频发,图 中 乙地 泥石流 灾害 频发,NN LC loc term NN VV,( (IP (NP (LCP (NP (NN 图)) (LC 中)) (NP (NP (NR 乙地)) (NP (NN 泥石流) (NN 灾害)))) (VP (VV 频发))) )
北京市东城区2014届高三第一学期期末教学统一检测,10-A,此时，关于图中天气的正确叙述是	北京比东京气温低，气压高,y,,10 12,16,,此时 ， 关于 图 中 天气 的 正确 叙述 是 北京 比 东京 气温 低 ， 气压 高,此时 ， 关于 图 中 天气 的 正确 叙述 是 北京 比 东京 气温 低 ， 气压 高,NT PU P NN LC NN DEG JJ NN VC loc P loc NN VA PU term VA,,时间限定_0（此时）比较_1（北京，东京，气温，低）比较_2（北京，东京，气压，高）,时间限定_0（此时）比较_1（北京，东京，气温，低）比较_2（北京，东京，气压，高）,0_0 1_11 2_11,0_0 1_11 2_11,比较 时间限定,比较 时间限定,,10 12,此时 ， 关于 图 中 天气 的 正确 叙述 是 北京 比 东京 气温 低 ， 气压 高,此时 ， 关于 图 中 天气 的 正确 叙述 是 北京 比 东京 气温 低 ， 气压 高,NT PU P NN LC NN DEG JJ NN VC loc P loc NN VA PU term VA,( (IP (NP (NT 此时)) (PU ，) (NP (DNP (PP (P 关于) (NP (LCP (NP (NN 图)) (LC 中)) (NP (NN 天气)))) (DEG 的)) (ADJP (JJ 正确)) (NP (NN 叙述))) (VP (VC 是) (IP (IP (VP (NP (NR 北京)) (PP (P 比) (NP (NR 东京) (NN 气温))) (VP (VA 低)))) (PU ，) (IP (NP (NN 气压)) (VP (VA 高)))))) )
北京市东城区2014届高三第一学期期末教学统一检测,10-A-0,此时，关于图中天气的正确叙述是	北京比东京气温低,ed-ori,,10 12,,,此时 ， 关于 图 中 天气 的 正确 叙述 是 北京 比 东京 气温 低,此时 ， 关于 图 中 天气 的 正确 叙述 是 北京 比 东京 气温 低,NT PU P NN LC NN DEG JJ NN VC loc P loc NN VA,,时间限定_0（此时）比较_1（北京，东京，气温，低）,时间限定_0（此时）比较_1（北京，东京，气温，低）,0_0 1_11,0_0 1_11,比较 时间限定,比较 时间限定,,10 12,此时 ， 关于 图 中 天气 的 正确 叙述 是 北京 比 东京 气温 低,此时 ， 关于 图 中 天气 的 正确 叙述 是 北京 比 东京 气温 低,NT PU P NN LC NN DEG JJ NN VC loc P loc NN VA,( (IP (NP (NT 此时)) (PU ，) (NP (DNP (PP (P 关于) (NP (LCP (NP (NN 图)) (LC 中)) (NP (NN 天气)))) (DEG 的)) (ADJP (JJ 正确)) (NP (NN 叙述))) (VP (VC 是) (IP (NP (NR 北京)) (VP (PP (P 比) (NP (NR 东京) (NN 气温))) (VP (VA 低)))))) )
北京市东城区2014届高三第一学期期末教学统一检测,10-A-1,此时，关于图中天气的正确叙述是	北京比东京气压高,ed-mod,,10,,,此时 ， 关于 图 中 天气 的 正确 叙述 是 北京 比 东京 气压 高,此时 ， 关于 图 中 天气 的 正确 叙述 是 北京 比 东京 气压 高,NT PU P NN LC NN DEG JJ NN VC loc P NR NN VA,,时间限定_0（此时）比较_1（北京，东京，气压，高）,时间限定_0（此时）比较_1（北京，东京，气压，高）,0_0 1_11,0_0 1_11,比较 时间限定,比较 时间限定,,10,此时 ， 关于 图 中 天气 的 正确 叙述 是 北京 比 东京 气压 高,此时 ， 关于 图 中 天气 的 正确 叙述 是 北京 比 东京 气压 高,NT PU P NN LC NN DEG JJ NN VC loc P NR NN VA,( (IP (NP (NT 此时)) (PU ，) (NP (DNP (PP (P 关于) (NP (LCP (NP (NN 图)) (LC 中)) (NP (NN 天气)))) (DEG 的)) (ADJP (JJ 正确)) (NP (NN 叙述))) (VP (VC 是) (IP (NP (NR 北京)) (VP (PP (P 比) (NP (NR 东京) (NN 气压))) (VP (VA 高)))))) )
北京市东城区2014届高三第一学期期末教学统一检测,10-B,此时，关于图中天气的正确叙述是	青藏高原地区风力大，天气晴朗,y,,10,,,此时 ， 关于 图 中 天气 的 正确 叙述 是 青藏高原地区 风力 大 ， 天气 晴朗,此时 ， 关于 图 中 天气 的 正确 叙述 是 青藏 高原 地区 风力 大 ， 天气 晴朗,NT PU P NN LC NN DEG JJ NN VC loc NN VA PU NN VA,,时间限定_0（此时）实体信息陈述_1（青藏高原地区，风力，大）实体信息陈述_2（青藏高原地区，天气，晴朗）,时间限定_0（此时）实体信息陈述_1（青藏高原地区，风力，大）实体信息陈述_2（青藏高原地区，天气，晴朗）,0_0,0_0,时间限定 实体信息陈述,时间限定 实体信息陈述,,10,此时 ， 关于 图 中 天气 的 正确 叙述 是 青藏高原 地区 风力 大 ， 天气 晴朗,此时 ， 关于 图 中 天气 的 正确 叙述 是 青藏高原 地区 风力 大 ， 天气 晴朗,NT PU P NN LC NN DEG JJ NN VC loc NN VA PU NN NN,( (IP (NP (NT 此时)) (PU ，) (NP (DNP (PP (P 关于) (NP (LCP (NP (NN 图)) (LC 中)) (NP (NN 天气)))) (DEG 的)) (ADJP (JJ 正确)) (NP (NN 叙述))) (VP (VC 是) (IP (IP (NP (NR 青藏高原地区) (NN 风力)) (VP (VA 大))) (PU ，) (IP (NP (NN 天气)) (VP (VA 晴朗)))))) )
北京市东城区2014届高三第一学期期末教学统一检测,10-B-0,此时，关于图中天气的正确叙述是	青藏高原地区风力大,ed-ori,,10,,,此时 ， 关于 图 中 天气 的 正确 叙述 是 青藏高原地区 风力 大,此时 ， 关于 图 中 天气 的 正确 叙述 是 青藏 高原 地区 风力 大,NT PU P NN LC NN DEG JJ NN VC loc NN VA,,时间限定_0（此时）实体信息陈述_1（青藏高原地区，风力，大）,时间限定_0（此时）实体信息陈述_1（青藏高原地区，风力，大）,0_0,0_0,时间限定 实体信息陈述,时间限定 实体信息陈述,,10,此时 ， 关于 图 中 天气 的 正确 叙述 是 青藏高原 地区 风力 大,此时 ， 关于 图 中 天气 的 正确 叙述 是 青藏高原 地区 风力 大,NT PU P NN LC NN DEG JJ NN VC loc NN JJ,( (IP (NP (NT 此时)) (PU ，) (NP (DNP (PP (P 关于) (NP (LCP (NP (NN 图)) (LC 中)) (NP (NN 天气)))) (DEG 的)) (ADJP (JJ 正确)) (NP (NN 叙述))) (VP (VC 是) (IP (NP (NP (NR 青藏高原地区)) (NP (NN 风力))) (VP (VA 大))))) )
北京市东城区2014届高三第一学期期末教学统一检测,10-B-1,此时，关于图中天气的正确叙述是	青藏高原地区天气晴朗,ed-mod,,10,,,此时 ， 关于 图 中 天气 的 正确 叙述 是 青藏高原地区 天气 晴朗,此时 ， 关于 图 中 天气 的 正确 叙述 是 青藏 高原 地区 天气 晴朗,NT PU P NN LC NN DEG JJ NN VC loc NN VA,,时间限定_0（此时）实体信息陈述_1（青藏高原地区，天气，晴朗）,时间限定_0（此时）实体信息陈述_1（青藏高原地区，天气，晴朗）,0_0,0_0,时间限定 实体信息陈述,时间限定 实体信息陈述,,10,此时 ， 关于 图 中 天气 的 正确 叙述 是 青藏高原 地区 天气 晴朗,此时 ， 关于 图 中 天气 的 正确 叙述 是 青藏高原 地区 天气 晴朗,NT PU P NN LC NN DEG JJ NN VC loc NN NN,( (IP (NP (NT 此时)) (PU ，) (NP (DNP (PP (P 关于) (NP (LCP (NP (NN 图)) (LC 中)) (NP (NN 天气)))) (DEG 的)) (ADJP (JJ 正确)) (NP (NN 叙述))) (VP (VC 是) (IP (NP (NR 青藏高原地区)) (NP (NN 天气)) (VP (VA 晴朗))))) )
北京市东城区2014届高三第一学期期末教学统一检测,19-B,下列叙述正确的是	②③两地均位于沿海，降水丰沛,y,,5,,,下列 叙述 正确 的 是 ②③两地 均 位于 沿海 ， 降水 丰沛,下列 叙述 正确 的 是 ② ③ 两 地 均 位于 沿海 ， 降水 丰沛,JJ NN VA DEC VC loc AD VV NN PU NN VA,,位于_0（②③两地，沿海）实体信息陈述_1（②③两地，降水，丰沛）,位于_0（集合_1（②，③），沿海）实体信息陈述_2（集合_1（②，③），降水，丰沛）,0_6-7,0_6-7,位于 实体信息陈述,位于 实体信息陈述,5,,下列 叙述 正确 的 是 ② ③ 两地 均 位于 沿海 ， 降水 丰沛,下列 叙述 正确 的 是 ② ③ 两地 均 位于 沿海 ， 降水 丰沛,NT VV VA DEC VC loc AD VV NN PU VV VA,( (IP (NP (ADJP (JJ 下列)) (NP (NN 叙述))) (NP (CP (IP (VP (VA 正确))) (DEC 的))) (VP (VC 是) (IP (IP (NP (NR ②③两地)) (VP (ADVP (AD 均)) (VP (VV 位于) (NP (NN 沿海))))) (PU ，) (IP (NP (NN 降水)) (VP (VA 丰沛)))))) )
北京市东城区2014届高三第一学期期末教学统一检测,19-B-0,下列叙述正确的是	②③两地均位于沿海,ed-ori,,5,,,下列 叙述 正确 的 是 ②③两地 均 位于 沿海,下列 叙述 正确 的 是 ② ③ 两 地 均 位于 沿海,JJ NN VA DEC VC loc AD VV NN,,位于_0（②③两地，沿海）,位于_0（集合_1（②，③），沿海）,0_6-7,0_6-7,位于,位于,5,,下列 叙述 正确 的 是 ② ③ 两地 均 位于 沿海,下列 叙述 正确 的 是 ② ③ 两地 均 位于 沿海,NT VV VA DEC VC loc AD VV NN,( (IP (NP (ADJP (JJ 下列)) (NP (NN 叙述))) (NP (CP (IP (VP (VA 正确))) (DEC 的))) (VP (VC 是) (IP (NP (NR ②③两地)) (VP (ADVP (AD 均)) (VP (VV 位于) (NP (NN 沿海))))))) )
北京市东城区2014届高三第一学期期末教学统一检测,19-B-1,下列叙述正确的是	②③两地均降水丰沛,ed-mod,,5,,,下列 叙述 正确 的 是 ②③两地 均 降水 丰沛,下列 叙述 正确 的 是 ② ③ 两 地 均 降水 丰沛,JJ NN VA DEC VC loc AD NN VA,,实体信息陈述_0（②③两地，降水，丰沛）,实体信息陈述_0（集合_1（②，③），降水，丰沛）,,,实体信息陈述,实体信息陈述 集合,5,,下列 叙述 正确 的 是 ② ③ 两地 均 降水 丰沛,下列 叙述 正确 的 是 ② ③ 两地 均 降水 丰沛,NT VV VA DEC VC loc AD VV VA,( (IP (NP (ADJP (JJ 下列)) (NP (NN 叙述))) (NP (CP (IP (VP (VA 正确))) (DEC 的))) (VP (VC 是) (IP (NP (NR ②③两地)) (ADVP (AD 均)) (NP (NN 降水)) (VP (VA 丰沛))))) )
北京市东城区2014届高三第一学期期末教学统一检测,19-C,下列叙述正确的是	①④两地纬度不同，气候类型不同,y,,5,6 9,,下列 叙述 正确 的 是 ①④两地 纬度 不同 ， 气候类型 不同,下列 叙述 正确 的 是 ① ④ 两 地 纬度 不同 ， 气候 类型 不同,JJ NN VA DEC VC loc term VA PU term VA,,比较_0（①，④，纬度，不同）比较_1（①，④，气候类型，不同）,比较_0（①，④，纬度，不同）比较_1（①，④，气候类型，不同）,0_7 1_10,0_7 1_10,比较,比较,5,,下列 叙述 正确 的 是 ① ④ 两 地 纬度 不同 ， 气候类型 不同,下列 叙述 正确 的 是 ① ④ 两 地 纬度 不同 ， 气候类型 不同,NT VV VA DEC VC loc term VA PU term VA,( (IP (NP (ADJP (JJ 下列)) (NP (NN 叙述))) (NP (CP (IP (VP (VA 正确))) (DEC 的))) (VP (VC 是) (IP (IP (NP (NP (NR ①④两地)) (NP (NN 纬度))) (VP (VA 不同))) (PU ，) (IP (NP (NN 气候类型)) (VP (VA 不同)))))) )
北京市东城区2014届高三第一学期期末教学统一检测,19-C-0,下列叙述正确的是	①④两地纬度不同,ed-ori,,5,6,,下列 叙述 正确 的 是 ①④两地 纬度 不同,下列 叙述 正确 的 是 ① ④ 两 地 纬度 不同,JJ NN VA DEC VC loc term VA,,比较_0（①，④，纬度，不同）,比较_0（①，④，纬度，不同）,0_7,0_7,比较,比较,5,,下列 叙述 正确 的 是 ① ④ 两 地 纬度 不同,下列 叙述 正确 的 是 ① ④ 两 地 纬度 不同,NT VV VA DEC VC loc term VA,( (IP (NP (ADJP (JJ 下列)) (NP (NN 叙述))) (NP (CP (IP (VP (VA 正确))) (DEC 的))) (VP (VC 是) (IP (NP (NP (NR ①④两地)) (NP (NN 纬度))) (VP (VA 不同))))) )
北京市东城区2014届高三第一学期期末教学统一检测,19-C-1,下列叙述正确的是	①④两地气候类型不同,ed-mod,,5,6,,下列 叙述 正确 的 是 ①④两地 气候类型 不同,下列 叙述 正确 的 是 ① ④ 两 地 气候 类型 不同,JJ NN VA DEC VC loc term VA,,比较_0（①，④，气候类型，不同）,比较_0（①，④，气候类型，不同）,0_7,0_7,比较,比较,5,,下列 叙述 正确 的 是 ① ④ 两 地 气候类型 不同,下列 叙述 正确 的 是 ① ④ 两 地 气候类型 不同,NT VV VA DEC VC loc term VA,( (IP (NP (ADJP (JJ 下列)) (NP (NN 叙述))) (NP (CP (IP (VP (VA 正确))) (DEC 的))) (VP (VC 是) (IP (NP (NP (NR ①④两地)) (NP (NN 气候类型))) (VP (VA 不同))))) )
北京市东城区2014届高三第一学期期末教学统一检测,19-D,下列叙述正确的是	②④两地位于板块交界处，地震多发,y,,5,7,,下列 叙述 正确 的 是 ②④两地 位于 板块 交界处 ， 地震 多 发,下列 叙述 正确 的 是 ② ④ 两 地 位于 板块 交界处 ， 地震 多 发,JJ NN VA DEC VC loc VV term NN PU NN AD VV,,位于_0（②④两地，板块交界处）实体信息陈述_1（②④两地，地震，多发）,位于_0（集合_1（②，④），板块交界处）实体信息陈述_1（集合_1（②，④），地震，多发）,0_6,0_6,位于 实体信息陈述,位于 集合 实体信息陈述,5,,下列 叙述 正确 的 是 ② ④ 两 地 位于 板块 交界处 ， 地震 多 发,下列 叙述 正确 的 是 ② ④ 两 地 位于 板块 交界处 ， 地震 多 发,NT VV VA DEC VC loc VV term NN PU NN AD VV,( (IP (IP (NP (ADJP (JJ 下列)) (NP (NN 叙述))) (NP (CP (IP (VP (VA 正确))) (DEC 的))) (VP (VC 是) (NP (NP (NR ②④两地)) (CP (IP (VP (VV 位于) (NP (NN 板块))))) (NP (NN 交界处))))) (PU ，) (IP (NP (NN 地震)) (VP (ADVP (AD 多)) (VP (VV 发))))) )
北京市东城区2014届高三第一学期期末教学统一检测,19-D-0,下列叙述正确的是	②④两地位于板块交界处,ed-ori,,5,7,,下列 叙述 正确 的 是 ②④两地 位于 板块 交界处,下列 叙述 正确 的 是 ② ④ 两 地 位于 板块 交界处,JJ NN VA DEC VC loc VV term NN,,位于_0（②④两地，板块交界处）,位于_0（②④两地，板块交界处）,0_6,0_6,位于,位于,5,,下列 叙述 正确 的 是 ② ④ 两 地 位于 板块 交界 处,下列 叙述 正确 的 是 ② ④ 两 地 位于 板块 交界 处,NT VV VA DEC VC loc VV term NN NN,( (IP (NP (ADJP (JJ 下列)) (NP (NN 叙述))) (NP (CP (IP (VP (VA 正确))) (DEC 的))) (VP (VC 是) (NP (NP (NR ②④两地)) (CP (IP (VP (VV 位于) (NP (NN 板块))))) (NP (NN 交界处))))) )
北京市东城区2014届高三第一学期期末教学统一检测,19-D-1,下列叙述正确的是	②④两地地震多发,ed-mod,,5,6,,下列 叙述 正确 的 是 ②④两地 地震 多 发,下列 叙述 正确 的 是 ② ④ 两 地 地震 多 发,JJ NN VA DEC VC loc term AD VV,,实体信息陈述_0（②④两地，地震，多发）,实体信息陈述_0（集合_1（②，④），地震，多发）,,,实体信息陈述,实体信息陈述 集合,5,,下列 叙述 正确 的 是 ② ④ 两 地 地震 多 发,下列 叙述 正确 的 是 ② ④ 两 地 地震 多 发,NT VV VA DEC VC loc term AD VV,( (IP (NP (ADJP (JJ 下列)) (NP (NN 叙述))) (NP (CP (IP (VP (VA 正确))) (DEC 的))) (VP (VC 是) (IP (NP (NR ②④两地) (NN 地震)) (VP (ADVP (AD 多)) (VP (VV 发)))))) )
北京市东城区2014届高三第一学期期末教学统一检测,30-③,上海设立我国第一个自由贸易区的原因有	海上交通便利，便于货物运输,y,,0,,3,上海 设立 我国 第一个 自由 贸易区 的 原因 有 海上 交通 便利 ， 便于 货物 运输,上海 设立 我国 第 一 个 自由 贸易区 的 原因 有 海上 交通 便利 ， 便于 货物 运输,loc VV NR num JJ NN DEG NN VE NN NN VA PU VV NN NN,,因果_0（海上交通便利便于货物运输，上海设立我国第一个自由贸易区）,因果_0（海上交通便利便于货物运输，上海设立我国第一个自由贸易区）,0_7,0_7,因果,因果,,0,上海 设立 我国 第一 个 自由 贸易区 的 原因 有 海上 交通 便利 ， 便于 货物 运输,上海 设立 我国 第一 个 自由 贸易区 的 原因 有 海上 交通 便利 ， 便于 货物 运输,loc VV NR num JJ NN DEG NN VE NN NN NN PU VV NN NN,( (IP (NP (NR 上海)) (VP (VV 设立) (NP (DNP (NP (QP (NP (NR 我国)) (QP (CD 第一个))) (ADJP (JJ 自由)) (NP (NN 贸易区))) (DEG 的)) (NP (NN 原因))) (IP (VP (VP (VE 有) (IP (NP (NN 海上) (NN 交通)) (VP (VA 便利)))) (PU ，) (VP (VV 便于) (NP (NN 货物) (NN 运输))))))) )
北京市东城区2014届高三第一学期期末教学统一检测,30-③-0,上海设立我国第一个自由贸易区的原因有	海上交通便利,ed-ori,,0,,3,上海 设立 我国 第一个 自由 贸易区 的 原因 有 海上 交通 便利,上海 设立 我国 第 一 个 自由 贸易区 的 原因 有 海上 交通 便利,loc VV NR num JJ NN DEG NN VE NN NN VA,,因果_0（海上交通便利，上海设立我国第一个自由贸易区）,因果_0（海上交通便利，上海设立我国第一个自由贸易区）,0_7,0_7,因果,因果,,0,上海 设立 我国 第一 个 自由 贸易区 的 原因 有 海上 交通 便利,上海 设立 我国 第一 个 自由 贸易区 的 原因 有 海上 交通 便利,loc VV NR num JJ NN DEG NN VE NN NN NN,( (IP (NP (NR 上海)) (VP (VV 设立) (NP (DNP (NP (QP (NP (NR 我国)) (QP (CD 第一个))) (ADJP (JJ 自由)) (NP (NN 贸易区))) (DEG 的)) (NP (NN 原因))) (IP (VP (VE 有) (IP (NP (NN 海上) (NN 交通)) (VP (VA 便利))))))) )
北京市东城区2014届高三第一学期期末教学统一检测,30-③-1,上海设立我国第一个自由贸易区的原因有	海上交通便于货物运输,ed-mod,,0,,3,上海 设立 我国 第一个 自由 贸易区 的 原因 有 海上 交通 便于 货物 运输,上海 设立 我国 第 一 个 自由 贸易区 的 原因 有 海上 交通 便于 货物 运输,loc VV NR num JJ NN DEG NN VE NN NN VV NN NN,,因果_0（海上交通便于货物运输，上海设立我国第一个自由贸易区）,因果_0（海上交通便于货物运输，上海设立我国第一个自由贸易区）,0_7,0_7,因果,因果,,0,上海 设立 我国 第一 个 自由 贸易区 的 原因 有 海上 交通 便于 货物 运输,上海 设立 我国 第一 个 自由 贸易区 的 原因 有 海上 交通 便于 货物 运输,loc VV NR num JJ NN DEG NN VE NN NN VV NN NN,( (IP (NP (NR 上海)) (VP (VV 设立) (NP (DNP (NP (QP (NP (NR 我国)) (QP (CD 第一个))) (ADJP (JJ 自由)) (NP (NN 贸易区))) (DEG 的)) (NP (NN 原因))) (IP (VP (VP (VE 有) (NP (NN 海上) (NN 交通))) (VP (VV 便于) (NP (NN 货物) (NN 运输))))))) )
北京市西城区2014届高三第一学期期末试卷,14-A,北京市	春季多大风，雾霾天气增多,y,1,0,,,北京市 春季 多 大风 ， 雾霾 天气 增多,北京市 春季 多 大风 ， 雾霾 天气 增多,loc time AD VV PU NN NN VV,,,,,,,,1,,北京市 春季 多 大风 ， 雾霾 天气 增多,北京市 春季 多 大风 ， 雾霾 天气 增多,loc time AD VV PU VV NN VV,( (IP (IP (NP (NR 北京市)) (VP (NP (NT 春季)) (ADVP (AD 多)) (VP (VV 大风)))) (PU ，) (IP (NP (NN 雾霾) (NN 天气)) (VP (VV 增多)))) )
北京市西城区2014届高三第一学期期末试卷,14-A-0,北京市	春季多大风,ed-ori,1,0,,,北京市 春季 多 大风,北京市 春季 多 大风,loc time AD VV,,,,,,,,1,,北京市 春季 多 大风,北京市 春季 多 大风,loc time JJ NN,( (IP (NP (NR 北京市)) (VP (NP (NT 春季)) (ADVP (AD 多)) (VP (VV 大风)))) )
北京市西城区2014届高三第一学期期末试卷,14-A-1,北京市	春季雾霾天气增多,ed-mod,1,0,,,北京市 春季 雾霾 天气 增多,北京市 春季 雾霾 天气 增多,loc time NN NN VV,,,,,,,,1,,北京市 春季 雾霾 天气 增多,北京市 春季 雾霾 天气 增多,loc time VV NN VV,( (IP (NP (NR 北京市)) (NP (NT 春季) (NN 雾霾)) (NP (NN 天气)) (VP (VV 增多))) )
北京市西城区2014届高三第一学期期末试卷,14-B,北京市	夏季降水量大，雾霾天数少,y,1,0,,,北京市 夏季 降水量 大 ， 雾霾 天数 少,北京市 夏季 降水量 大 ， 雾霾 天数 少,loc time NN VA PU NN NN VA,,,,,,,,1,,北京市 夏季 降水量 大 ， 雾霾 天数 少,北京市 夏季 降水量 大 ， 雾霾 天数 少,loc time NN VA PU VV NN VA,( (IP (NP (NR 北京市)) (IP (IP (NP (NT 夏季) (NN 降水量)) (VP (VA 大))) (PU ，) (IP (NP (NN 雾霾) (NN 天数)) (VP (VA 少))))) )
北京市西城区2014届高三第一学期期末试卷,14-B-0,北京市	夏季降水量大,ed-ori,1,0,,,北京市 夏季 降水量 大,北京市 夏季 降水量 大,loc time NN VA,,,,,,,,1,,北京市 夏季 降水量 大,北京市 夏季 降水量 大,loc time NN JJ,( (IP (NP (NR 北京市)) (NP (NT 夏季) (NN 降水量)) (VP (VA 大))) )
北京市西城区2014届高三第一学期期末试卷,14-B-1,北京市	夏季雾霾天数少,ed-mod,1,0,,,北京市 夏季 雾霾 天数 少,北京市 夏季 雾霾 天数 少,loc time NN NN VA,,,,,,,,1,,北京市 夏季 雾霾 天数 少,北京市 夏季 雾霾 天数 少,loc time VV NN VA,( (IP (NP (NP (NR 北京市)) (NP (NT 夏季) (NN 雾霾) (NN 天数))) (VP (VA 少))) )
北京市西城区2014届高三第一学期期末试卷,24-C,汽车零部件和专用车基地建在长春的主要原因是	汽车工业起步早，基础好,y,,,,,汽车 零部件 和 专用车 基地 建在 长春 的 主要 原因 是 汽车 工业 起步 早 ， 基础 好,汽车 零部件 和 专用车 基地 建在 长春 的 主要 原因 是 汽车 工业 起步 早 ， 基础 好,NN NN CC NN NN VV NR DEG JJ NN VC NN NN NN VA PU NN VA,,,,,,,,,,汽车 零部件 和 专用车 基地 建在 长春 的 主要 原因 是 汽车 工业 起步 早 ， 基础 好,汽车 零部件 和 专用车 基地 建在 长春 的 主要 原因 是 汽车 工业 起步 早 ， 基础 好,NN NN CC NN NN VV NR DEG JJ NN VC NN NN NN AD PU NN VA,( (IP (NP (NP (NN 汽车) (NN 零部件)) (CC 和) (NP (NN 专用车) (NN 基地))) (VP (VV 建在) (IP (NP (DNP (NP (NR 长春)) (DEG 的)) (ADJP (JJ 主要)) (NP (NN 原因))) (VP (VC 是) (IP (IP (NP (NP (NN 汽车) (NN 工业)) (NP (NN 起步))) (VP (VA 早))) (PU ，) (IP (NP (NN 基础)) (VP (VA 好)))))))) )
北京市西城区2014届高三第一学期期末试卷,24-C-0,汽车零部件和专用车基地建在长春的主要原因是	汽车工业起步早,ed-ori,,,,,汽车 零部件 和 专用车 基地 建在 长春 的 主要 原因 是 汽车 工业 起步 早,汽车 零部件 和 专用车 基地 建在 长春 的 主要 原因 是 汽车 工业 起步 早,NN NN CC NN NN VV NR DEG JJ NN VC NN NN NN VA,,,,,,,,,,汽车 零部件 和 专用车 基地 建在 长春 的 主要 原因 是 汽车 工业 起步 早,汽车 零部件 和 专用车 基地 建在 长春 的 主要 原因 是 汽车 工业 起步 早,NN NN CC NN NN VV NR DEG JJ NN VC NN NN NN AD,( (IP (NP (NP (NN 汽车) (NN 零部件)) (CC 和) (NP (NN 专用车) (NN 基地))) (VP (VV 建在) (IP (NP (DNP (NP (NR 长春)) (DEG 的)) (ADJP (JJ 主要)) (NP (NN 原因))) (VP (VC 是) (IP (NP (NN 汽车) (NN 工业)) (NP (NN 起步)) (VP (VA 早))))))) )
北京市西城区2014届高三第一学期期末试卷,24-C-1,汽车零部件和专用车基地建在长春的主要原因是	汽车工业基础好,ed-mod,,,,,汽车 零部件 和 专用车 基地 建在 长春 的 主要 原因 是 汽车 工业 基础 好,汽车 零部件 和 专用车 基地 建在 长春 的 主要 原因 是 汽车 工业 基础 好,NN NN CC NN NN VV NR DEG JJ NN VC NN NN NN VA,,,,,,,,,,汽车 零部件 和 专用车 基地 建在 长春 的 主要 原因 是 汽车 工业 基础 好,汽车 零部件 和 专用车 基地 建在 长春 的 主要 原因 是 汽车 工业 基础 好,NN NN CC NN NN VV NR DEG JJ NN VC NN NN NN VA,( (IP (NP (NP (NN 汽车) (NN 零部件)) (CC 和) (NP (NN 专用车) (NN 基地))) (VP (VV 建在) (IP (NP (DNP (NP (NR 长春)) (DEG 的)) (ADJP (JJ 主要)) (NP (NN 原因))) (VP (VC 是) (IP (NP (NN 汽车) (NN 工业) (NN 基础)) (VP (VA 好))))))) )
北京市西城区2014届高三第一学期期末试卷,37-A,两省农业发展应采取的措施正确的是	江苏省增加林业用地，建设立体农业,y,,11,17,,两 省 农业 发展 应 采取 的 措施 正确 的 是 江苏省 增加 林业 用地 ， 建设 立体农业,两 省 农业 发展 应 采取 的 措施 正确 的 是 江苏省 增加 林业 用地 ， 建设 立体农业,CD NN NN NN VV VV DEC NN VA DEC VC loc VV NN NN PU VV term,,,,,,,,,,两 省 农业 发展 应 采取 的 措施 正确 的 是 江苏省 增加 林业 用地 ， 建设 立体农业,两 省 农业 发展 应 采取 的 措施 正确 的 是 江苏省 增加 林业 用地 ， 建设 立体农业,CD NN NN NN VV VV DEC NN VA DEC VC loc VV NN NN PU VV term,( (IP (NP (CP (IP (NP (NP (QP (CD 两)) (NP (NN 省))) (NP (NN 农业) (NN 发展))) (VP (VV 应) (VP (VV 采取)))) (DEC 的)) (NP (NN 措施))) (NP (CP (IP (VP (VA 正确))) (DEC 的))) (VP (VC 是) (IP (NP (NR 江苏省)) (VP (VP (VV 增加) (NP (NN 林业) (NN 用地))) (PU ，) (VP (VV 建设) (NP (NN 立体农业))))))) )
北京市西城区2014届高三第一学期期末试卷,37-A-0,两省农业发展应采取的措施正确的是	江苏省增加林业用地,ed-ori,,11,,,两 省 农业 发展 应 采取 的 措施 正确 的 是 江苏省 增加 林业 用地,两 省 农业 发展 应 采取 的 措施 正确 的 是 江苏省 增加 林业 用地,CD NN NN NN VV VV DEC NN VA DEC VC loc VV NN NN,,,,,,,,,,两 省 农业 发展 应 采取 的 措施 正确 的 是 江苏省 增加 林业 用 地,两 省 农业 发展 应 采取 的 措施 正确 的 是 江苏省 增加 林业 用 地,CD NN NN NN VV VV DEC NN VA DEC VC loc VV NN VV NN,( (IP (NP (CP (IP (NP (NP (QP (CD 两)) (NP (NN 省))) (NP (NN 农业) (NN 发展))) (VP (VV 应) (VP (VV 采取)))) (DEC 的)) (NP (NN 措施))) (NP (CP (IP (VP (VA 正确))) (DEC 的))) (VP (VC 是) (IP (NP (NR 江苏省)) (VP (VV 增加) (NP (NN 林业) (NN 用地)))))) )
北京市西城区2014届高三第一学期期末试卷,37-A-1,两省农业发展应采取的措施正确的是	江苏省建设立体农业,ed-mod,,11,,,两 省 农业 发展 应 采取 的 措施 正确 的 是 江苏省 建设 立体 农业,两 省 农业 发展 应 采取 的 措施 正确 的 是 江苏省 建设 立体 农业,CD NN NN NN VV VV DEC NN VA DEC VC loc VV JJ NN,,,,,,,,,,两 省 农业 发展 应 采取 的 措施 正确 的 是 江苏省 建设 立体农业,两 省 农业 发展 应 采取 的 措施 正确 的 是 江苏省 建设 立体农业,CD NN NN NN VV VV DEC NN VA DEC VC loc VV JJ NN,( (IP (NP (CP (IP (NP (NP (QP (CD 两)) (NP (NN 省))) (NP (NN 农业) (NN 发展))) (VP (VV 应) (VP (VV 采取)))) (DEC 的)) (NP (NN 措施))) (NP (CP (IP (VP (VA 正确))) (DEC 的))) (VP (VC 是) (IP (NP (NR 江苏省)) (VP (VV 建设) (NP (ADJP (JJ 立体)) (NP (NN 农业))))))) )
北京市西城区2014届高三第一学期期末试卷,37-B,两省农业发展应采取的措施正确的是	江苏省开发海洋资源，发展海洋经济,y,,11,,,两 省 农业 发展 应 采取 的 措施 正确 的 是 江苏省 开发 海洋 资源 ， 发展 海洋 经济,两 省 农业 发展 应 采取 的 措施 正确 的 是 江苏省 开发 海洋 资源 ， 发展 海洋 经济,CD NN NN NN VV VV DEC NN VA DEC VC loc VV NN NN PU VV NN NN,,,,,,,,,,两 省 农业 发展 应 采取 的 措施 正确 的 是 江苏省 开发 海洋 资源 ， 发展 海洋 经济,两 省 农业 发展 应 采取 的 措施 正确 的 是 江苏省 开发 海洋 资源 ， 发展 海洋 经济,CD NN NN NN VV VV DEC NN VA DEC VC loc VV NN NN PU VV NN NN,( (IP (NP (CP (IP (NP (NP (QP (CD 两)) (NP (NN 省))) (NP (NN 农业) (NN 发展))) (VP (VV 应) (VP (VV 采取)))) (DEC 的)) (NP (NN 措施))) (NP (CP (IP (VP (VA 正确))) (DEC 的))) (VP (VC 是) (IP (NP (NR 江苏省)) (VP (VP (VV 开发) (NP (NN 海洋) (NN 资源))) (PU ，) (VP (VV 发展) (NP (NN 海洋) (NN 经济))))))) )
北京市西城区2014届高三第一学期期末试卷,37-B-0,两省农业发展应采取的措施正确的是	江苏省开发海洋资源,ed-ori,,11,,,两 省 农业 发展 应 采取 的 措施 正确 的 是 江苏省 开发 海洋 资源,两 省 农业 发展 应 采取 的 措施 正确 的 是 江苏省 开发 海洋 资源,CD NN NN NN VV VV DEC NN VA DEC VC loc VV NN NN,,,,,,,,,,两 省 农业 发展 应 采取 的 措施 正确 的 是 江苏省 开发 海洋 资源,两 省 农业 发展 应 采取 的 措施 正确 的 是 江苏省 开发 海洋 资源,CD NN NN NN VV VV DEC NN VA DEC VC loc VV NN NN,( (IP (NP (CP (IP (NP (NP (QP (CD 两)) (NP (NN 省))) (NP (NN 农业) (NN 发展))) (VP (VV 应) (VP (VV 采取)))) (DEC 的)) (NP (NN 措施))) (NP (CP (IP (VP (VA 正确))) (DEC 的))) (VP (VC 是) (IP (NP (NR 江苏省)) (VP (VV 开发) (NP (NN 海洋) (NN 资源)))))) )
北京市西城区2014届高三第一学期期末试卷,37-B-1,两省农业发展应采取的措施正确的是	江苏省发展海洋经济,ed-mod,,11,,,两 省 农业 发展 应 采取 的 措施 正确 的 是 江苏省 发展 海洋 经济,两 省 农业 发展 应 采取 的 措施 正确 的 是 江苏省 发展 海洋 经济,CD NN NN NN VV VV DEC NN VA DEC VC loc VV NN NN,,,,,,,,,11,两 省 农业 发展 应 采取 的 措施 正确 的 是 江苏省 发展 海洋 经济,两 省 农业 发展 应 采取 的 措施 正确 的 是 江苏省 发展 海洋 经济,CD NN NN NN VV VV DEC NN VA DEC VC loc VV NN NN,( (IP (NP (CP (IP (NP (NP (QP (CD 两)) (NP (NN 省))) (NP (NN 农业) (NN 发展))) (VP (VV 应) (VP (VV 采取)))) (DEC 的)) (NP (NN 措施))) (NP (CP (IP (VP (VA 正确))) (DEC 的))) (VP (VC 是) (IP (NP (NR 江苏省)) (VP (VV 发展) (NP (NN 海洋) (NN 经济)))))) )
北京市西城区2014届高三第一学期期末试卷,37-C,两省农业发展应采取的措施正确的是	陕西省全面封山育林，防治水土流失,y,,11,17,,两 省 农业 发展 应 采取 的 措施 正确 的 是 陕西省 全面 封山 育林 ， 防治 水土流失,两 省 农业 发展 应 采取 的 措施 正确 的 是 陕西省 全面 封山 育林 ， 防治 水土 流失,CD NN NN NN VV VV DEC NN VA DEC VC loc AD VV VV PU VV term,,,,,,,,,11,两 省 农业 发展 应 采取 的 措施 正确 的 是 陕西省 全面 封山 育林 ， 防治 水土流失,两 省 农业 发展 应 采取 的 措施 正确 的 是 陕西省 全面 封山 育林 ， 防治 水土流失,CD NN NN NN VV VV DEC NN VA DEC VC loc AD VV NN PU VV term,( (IP (NP (CP (IP (NP (NP (QP (CD 两)) (NP (NN 省))) (NP (NN 农业) (NN 发展))) (VP (VV 应) (VP (VV 采取)))) (DEC 的)) (NP (NN 措施))) (NP (CP (IP (VP (VA 正确))) (DEC 的))) (VP (VC 是) (IP (NP (NR 陕西省)) (VP (ADVP (AD 全面)) (VP (VP (VCD (VV 封山) (VV 育林))) (PU ，) (VP (VV 防治) (NP (NN 水土流失)))))))) )
北京市西城区2014届高三第一学期期末试卷,37-C-0,两省农业发展应采取的措施正确的是	陕西省全面封山育林,ed-ori,,11,,,两 省 农业 发展 应 采取 的 措施 正确 的 是 陕西省 全面 封山 育林,两 省 农业 发展 应 采取 的 措施 正确 的 是 陕西省 全面 封山 育林,CD NN NN NN VV VV DEC NN VA DEC VC loc AD VV VV,,,,,,,,,11,两 省 农业 发展 应 采取 的 措施 正确 的 是 陕西省 全面 封山 育林,两 省 农业 发展 应 采取 的 措施 正确 的 是 陕西省 全面 封山 育林,CD NN NN NN VV VV DEC NN VA DEC VC loc AD VV NN,( (IP (NP (CP (IP (NP (NP (QP (CD 两)) (NP (NN 省))) (NP (NN 农业) (NN 发展))) (VP (VV 应) (VP (VV 采取)))) (DEC 的)) (NP (NN 措施))) (NP (CP (IP (VP (VA 正确))) (DEC 的))) (VP (VC 是) (IP (NP (NR 陕西省)) (VP (ADVP (AD 全面)) (VP (VCD (VV 封山) (VV 育林))))))) )
北京市西城区2014届高三第一学期期末试卷,37-C-1,两省农业发展应采取的措施正确的是	陕西省防治水土流失,ed-mod,,11,13,,两 省 农业 发展 应 采取 的 措施 正确 的 是 陕西省 防治 水土流失,两 省 农业 发展 应 采取 的 措施 正确 的 是 陕西省 防治 水土 流失,CD NN NN NN VV VV DEC NN VA DEC VC loc VV term,,,,,,,,,,两 省 农业 发展 应 采取 的 措施 正确 的 是 陕西省 防治 水土流失,两 省 农业 发展 应 采取 的 措施 正确 的 是 陕西省 防治 水土流失,CD NN NN NN VV VV DEC NN VA DEC VC loc VV term,( (IP (NP (CP (IP (NP (NP (QP (CD 两)) (NP (NN 省))) (NP (NN 农业) (NN 发展))) (VP (VV 应) (VP (VV 采取)))) (DEC 的)) (NP (NN 措施))) (NP (CP (IP (VP (VA 正确))) (DEC 的))) (VP (VC 是) (IP (NP (NR 陕西省)) (VP (VV 防治) (NP (NN 水土流失)))))) )
北京市西城区2014届高三第一学期期末试卷,37-D,两省农业发展应采取的措施正确的是	陕西省调整农业结构，大力发展种植业,y,,11,,,两 省 农业 发展 应 采取 的 措施 正确 的 是 陕西省 调整 农业 结构 ， 大力 发展 种植业,两 省 农业 发展 应 采取 的 措施 正确 的 是 陕西省 调整 农业 结构 ， 大力 发展 种植业,CD NN NN NN VV VV DEC NN VA DEC VC loc VV NN NN PU AD VV NN,,,,,,,,,,两 省 农业 发展 应 采取 的 措施 正确 的 是 陕西省 调整 农业 结构 ， 大力 发展 种 植业,两 省 农业 发展 应 采取 的 措施 正确 的 是 陕西省 调整 农业 结构 ， 大力 发展 种 植业,CD NN NN NN VV VV DEC NN VA DEC VC loc VV NN NN PU AD VV NN,( (IP (NP (CP (IP (NP (NP (QP (CD 两)) (NP (NN 省))) (NP (NN 农业) (NN 发展))) (VP (VV 应) (VP (VV 采取)))) (DEC 的)) (NP (NN 措施))) (NP (CP (IP (VP (VA 正确))) (DEC 的))) (VP (VC 是) (IP (NP (NR 陕西省)) (VP (VP (VV 调整) (NP (NN 农业) (NN 结构))) (PU ，) (VP (ADVP (AD 大力)) (VP (VV 发展) (NP (NN 种植业)))))))) )
北京市西城区2014届高三第一学期期末试卷,37-D-0,两省农业发展应采取的措施正确的是	陕西省调整农业结构,ed-ori,,,,,两 省 农业 发展 应 采取 的 措施 正确 的 是 陕西省 调整 农业 结构,两 省 农业 发展 应 采取 的 措施 正确 的 是 陕西省 调整 农业 结构,CD NN NN NN VV VV DEC NN VA DEC VC NR VV NN NN,,,,,,,,,,两 省 农业 发展 应 采取 的 措施 正确 的 是 陕西省 调整 农业 结构,两 省 农业 发展 应 采取 的 措施 正确 的 是 陕西省 调整 农业 结构,CD NN NN NN VV VV DEC NN VA DEC VC NR VV NN NN,( (IP (NP (CP (IP (NP (NP (QP (CD 两)) (NP (NN 省))) (NP (NN 农业) (NN 发展))) (VP (VV 应) (VP (VV 采取)))) (DEC 的)) (NP (NN 措施))) (NP (CP (IP (VP (VA 正确))) (DEC 的))) (VP (VC 是) (IP (NP (NR 陕西省)) (VP (VV 调整) (NP (NN 农业) (NN 结构)))))) )
北京市西城区2014届高三第一学期期末试卷,37-D-1,两省农业发展应采取的措施正确的是	陕西省大力发展种植业,ed-mod,,11,,,两 省 农业 发展 应 采取 的 措施 正确 的 是 陕西省 大力 发展 种植业,两 省 农业 发展 应 采取 的 措施 正确 的 是 陕西省 大力 发展 种植业,CD NN NN NN VV VV DEC NN VA DEC VC loc AD VV NN,,,,,,,,,11,两 省 农业 发展 应 采取 的 措施 正确 的 是 陕西省 大力 发展 种 植业,两 省 农业 发展 应 采取 的 措施 正确 的 是 陕西省 大力 发展 种 植业,CD NN NN NN VV VV DEC NN VA DEC VC loc AD VV NN,( (IP (NP (CP (IP (NP (NP (QP (CD 两)) (NP (NN 省))) (NP (NN 农业) (NN 发展))) (VP (VV 应) (VP (VV 采取)))) (DEC 的)) (NP (NN 措施))) (NP (CP (IP (VP (VA 正确))) (DEC 的))) (VP (VC 是) (NP (CP (IP (NP (NR 陕西省)) (VP (ADVP (AD 大力)) (VP (VV 发展))))) (NP (NN 种植业))))) )
北京市西城区2014届高三第一学期期末试卷,39-D,与火星环境相比，地球上存在生命是因为	公转轨道不相交，运行环境安全,y,,1 5,11,,与 火星 环境 相比 ， 地球 上 存在 生命 是 因为 公转 轨道 不 相交 ， 运行 环境 安全,与 火星 环境 相比 ， 地球 上 存在 生命 是 因为 公转 轨道 不 相交 ， 运行 环境 安全,P loc NN VV PU loc LC VV NN VC P term NN AD VV PU NN NN VA,,,,,,,,,,与 火星 环境 相比 ， 地球 上 存在 生命 是 因为 公转 轨道 不 相交 ， 运行 环境 安全,与 火星 环境 相比 ， 地球 上 存在 生命 是 因为 公转 轨道 不 相交 ， 运行 环境 安全,P loc NN VV PU loc LC VV NN VC P term NN AD VV PU NN NN NN,( (IP (IP (VP (PP (P 与) (NP (NP (NR 火星)) (NP (NN 环境)))) (VP (VV 相比)))) (PU ，) (IP (LCP (NP (NR 地球)) (LC 上)) (VP (VV 存在) (NP (NN 生命)))) (VP (VC 是) (PP (P 因为) (IP (IP (NP (NN 公转) (NN 轨道)) (VP (ADVP (AD 不)) (VP (VV 相交)))) (PU ，) (IP (NP (NN 运行) (NN 环境)) (VP (VA 安全))))))) )
北京市西城区2014届高三第一学期期末试卷,39-D-0,与火星环境相比，地球上存在生命是因为	公转轨道不相交,ed-ori,,1 5,11,,与 火星 环境 相比 ， 地球 上 存在 生命 是 因为 公转 轨道 不 相交,与 火星 环境 相比 ， 地球 上 存在 生命 是 因为 公转 轨道 不 相交,P loc NN VV PU loc LC VV NN VC P term NN AD VV,,,,,,,,,,与 火星 环境 相比 ， 地球 上 存在 生命 是 因为 公转 轨道 不 相交,与 火星 环境 相比 ， 地球 上 存在 生命 是 因为 公转 轨道 不 相交,P loc NN VV PU loc LC VV NN VC P term NN AD VV,( (IP (IP (VP (PP (P 与) (NP (NP (NR 火星)) (NP (NN 环境)))) (VP (VV 相比)))) (PU ，) (IP (LCP (NP (NR 地球)) (LC 上)) (VP (VV 存在) (NP (NN 生命)))) (VP (VC 是) (PP (P 因为) (IP (NP (NN 公转) (NN 轨道)) (VP (ADVP (AD 不)) (VP (VV 相交))))))) )
北京市西城区2014届高三第一学期期末试卷,39-D-1,与火星环境相比，地球上存在生命是因为	公转运行环境安全,ed-mod,,1 5,11,,与 火星 环境 相比 ， 地球 上 存在 生命 是 因为 公转 运行 环境 安全,与 火星 环境 相比 ， 地球 上 存在 生命 是 因为 公转 运行 环境 安全,P loc NN VV PU loc LC VV NN VC P term NN NN VA,,,,,,,,,,与 火星 环境 相比 ， 地球 上 存在 生命 是 因为 公转 运行 环境 安全,与 火星 环境 相比 ， 地球 上 存在 生命 是 因为 公转 运行 环境 安全,P loc NN VV PU loc LC VV NN VC P term NN NN NN,( (IP (IP (VP (PP (P 与) (NP (NP (NR 火星)) (NP (NN 环境)))) (VP (VV 相比)))) (PU ，) (IP (LCP (NP (NR 地球)) (LC 上)) (VP (VV 存在) (NP (NN 生命)))) (VP (VC 是) (PP (P 因为) (IP (NP (NN 公转) (NN 运行) (NN 环境)) (VP (VA 安全)))))) )
科大讯飞-地理测试08（北京市朝阳区高三第一学期期末统一考试）,16-B,地震发生时的防震措施错误的是	在街上时迅速离开电线杆和围墙，到开阔地躲避,y,,,0,,地震 发生 时 的 防震 措施 错误 的 是 在 街上 时 迅速 离开 电线杆 和 围墙 ， 到 开阔地 躲避,地震 发生 时 的 防震 措施 错误 的 是 在 街上 时 迅速 离开 电线杆 和 围墙 ， 到 开阔地 躲避,term VV LC DEG NN NN VA DEC VC P NN LC AD VV NN CC NN PU VV NN VV,,,,,,,,,,地震 发生 时 的 防震 措施 错误 的 是 在 街上 时 迅速 离开 电线杆 和 围墙 ， 到 开阔地 躲避,地震 发生 时 的 防震 措施 错误 的 是 在 街上 时 迅速 离开 电线杆 和 围墙 ， 到 开阔地 躲避,term VV LC DEG NN NN VA DEC VC P VV LC AD VV NN CC NN PU P NR VV,( (IP (NP (DNP (LCP (IP (NP (NN 地震)) (VP (VV 发生))) (LC 时)) (DEG 的)) (NP (NN 防震) (NN 措施))) (NP (CP (IP (VP (VA 错误))) (DEC 的))) (VP (VC 是) (VP (VP (PP (P 在) (LCP (NP (NN 街上)) (LC 时))) (ADVP (AD 迅速)) (VP (VV 离开) (NP (NN 电线杆) (CC 和) (NN 围墙)))) (PU ，) (VP (VV 到) (NP (NN 开阔地)) (IP (VP (VV 躲避))))))) )
科大讯飞-地理测试08（北京市朝阳区高三第一学期期末统一考试）,16-B-0,地震发生时的防震措施错误的是	在街上时迅速离开电线杆和围墙,ed-ori,,,0,,地震 发生 时 的 防震 措施 错误 的 是 在 街上 时 迅速 离开 电线杆 和 围墙,地震 发生 时 的 防震 措施 错误 的 是 在 街上 时 迅速 离开 电线杆 和 围墙,term VV LC DEG NN NN VA DEC VC P NN LC AD VV NN CC NN,,,,,,,,,,地震 发生 时 的 防震 措施 错误 的 是 在 街上 时 迅速 离开 电线杆 和 围墙,地震 发生 时 的 防震 措施 错误 的 是 在 街上 时 迅速 离开 电线杆 和 围墙,term VV LC DEG NN NN VA DEC VC P VV LC AD VV NN CC NN,( (IP (NP (DNP (LCP (IP (NP (NN 地震)) (VP (VV 发生))) (LC 时)) (DEG 的)) (NP (NN 防震) (NN 措施))) (NP (CP (IP (VP (VA 错误))) (DEC 的))) (VP (VC 是) (IP (VP (PP (P 在) (LCP (NP (NN 街上)) (LC 时))) (ADVP (AD 迅速)) (VP (VV 离开) (NP (NN 电线杆) (CC 和) (NN 围墙))))))) )
科大讯飞-地理测试08（北京市朝阳区高三第一学期期末统一考试）,16-B-1,地震发生时的防震措施错误的是	在街上时到开阔地躲避,ed-mod,,,0,,地震 发生 时 的 防震 措施 错误 的 是 在 街上 时 到 开阔地 躲避,地震 发生 时 的 防震 措施 错误 的 是 在 街上 时 到 开阔地 躲避,term VV LC DEG NN NN VA DEC VC P NN LC VV NN VV,,,,,,,,,,地震 发生 时 的 防震 措施 错误 的 是 在 街上 时 到 开阔地 躲避,地震 发生 时 的 防震 措施 错误 的 是 在 街上 时 到 开阔地 躲避,term VV LC DEG NN NN VA DEC VC P VV LC VV NN VV,( (IP (NP (DNP (LCP (IP (NP (NN 地震)) (VP (VV 发生))) (LC 时)) (DEG 的)) (NP (NN 防震) (NN 措施))) (NP (CP (IP (VP (VA 错误))) (DEC 的))) (VP (VC 是) (VP (PP (P 在) (LCP (NP (NN 街上)) (LC 时))) (VP (VP (VV 到) (NP (NN 开阔地))) (VP (VV 躲避)))))) )
科大讯飞-地理测试08（北京市朝阳区高三第一学期期末统一考试）,16-C,地震发生时的防震措施错误的是	在商店时躲在结实的柱子旁，屈身蹲下用手护头,y,,,0,,地震 发生 时 的 防震 措施 错误 的 是 在 商店 时 躲在 结实 的 柱子 旁 ， 屈身 蹲下 用 手 护 头,地震 发生 时 的 防震 措施 错误 的 是 在 商店 时 躲在 结实 的 柱子 旁 ， 屈身 蹲下 用 手 护 头,term VV LC DEG NN NN VA DEC VC P NN LC VV VA DEC NN LC PU VV VV VV NN VV NN,,,,,,,,,,地震 发生 时 的 防震 措施 错误 的 是 在 商店 时躲 在 结实 的 柱子 旁 ， 屈身 蹲下 用 手护头,地震 发生 时 的 防震 措施 错误 的 是 在 商店 时躲 在 结实 的 柱子 旁 ， 屈身 蹲下 用 手护头,term VV LC DEG NN NN VA DEC VC P NN LC VV VA DEC NN LC PU VV VV VV NN,( (IP (NP (DNP (LCP (IP (NP (NN 地震)) (VP (VV 发生))) (LC 时)) (DEG 的)) (NP (NN 防震) (NN 措施))) (NP (CP (IP (VP (VA 错误))) (DEC 的))) (VP (VC 是) (VP (PP (P 在) (LCP (NP (CP (IP (VP (LCP (NP (NN 商店)) (LC 时)) (VP (VSB (VV 躲在) (VA 结实))))) (DEC 的)) (NP (NN 柱子))) (LC 旁))) (PU ，) (VP (VP (VCD (VV 屈身) (VV 蹲下))) (VP (VV 用) (NP (NN 手))) (VP (VV 护) (NP (NN 头))))))) )
科大讯飞-地理测试08（北京市朝阳区高三第一学期期末统一考试）,16-C-0,地震发生时的防震措施错误的是	在商店时躲在结实的柱子旁,ed-ori,,,0,,地震 发生 时 的 防震 措施 错误 的 是 在 商店 时 躲在 结实 的 柱子 旁,地震 发生 时 的 防震 措施 错误 的 是 在 商店 时 躲在 结实 的 柱子 旁,term VV LC DEG NN NN VA DEC VC P NN LC VV VA DEC NN LC,,,,,,,,,,地震 发生 时 的 防震 措施 错误 的 是 在 商店 时躲 在 结实 的 柱子 旁,地震 发生 时 的 防震 措施 错误 的 是 在 商店 时躲 在 结实 的 柱子 旁,term VV LC DEG NN NN VA DEC VC P NN LC VV VA DEC NN LC,( (IP (NP (DNP (LCP (IP (NP (NN 地震)) (VP (VV 发生))) (LC 时)) (DEG 的)) (NP (NN 防震) (NN 措施))) (NP (CP (IP (VP (VA 错误))) (DEC 的))) (VP (VC 是) (PP (P 在) (LCP (NP (CP (IP (VP (LCP (NP (NN 商店)) (LC 时)) (VP (VSB (VV 躲在) (VA 结实))))) (DEC 的)) (NP (NN 柱子))) (LC 旁))))) )
科大讯飞-地理测试08（北京市朝阳区高三第一学期期末统一考试）,16-C-1,地震发生时的防震措施错误的是	在商店时屈身蹲下用手护头,ed-mod,,,0,,地震 发生 时 的 防震 措施 错误 的 是 在 商店 时 屈身 蹲下 用 手 护 头,地震 发生 时 的 防震 措施 错误 的 是 在 商店 时 屈身 蹲下 用 手 护 头,term VV LC DEG NN NN VA DEC VC P NN LC VV VV VV NN VV NN,,,,,,,,,,地震 发生 时 的 防震 措施 错误 的 是 在 商店 时 屈身 蹲下 用 手护头,地震 发生 时 的 防震 措施 错误 的 是 在 商店 时 屈身 蹲下 用 手护头,term VV LC DEG NN NN VA DEC VC P NN LC VV VV VV NN VV NN,( (IP (NP (DNP (LCP (IP (NP (NN 地震)) (VP (VV 发生))) (LC 时)) (DEG 的)) (NP (NN 防震) (NN 措施))) (NP (CP (IP (VP (VA 错误))) (DEC 的))) (VP (VC 是) (VP (PP (P 在) (LCP (NP (NN 商店)) (LC 时))) (VP (VP (VCD (VV 屈身) (VV 蹲下))) (VP (VV 用) (NP (NN 手))) (VP (VV 护) (NP (NN 头))))))) )
科大讯飞-地理测试08（北京市朝阳区高三第一学期期末统一考试）,16-D,地震发生时的防震措施错误的是	在住宅楼上时迅速乘电梯或走楼梯，向底层转移,y,,,0,,地震 发生 时 的 防震 措施 错误 的 是 在 住宅 楼上 时 迅速 乘 电梯 或 走 楼梯 ， 向 底层 转移,地震 发生 时 的 防震 措施 错误 的 是 在 住宅 楼上 时 迅速 乘 电梯 或 走 楼梯 ， 向 底层 转移,term VV LC DEG NN NN VA DEC VC P NN NN LC AD VV NN CC VV NN PU P NN VV,,,,,,,,,,地震 发生 时 的 防震 措施 错误 的 是 在 住宅 楼上 时 迅速 乘 电梯 或 走 楼梯 ， 向 底层 转移,地震 发生 时 的 防震 措施 错误 的 是 在 住宅 楼上 时 迅速 乘 电梯 或 走 楼梯 ， 向 底层 转移,term VV LC DEG NN NN VA DEC VC P NN VV LC AD VV NN CC VV NN PU P NN VV,( (IP (NP (DNP (LCP (IP (NP (NN 地震)) (VP (VV 发生))) (LC 时)) (DEG 的)) (NP (NN 防震) (NN 措施))) (NP (CP (IP (VP (VA 错误))) (DEC 的))) (VP (VC 是) (VP (VP (PP (P 在) (LCP (NP (NN 住宅) (NN 楼上)) (LC 时))) (ADVP (AD 迅速)) (VP (VP (VV 乘) (NP (NN 电梯))) (CC 或) (VP (VV 走) (NP (NN 楼梯))))) (PU ，) (VP (PP (P 向) (NP (NN 底层))) (VP (VV 转移)))))) )
科大讯飞-地理测试08（北京市朝阳区高三第一学期期末统一考试）,16-D-0,地震发生时的防震措施错误的是	在住宅楼上时迅速乘电梯或走楼梯,ed-ori,,,0,,地震 发生 时 的 防震 措施 错误 的 是 在 住宅 楼上 时 迅速 乘 电梯 或 走 楼梯,地震 发生 时 的 防震 措施 错误 的 是 在 住宅 楼上 时 迅速 乘 电梯 或 走 楼梯,term VV LC DEG NN NN VA DEC VC P NN NN LC AD VV NN CC VV NN,,,,,,,,,,地震 发生 时 的 防震 措施 错误 的 是 在 住宅 楼上 时 迅速 乘 电梯 或 走 楼梯,地震 发生 时 的 防震 措施 错误 的 是 在 住宅 楼上 时 迅速 乘 电梯 或 走 楼梯,term VV LC DEG NN NN VA DEC VC P NN VV LC AD VV NN CC VV NN,( (IP (NP (DNP (LCP (IP (NP (NN 地震)) (VP (VV 发生))) (LC 时)) (DEG 的)) (NP (NN 防震) (NN 措施))) (NP (CP (IP (VP (VA 错误))) (DEC 的))) (VP (VC 是) (IP (VP (PP (P 在) (LCP (NP (NN 住宅) (NN 楼上)) (LC 时))) (ADVP (AD 迅速)) (VP (VP (VV 乘) (NP (NN 电梯))) (CC 或) (VP (VV 走) (NP (NN 楼梯)))))))) )
科大讯飞-地理测试08（北京市朝阳区高三第一学期期末统一考试）,16-D-1,地震发生时的防震措施错误的是	在住宅楼上时向底层转移,ed-mod,,,0,,地震 发生 时 的 防震 措施 错误 的 是 在 住宅 楼上 时 向 底层 转移,地震 发生 时 的 防震 措施 错误 的 是 在 住宅 楼上 时 向 底层 转移,term VV LC DEG NN NN VA DEC VC P NN NN LC P NN VV,,,,,,,,,,地震 发生 时 的 防震 措施 错误 的 是 在 住宅 楼上 时 向 底层 转移,地震 发生 时 的 防震 措施 错误 的 是 在 住宅 楼上 时 向 底层 转移,term VV LC DEG NN NN VA DEC VC P NN VV LC P NN VV,( (IP (NP (DNP (LCP (IP (NP (NN 地震)) (VP (VV 发生))) (LC 时)) (DEG 的)) (NP (NN 防震) (NN 措施))) (NP (CP (IP (VP (VA 错误))) (DEC 的))) (VP (VC 是) (VP (PP (P 在) (LCP (NP (NN 住宅) (NN 楼上)) (LC 时))) (PP (P 向) (NP (NN 底层))) (VP (VV 转移))))) )
科大讯飞-地理测试09（北京市东城区2011届高三第一学期期末教学统一检测）,9-A,关于图A中丙、丁两地天气的叙述正确的是	丙地气温较低，气压较高,y,,4 11,16,,关于 图 A 中 丙、丁两地 天气 的 叙述 正确 的 是 丙地 气温 较 低 ， 气压 较 高,关于 图 A 中 丙 、 丁 两 地 天气 的 叙述 正确 的 是 丙地 气温 较 低 ， 气压 较 高,P NN NN LC loc NN DEG NN VA DEC VC loc NN AD VA PU term AD VA,,实体信息陈述_0（丙地，气温，较低）实体信息陈述_1（丙地，气压，较高）,实体信息陈述_0（丙地，气温，较低）实体信息陈述_1（丙地，气压，较高）,,,实体信息陈述,实体信息陈述,,,关于 图 A 中丙 、 丁 两 地 天气 的 叙述 正确 的 是 丙地 气温 较 低 ， 气压 较 高,关于 图 A 中丙 、 丁 两 地 天气 的 叙述 正确 的 是 丙地 气温 较 低 ， 气压 较 高,P NN PU NR loc NN DEG VV VA DEC VC loc NN AD VA PU term AD VA,( (IP (IP (PP (P 关于) (NP (LCP (NP (NN 图) (NN A)) (LC 中)) (DNP (NP (NP (NR 丙、丁两地)) (NP (NN 天气))) (DEG 的)) (NP (NN 叙述)))) (NP (CP (IP (VP (VA 正确))) (DEC 的))) (VP (VC 是) (IP (NP (NR 丙地)) (NP (NN 气温)) (VP (ADVP (AD 较)) (VP (VA 低)))))) (PU ，) (IP (NP (NN 气压)) (VP (ADVP (AD 较)) (VP (VA 高))))) )
科大讯飞-地理测试09（北京市东城区2011届高三第一学期期末教学统一检测）,9-A-0,关于图A中丙、丁两地天气的叙述正确的是	丙地气温较低,ed-ori,,4 11,,,关于 图 A 中 丙、丁两地 天气 的 叙述 正确 的 是 丙地 气温 较 低,关于 图 A 中 丙 、 丁 两 地 天气 的 叙述 正确 的 是 丙地 气温 较 低,P NN NN LC loc NN DEG NN VA DEC VC loc NN AD VA,,实体信息陈述_0（丙地，气温，较低）,实体信息陈述_0（丙地，气温，较低）,,,实体信息陈述,实体信息陈述,,,关于 图 A 中丙 、 丁 两 地 天气 的 叙述 正确 的 是 丙地 气温 较 低,关于 图 A 中丙 、 丁 两 地 天气 的 叙述 正确 的 是 丙地 气温 较 低,P NN PU NR loc NN DEG VV VA DEC VC loc NN AD VA,( (IP (NP (DNP (PP (P 关于) (NP (LCP (NP (NN 图) (NN A)) (LC 中)) (NP (NR 丙、丁两地)) (NP (NN 天气)))) (DEG 的)) (NP (NN 叙述))) (NP (CP (IP (VP (VA 正确))) (DEC 的))) (VP (VC 是) (IP (NP (NR 丙地)) (NP (NN 气温)) (VP (ADVP (AD 较)) (VP (VA 低)))))) )
科大讯飞-地理测试09（北京市东城区2011届高三第一学期期末教学统一检测）,9-A-1,关于图A中丙、丁两地天气的叙述正确的是	丙地气压较高,ed-mod,,4 11,12,,关于 图 A 中 丙、丁两地 天气 的 叙述 正确 的 是 丙地 气压 较 高,关于 图 A 中 丙 、 丁 两 地 天气 的 叙述 正确 的 是 丙地 气压 较 高,P NN NN LC loc NN DEG NN VA DEC VC loc term AD VA,,实体信息陈述_0（丙地，气压，较高）,实体信息陈述_0（丙地，气压，较高）,,,实体信息陈述,实体信息陈述,,,关于 图 A 中丙 、 丁 两 地 天气 的 叙述 正确 的 是 丙地 气压 较 高,关于 图 A 中丙 、 丁 两 地 天气 的 叙述 正确 的 是 丙地 气压 较 高,P NN PU NR loc NN DEG VV VA DEC VC loc term AD VA,( (IP (NP (DNP (PP (P 关于) (NP (LCP (NP (NN 图) (NN A)) (LC 中)) (NP (NP (NR 丙、丁两地)) (NP (NN 天气))))) (DEG 的)) (NP (NN 叙述))) (NP (CP (IP (VP (VA 正确))) (DEC 的))) (VP (VC 是) (IP (NP (NR 丙地) (NN 气压)) (VP (ADVP (AD 较)) (VP (VA 高)))))) )
科大讯飞-地理测试09（北京市东城区2011届高三第一学期期末教学统一检测）,9-B,关于图A中丙、丁两地天气的叙述正确的是	丁地比丙地气温低，气压高,y,,4 11 13,16,,关于 图 A 中 丙、丁两地 天气 的 叙述 正确 的 是 丁地 比 丙地 气温 低 ， 气压 高,关于 图 A 中 丙 、 丁 两 地 天气 的 叙述 正确 的 是 丁地 比 丙地 气温 低 ， 气压 高,P NN NN LC loc NN DEG NN VA DEC VC loc P loc VV VA term NN VA,,比较_0（丁地，丙地，气温，低）比较_1（丁地，丙地，气压，高）,比较_0（丁地，丙地，气温，低）比较_1（丁地，丙地，气压，高）,0_12 1_12,0_12 1_12,比较,比较,,,关于 图 A 中丙 、 丁 两 地 天气 的 叙述 正确 的 是 丁地 比 丙地 气温 低 ， 气压 高,关于 图 A 中丙 、 丁 两 地 天气 的 叙述 正确 的 是 丁地 比 丙地 气温 低 ， 气压 高,P NN PU NR loc NN DEG VV VA DEC VC loc P loc VV JJ term NN VA,( (IP (IP (PP (P 关于) (NP (LCP (NP (NN 图) (NN A)) (LC 中)) (DNP (NP (NP (NR 丙、丁两地)) (NP (NN 天气))) (DEG 的)) (NP (NN 叙述)))) (NP (CP (IP (VP (VA 正确))) (DEC 的))) (VP (VC 是) (VP (IP (NP (NR 丁地)) (VP (PP (P 比) (NP (NR 丙地))) (VP (VV 气温)))) (VP (VA 低))))) (IP (NP (NN ，) (NN 气压)) (VP (VA 高)))) )
科大讯飞-地理测试09（北京市东城区2011届高三第一学期期末教学统一检测）,9-B-0,关于图A中丙、丁两地天气的叙述正确的是	丁地比丙地气温低,ed-ori,,4 11 13,,,关于 图 A 中 丙、丁两地 天气 的 叙述 正确 的 是 丁地 比 丙地 气温 低,关于 图 A 中 丙 、 丁 两 地 天气 的 叙述 正确 的 是 丁地 比 丙地 气温 低,P NN NN LC loc NN DEG NN VA DEC VC loc P loc NN VA,,比较_0（丁地，丙地，气温，低）,比较_0（丁地，丙地，气温，低）,0_12,0_12,比较,比较,,,关于 图 A 中丙 、 丁 两 地 天气 的 叙述 正确 的 是 丁地 比 丙地 气温 低,关于 图 A 中丙 、 丁 两 地 天气 的 叙述 正确 的 是 丁地 比 丙地 气温 低,P NN PU NR loc NN DEG VV VA DEC VC loc P loc NN VA,( (IP (NP (DNP (PP (P 关于) (NP (LCP (NP (NN 图) (NN A)) (LC 中)) (NP (NP (NR 丙、丁两地)) (NP (NN 天气))))) (DEG 的)) (NP (NN 叙述))) (NP (CP (IP (VP (VA 正确))) (DEC 的))) (VP (VC 是) (IP (NP (NR 丁地)) (VP (PP (P 比) (NP (NR 丙地) (NN 气温))) (VP (VA 低)))))) )
科大讯飞-地理测试09（北京市东城区2011届高三第一学期期末教学统一检测）,9-B-1,关于图A中丙、丁两地天气的叙述正确的是	丁地比丙地气压高,ed-mod,,4 11 13,14,,关于 图 A 中 丙、丁两地 天气 的 叙述 正确 的 是 丁地 比 丙地 气压 高,关于 图 A 中 丙 、 丁 两 地 天气 的 叙述 正确 的 是 丁地 比 丙地 气压 高,P NN NN LC loc NN DEG NN VA DEC VC loc P loc term VA,,比较_0（丁地，丙地，气压，高）,比较_0（丁地，丙地，气压，高）,0_12,0_12,比较,比较,,,关于 图 A 中丙 、 丁 两 地 天气 的 叙述 正确 的 是 丁地 比 丙地 气压 高,关于 图 A 中丙 、 丁 两 地 天气 的 叙述 正确 的 是 丁地 比 丙地 气压 高,P NN PU NR loc NN DEG VV VA DEC VC loc P loc term JJ,( (IP (NP (DNP (PP (P 关于) (NP (LCP (NP (NN 图) (NN A)) (LC 中)) (NP (NP (NR 丙、丁两地)) (NP (NN 天气))))) (DEG 的)) (NP (NN 叙述))) (NP (CP (IP (VP (VA 正确))) (DEC 的))) (VP (VC 是) (IP (NP (NR 丁地)) (VP (PP (P 比) (NP (NR 丙地) (NN 气压))) (VP (VA 高)))))) )
科大讯飞-地理测试10（北京市东城区普通校2013届高三联考）,19-①,从Ⅱ到Ⅲ阶段，该城市生产企业大部分由城区迁移到郊区，原因有	城市中心用地紧张，地价上涨,y,,,,1 3,从 Ⅱ 到 Ⅲ 阶段 ， 该 城市 生产 企业 大部分 由 城区 迁移 到 郊区 ， 原因 有 城市 中心 用地 紧张 ， 地价 上涨,从 Ⅱ 到 Ⅲ 阶段 ， 该 城市 生产 企业 大部分 由 城区 迁移 到 郊区 ， 原因 有 城市 中心 用地 紧张 ， 地价 上涨,P num P num NN PU DT NN NN NN CD P NN VV VV NN PU NN VE NN NN NN VA PU NN VV,,因果_0（城市中心用地紧张，该城市生产企业大部分由城区迁移到郊区）因果_1（地价上涨，该城市生产企业大部分由城区迁移到郊区）,因果_0（城市中心用地紧张，该城市生产企业大部分由城区迁移到郊区）因果_1（地价上涨，该城市生产企业大部分由城区迁移到郊区）,0_17 1_17,0_17 1_17,因果,因果,,,从 Ⅱ 到 Ⅲ 阶段 ， 该 城市 生产 企业 大部分 由 城区 迁移 到 郊区 ， 原因 有 城市 中心 用地 紧张 ， 地价 上 涨,从 Ⅱ 到 Ⅲ 阶段 ， 该 城市 生产 企业 大部分 由 城区 迁移 到 郊区 ， 原因 有 城市 中心 用地 紧张 ， 地价 上 涨,P num P num NN PU DT NN NN NN CD M NN VV VV NN PU NN VE NN NN NN VA PU NN LC VV,( (IP (IP (PP (PP (P 从) (QP (CD Ⅱ))) (PP (P 到) (NP (QP (CD Ⅲ)) (NP (NN 阶段))))) (PU ，) (NP (DP (DT 该)) (NP (NN 城市) (NN 生产) (NN 企业))) (QP (CD 大部分)) (VP (PP (P 由) (NP (NN 城区))) (VP (VRD (VV 迁移) (VV 到)) (NP (NN 郊区))))) (PU ，) (IP (NP (NN 原因)) (VP (VE 有) (NP (NN 城市)))) (IP (NP (NN 中心) (NN 用地)) (VP (VA 紧张))) (PU ，) (IP (NP (NN 地价)) (VP (VV 上涨)))) )
科大讯飞-地理测试10（北京市东城区普通校2013届高三联考）,19-①-0,从Ⅱ到Ⅲ阶段，该城市生产企业大部分由城区迁移到郊区，原因有	城市中心用地紧张,ed-ori,,,,1 3,从 Ⅱ 到 Ⅲ 阶段 ， 该 城市 生产 企业 大部分 由 城区 迁移 到 郊区 ， 原因 有 城市 中心 用地 紧张,从 Ⅱ 到 Ⅲ 阶段 ， 该 城市 生产 企业 大部分 由 城区 迁移 到 郊区 ， 原因 有 城市 中心 用地 紧张,P num P num NN PU DT NN NN NN CD P NN VV VV NN PU NN VE NN NN NN VA,,因果_0（城市中心用地紧张，该城市生产企业大部分由城区迁移到郊区）,因果_0（城市中心用地紧张，该城市生产企业大部分由城区迁移到郊区）,0_17,0_17,因果,因果,,,从 Ⅱ 到 Ⅲ 阶段 ， 该 城市 生产 企业 大部分 由 城区 迁移 到 郊区 ， 原因 有 城市 中心 用地 紧张,从 Ⅱ 到 Ⅲ 阶段 ， 该 城市 生产 企业 大部分 由 城区 迁移 到 郊区 ， 原因 有 城市 中心 用地 紧张,P num P num NN PU DT NN NN NN CD M NN VV VV NN PU NN VE NN NN NN VA,( (IP (IP (PP (PP (P 从) (QP (CD Ⅱ))) (PP (P 到) (NP (QP (CD Ⅲ)) (NP (NN 阶段))))) (PU ，) (NP (DP (DT 该)) (NP (NN 城市) (NN 生产) (NN 企业))) (QP (CD 大部分)) (VP (PP (P 由) (NP (NN 城区))) (VP (VRD (VV 迁移) (VV 到)) (NP (NN 郊区))))) (PU ，) (IP (NP (NN 原因)) (VP (VE 有) (NP (NN 城市)))) (IP (NP (NN 中心) (NN 用地)) (VP (VA 紧张)))) )
科大讯飞-地理测试10（北京市东城区普通校2013届高三联考）,19-①-1,从Ⅱ到Ⅲ阶段，该城市生产企业大部分由城区迁移到郊区，原因有	城市中心地价上涨,ed-mod,,,,1 3,从 Ⅱ 到 Ⅲ 阶段 ， 该 城市 生产 企业 大部分 由 城区 迁移 到 郊区 ， 原因 有 城市 中心 地价 上涨,从 Ⅱ 到 Ⅲ 阶段 ， 该 城市 生产 企业 大部分 由 城区 迁移 到 郊区 ， 原因 有 城市 中心 地价 上涨,P num P num NN PU DT NN NN NN CD P NN VV VV NN PU NN VE NN NN NN VV,,因果_0（城市中心地价上涨，该城市生产企业大部分由城区迁移到郊区）,因果_0（城市中心地价上涨，该城市生产企业大部分由城区迁移到郊区）,0_17,0_17,因果,因果,,,从 Ⅱ 到 Ⅲ 阶段 ， 该 城市 生产 企业 大部分 由 城区 迁移 到 郊区 ， 原因 有 城市 中心 地价 上 涨,从 Ⅱ 到 Ⅲ 阶段 ， 该 城市 生产 企业 大部分 由 城区 迁移 到 郊区 ， 原因 有 城市 中心 地价 上 涨,P num P num NN PU DT NN NN NN CD M NN VV VV NN PU NN VE NN NN NN LC VV,( (IP (IP (PP (PP (P 从) (QP (CD Ⅱ))) (PP (P 到) (NP (QP (CD Ⅲ)) (NP (NN 阶段))))) (PU ，) (NP (DP (DT 该)) (NP (NN 城市) (NN 生产) (NN 企业))) (QP (CD 大部分)) (VP (PP (P 由) (NP (NN 城区))) (VP (VRD (VV 迁移) (VV 到)) (NP (NN 郊区))))) (PU ，) (IP (NP (NN 原因)) (VP (VE 有) (NP (NN 城市) (NN 中心)))) (IP (NP (NN 地价)) (VP (VV 上涨)))) )
科大讯飞-地理测试11（北京市海淀区高三第一学期期末练习）,7-A,关于两国大豆产区及生产条件的叙述，正确的是	均位于沿海地区，交通便利,y,,15,,,关于 两国 大豆 产区 及 生产 条件 的 叙述 ， 正确 的 是 均 位于 沿海地区 ， 交通 便利,关于 两国 大豆 产区 及 生产 条件 的 叙述 ， 正确 的 是 均 位于 沿海 地区 ， 交通 便利,P NN NN NN CC NN NN DEG NN PU VA DEC VC AD VV loc PU NN VA,,位于_1（两国大豆产区，沿海地区）实体信息陈述_2（两国大豆产区，交通，便利）,位于_1（两国大豆产区，沿海地区）实体信息陈述_2（两国大豆产区，交通，便利）,1_14,1_14,位于 实体信息陈述,位于 实体信息陈述,,15,关于 两国 大豆 产区 及 生产 条件 的 叙述 ， 正确 的 是 均 位于 沿 海地区 ， 交通 便利,关于 两国 大豆 产区 及 生产 条件 的 叙述 ， 正确 的 是 均 位于 沿海 地区 ， 交通 便利,P NR VV NN CC NN NN DEG NN PU VA DEC VC AD VV loc PU NN NN,( (IP (IP (NP (DNP (PP (P 关于) (NP (NN 两国) (NN 大豆) (NN 产区) (CC 及) (NN 生产) (NN 条件))) (DEG 的)) (NP (NN 叙述))) (PU ，) (NP (CP (IP (VP (VA 正确))) (DEC 的))) (VP (VC 是) (VP (ADVP (AD 均)) (VP (VV 位于) (NP (NR 沿海地区)))))) (PU ，) (IP (NP (NN 交通)) (VP (VA 便利)))) )
科大讯飞-地理测试11（北京市海淀区高三第一学期期末练习）,7-A-0,关于两国大豆产区及生产条件的叙述，正确的是	均位于沿海地区,ed-ori,,15,,,关于 两国 大豆 产区 及 生产 条件 的 叙述 ， 正确 的 是 均 位于 沿海地区,关于 两国 大豆 产区 及 生产 条件 的 叙述 ， 正确 的 是 均 位于 沿海 地区,P NN NN NN CC NN NN DEG NN PU VA DEC VC AD VV loc,,位于_1（两国大豆产区，沿海地区）,位于_1（两国大豆产区，沿海地区）,1_14,1_14,位于,位于,,15,关于 两国 大豆 产区 及 生产 条件 的 叙述 ， 正确 的 是 均 位于 沿 海地 区,关于 两国 大豆 产区 及 生产 条件 的 叙述 ， 正确 的 是 均 位于 沿海 地区,P NR VV NN CC NN NN DEG NN PU VA DEC VC AD VV loc,( (IP (PP (P 关于) (NP (DNP (NP (NN 两国) (NN 大豆) (NN 产区) (CC 及) (NN 生产) (NN 条件)) (DEG 的)) (NP (NN 叙述)))) (PU ，) (NP (CP (IP (VP (VA 正确))) (DEC 的))) (VP (VC 是) (VP (ADVP (AD 均)) (VP (VV 位于) (NP (NR 沿海地区)))))) )
科大讯飞-地理测试11（北京市海淀区高三第一学期期末练习）,7-A-1,关于两国大豆产区及生产条件的叙述，正确的是	均交通便利,ed-mod,,,,,关于 两国 大豆 产区 及 生产 条件 的 叙述 ， 正确 的 是 均 交通 便利,关于 两国 大豆 产区 及 生产 条件 的 叙述 ， 正确 的 是 均 交通 便利,P NN NN NN CC NN NN DEG NN PU VA DEC VC AD NN VA,,实体信息陈述_0（两国大豆产区，交通，便利）,实体信息陈述_0（两国大豆产区，交通，便利）,,,实体信息陈述,实体信息陈述,,,关于 两国 大豆 产区 及 生产 条件 的 叙述 ， 正确 的 是 均 交通 便利,关于 两国 大豆 产区 及 生产 条件 的 叙述 ， 正确 的 是 均 交通 便利,P NR VV NN CC NN NN DEG NN PU VA DEC VC AD NN NN,( (IP (PP (P 关于) (NP (DNP (NP (NN 两国) (NN 大豆) (NN 产区) (CC 及) (NN 生产) (NN 条件)) (DEG 的)) (NP (NN 叙述)))) (PU ，) (NP (CP (IP (VP (VA 正确))) (DEC 的))) (VP (VC 是) (IP (ADVP (AD 均)) (NP (NN 交通)) (VP (VA 便利))))) )
科大讯飞-地理测试11（北京市海淀区高三第一学期期末练习）,7-B,关于两国大豆产区及生产条件的叙述，正确的是	均位于人口稠密区，劳动力充足,y,,,,,关于 两国 大豆 产区 及 生产 条件 的 叙述 ， 正确 的 是 均 位于 人口 稠密区 ， 劳动力 充足,关于 两国 大豆 产区 及 生产 条件 的 叙述 ， 正确 的 是 均 位于 人口 稠密区 ， 劳动力 充足,P NN NN NN CC NN NN DEG NN PU VA DEC VC AD VV NN NN PU NN VA,,位于_0（两国大豆产区，人口稠密区）实体信息陈述_1（两国大豆产区，劳动力，充足）,位于_0（两国大豆产区，人口稠密区）实体信息陈述_1（两国大豆产区，劳动力，充足）,0_14,0_14,位于 实体信息陈述,位于 实体信息陈述,,,关于 两国 大豆 产区 及 生产 条件 的 叙述 ， 正确 的 是 均 位于 人口 稠密区 ， 劳动力 充足,关于 两国 大豆 产区 及 生产 条件 的 叙述 ， 正确 的 是 均 位于 人口 稠密区 ， 劳动力 充足,P NR VV NN CC NN NN DEG NN PU VA DEC VC AD VV NN NN PU NN VA,( (IP (IP (NP (DNP (PP (P 关于) (NP (NN 两国) (NN 大豆) (NN 产区) (CC 及) (NN 生产) (NN 条件))) (DEG 的)) (NP (NN 叙述))) (PU ，) (NP (CP (IP (VP (VA 正确))) (DEC 的))) (VP (VC 是) (IP (VP (ADVP (AD 均)) (VP (VV 位于) (NP (NN 人口) (NN 稠密区))))))) (PU ，) (NP (NN 劳动力)) (VP (VA 充足))) )
科大讯飞-地理测试11（北京市海淀区高三第一学期期末练习）,7-B-0,关于两国大豆产区及生产条件的叙述，正确的是	均位于人口稠密区,ed-ori,,,,,关于 两国 大豆 产区 及 生产 条件 的 叙述 ， 正确 的 是 均 位于 人口 稠密 区,关于 两国 大豆 产区 及 生产 条件 的 叙述 ， 正确 的 是 均 位于 人口 稠密 区,P NN NN NN CC NN NN DEG NN PU VA DEC VC AD VV NN VA NN,,位于_0（两国大豆产区，人口稠密区）,位于_0（两国大豆产区，人口稠密区）,0_14,0_14,位于,位于,,,关于 两国 大豆 产区 及 生产 条件 的 叙述 ， 正确 的 是 均 位于 人口 稠密 区,关于 两国 大豆 产区 及 生产 条件 的 叙述 ， 正确 的 是 均 位于 人口 稠密 区,P NR VV NN CC NN NN DEG NN PU VA DEC VC AD VV NN VV NN,( (IP (PP (P 关于) (NP (DNP (NP (NN 两国) (NN 大豆) (NN 产区) (CC 及) (NN 生产) (NN 条件)) (DEG 的)) (NP (NN 叙述)))) (PU ，) (NP (CP (IP (VP (VA 正确))) (DEC 的))) (VP (VC 是) (IP (VP (ADVP (AD 均)) (VP (VV 位于) (NP (IP (NP (NN 人口)) (VP (VA 稠密))) (NP (NN 区)))))))) )
科大讯飞-地理测试11（北京市海淀区高三第一学期期末练习）,7-B-1,关于两国大豆产区及生产条件的叙述，正确的是	均劳动力充足,ed-mod,,,,,关于 两国 大豆 产区 及 生产 条件 的 叙述 ， 正确 的 是 均 劳动力 充足,关于 两国 大豆 产区 及 生产 条件 的 叙述 ， 正确 的 是 均 劳动力 充足,P NN NN NN CC NN NN DEG NN PU VA DEC VC AD NN VA,,实体信息陈述_0（两国大豆产区，劳动力，充足）,实体信息陈述_0（两国大豆产区，劳动力，充足）,,,实体信息陈述,实体信息陈述,,,关于 两国 大豆 产区 及 生产 条件 的 叙述 ， 正确 的 是 均 劳动力 充足,关于 两国 大豆 产区 及 生产 条件 的 叙述 ， 正确 的 是 均 劳动力 充足,P NR VV NN CC NN NN DEG NN PU VA DEC VC AD NN VA,( (IP (PP (P 关于) (NP (DNP (NP (NN 两国) (NN 大豆) (NN 产区) (CC 及) (NN 生产) (NN 条件)) (DEG 的)) (NP (NN 叙述)))) (PU ，) (NP (CP (IP (VP (VA 正确))) (DEC 的))) (VP (VC 是) (VP (ADVP (AD 均)) (VP (NP (NN 劳动力)) (VP (VA 充足)))))) )
科大讯飞-地理测试11（北京市海淀区高三第一学期期末练习）,7-C,关于两国大豆产区及生产条件的叙述，正确的是	均位于平原地区，土壤肥沃,y,,,15,,关于 两国 大豆 产区 及 生产 条件 的 叙述 ， 正确 的 是 均 位于 平原 地区 ， 土壤 肥沃,关于 两国 大豆 产区 及 生产 条件 的 叙述 ， 正确 的 是 均 位于 平原 地区 ， 土壤 肥沃,P NN NN NN CC NN NN DEG NN PU VA DEC VC AD VV NN NN PU NN VA,,位于_0（两国大豆产区，平原地区）实体信息陈述_1（两国大豆产区，土壤，肥沃）,位于_0（两国大豆产区，平原地区）实体信息陈述_1（两国大豆产区，土壤，肥沃）,0_14,0_14,位于 实体信息陈述,位于 实体信息陈述,,15,关于 两国 大豆 产区 及 生产 条件 的 叙述 ， 正确 的 是 均 位于 平原 地区 ， 土壤 肥沃,关于 两国 大豆 产区 及 生产 条件 的 叙述 ， 正确 的 是 均 位于 平原 地区 ， 土壤 肥沃,P NR VV NN CC NN NN DEG NN PU VA DEC VC AD VV NN NN PU NN VA,( (IP (IP (NP (DNP (PP (P 关于) (NP (NN 两国) (NN 大豆) (NN 产区) (CC 及) (NN 生产) (NN 条件))) (DEG 的)) (NP (NN 叙述))) (PU ，) (NP (CP (IP (VP (VA 正确))) (DEC 的))) (VP (VC 是) (VP (ADVP (AD 均)) (VP (VV 位于) (NP (NN 平原) (NN 地区)))))) (PU ，) (NP (NN 土壤)) (VP (VA 肥沃))) )
科大讯飞-地理测试11（北京市海淀区高三第一学期期末练习）,7-C-0,关于两国大豆产区及生产条件的叙述，正确的是	均位于平原地区,ed-ori,,,15,,关于 两国 大豆 产区 及 生产 条件 的 叙述 ， 正确 的 是 均 位于 平原 地区,关于 两国 大豆 产区 及 生产 条件 的 叙述 ， 正确 的 是 均 位于 平原 地区,P NN NN NN CC NN NN DEG NN PU VA DEC VC AD VV NN NN,,位于_0（两国大豆产区，平原地区）,位于_0（两国大豆产区，平原地区）,0_14,0_14,位于,位于,,15,关于 两国 大豆 产区 及 生产 条件 的 叙述 ， 正确 的 是 均 位于 平原 地区,关于 两国 大豆 产区 及 生产 条件 的 叙述 ， 正确 的 是 均 位于 平原 地区,P NR VV NN CC NN NN DEG NN PU VA DEC VC AD VV NN NN,( (IP (PP (P 关于) (NP (DNP (NP (NN 两国) (NN 大豆) (NN 产区) (CC 及) (NN 生产) (NN 条件)) (DEG 的)) (NP (NN 叙述)))) (PU ，) (NP (CP (IP (VP (VA 正确))) (DEC 的))) (VP (VC 是) (IP (VP (ADVP (AD 均)) (VP (VV 位于) (NP (NN 平原) (NN 地区))))))) )
科大讯飞-地理测试11（北京市海淀区高三第一学期期末练习）,7-C-1,关于两国大豆产区及生产条件的叙述，正确的是	均土壤肥沃,ed-mod,,,,,关于 两国 大豆 产区 及 生产 条件 的 叙述 ， 正确 的 是 均 土壤 肥沃,关于 两国 大豆 产区 及 生产 条件 的 叙述 ， 正确 的 是 均 土壤 肥沃,P NN NN NN CC NN NN DEG NN PU VA DEC VC AD VV VA,,实体信息陈述_0（两国大豆产区，土壤，肥沃）,实体信息陈述_0（两国大豆产区，土壤，肥沃）,,,实体信息陈述,实体信息陈述,,,关于 两国 大豆 产区 及 生产 条件 的 叙述 ， 正确 的 是 均 土壤 肥沃,关于 两国 大豆 产区 及 生产 条件 的 叙述 ， 正确 的 是 均 土壤 肥沃,P NR VV NN CC NN NN DEG NN PU VA DEC VC AD VV NN,( (IP (PP (P 关于) (NP (DNP (NP (NN 两国) (NN 大豆) (NN 产区) (CC 及) (NN 生产) (NN 条件)) (DEG 的)) (NP (NN 叙述)))) (PU ，) (NP (CP (IP (VP (VA 正确))) (DEC 的))) (VP (VC 是) (VP (ADVP (AD 均)) (VP (VV 土壤) (IP (VP (VA 肥沃))))))) )
科大讯飞-地理测试11（北京市海淀区高三第一学期期末练习）,7-D,关于两国大豆产区及生产条件的叙述，正确的是	均位于中、低纬度，热量充足,y,,,15,,关于 两国 大豆 产区 及 生产 条件 的 叙述 ， 正确 的 是 均 位于 中、低纬度 ， 热量 充足,关于 两国 大豆 产区 及 生产 条件 的 叙述 ， 正确 的 是 均 位于 中 、 低 纬度 ， 热量 充足,P NN NN NN CC NN NN DEG NN PU VA DEC VC AD VV term PU NN VA,,位于_0（两国大豆产区，中、低纬度）实体信息陈述_1（两国大豆产区，热量，充足）,位于_0（两国大豆产区，中、低纬度）实体信息陈述_1（两国大豆产区，热量，充足）,0_14,0_14,位于 实体信息陈述,位于 实体信息陈述,,15,关于 两国 大豆 产区 及 生产 条件 的 叙述 ， 正确 的 是 均 位于 中 、 低 纬度 ， 热量 充足,关于 两国 大豆 产区 及 生产 条件 的 叙述 ， 正确 的 是 均 位于 中 、 低 纬度 ， 热量 充足,P NR VV NN CC NN NN DEG NN PU VA DEC VC AD VV term PU NN VA,( (IP (IP (NP (DNP (PP (P 关于) (NP (NN 两国) (NN 大豆) (NN 产区) (CC 及) (NN 生产) (NN 条件))) (DEG 的)) (NP (NN 叙述))) (PU ，) (NP (CP (IP (VP (VA 正确))) (DEC 的))) (VP (VC 是) (VP (ADVP (AD 均)) (VP (VV 位于) (NP (NN 中、低纬度)))))) (PU ，) (NP (NN 热量)) (VP (VA 充足))) )
科大讯飞-地理测试11（北京市海淀区高三第一学期期末练习）,7-D-0,关于两国大豆产区及生产条件的叙述，正确的是	均位于中、低纬度,ed-ori,,,15,,关于 两国 大豆 产区 及 生产 条件 的 叙述 ， 正确 的 是 均 位于 中、低纬度,关于 两国 大豆 产区 及 生产 条件 的 叙述 ， 正确 的 是 均 位于 中 、 低 纬度,P NN NN NN CC NN NN DEG NN PU VA DEC VC AD VV term,,位于_0（两国大豆产区，中、低纬度）,位于_0（两国大豆产区，中、低纬度）,0_14,0_14,位于,位于,,15,关于 两国 大豆 产区 及 生产 条件 的 叙述 ， 正确 的 是 均 位于 中 、 低 纬度,关于 两国 大豆 产区 及 生产 条件 的 叙述 ， 正确 的 是 均 位于 中 、 低 纬度,P NR VV NN CC NN NN DEG NN PU VA DEC VC AD VV term,( (IP (PP (P 关于) (NP (DNP (NP (NN 两国) (NN 大豆) (NN 产区) (CC 及) (NN 生产) (NN 条件)) (DEG 的)) (NP (NN 叙述)))) (PU ，) (NP (CP (IP (VP (VA 正确))) (DEC 的))) (VP (VC 是) (IP (VP (ADVP (AD 均)) (VP (VV 位于) (NP (NN 中、低纬度))))))) )
科大讯飞-地理测试11（北京市海淀区高三第一学期期末练习）,7-D-1,关于两国大豆产区及生产条件的叙述，正确的是	均热量充足,ed-mod,,,,,关于 两国 大豆 产区 及 生产 条件 的 叙述 ， 正确 的 是 均 热量 充足,关于 两国 大豆 产区 及 生产 条件 的 叙述 ， 正确 的 是 均 热量 充足,P NN NN NN CC NN NN DEG NN PU VA DEC VC AD NN VA,,实体信息陈述_0（两国大豆产区，热量，充足）,实体信息陈述_0（两国大豆产区，热量，充足）,,,实体信息陈述,实体信息陈述,,,关于 两国 大豆 产区 及 生产 条件 的 叙述 ， 正确 的 是 均 热量 充足,关于 两国 大豆 产区 及 生产 条件 的 叙述 ， 正确 的 是 均 热量 充足,P NR VV NN CC NN NN DEG NN PU VA DEC VC AD NN VA,( (IP (PP (P 关于) (NP (DNP (NP (NN 两国) (NN 大豆) (NN 产区) (CC 及) (NN 生产) (NN 条件)) (DEG 的)) (NP (NN 叙述)))) (PU ，) (NP (CP (IP (VP (VA 正确))) (DEC 的))) (VP (VC 是) (IP (ADVP (AD 均)) (NP (NN 热量)) (VP (VA 充足))))) )
科大讯飞-地理测试11（北京市海淀区高三第一学期期末练习）,8-B,读美国和巴西大豆生长周期表，下列叙述正确的是	都在春、夏之交播种，秋季收获,y,15 18,1 3,,,读 美国 和 巴西 大豆 生长 周期表 ， 下列 叙述 正确 的 是 都 在 春、夏之交 播种 ， 秋季 收获,读 美国 和 巴西 大豆 生长 周期表 ， 下列 叙述 正确 的 是 都 在 春 、 夏之交 播种 ， 秋季 收获,VV loc CC loc NN NN NN PU JJ NN VA DEC VC AD P time VV PU time VV,,实体信息陈述_0（美国大豆，播种，春、夏之交）实体信息陈述_1（美国大豆，收获，秋季）实体信息陈述_2（巴西大豆，播种，春、夏之交）实体信息陈述_3（巴西大豆，收获，秋季）,实体信息陈述_0（美国大豆，播种，春、夏之交）实体信息陈述_1（美国大豆，收获，秋季）实体信息陈述_2（巴西大豆，播种，春、夏之交）实体信息陈述_3（巴西大豆，收获，秋季）,,,实体信息陈述,实体信息陈述,18,1 3,读 美国 和 巴西 大豆 生长 周期表 ， 下列 叙述 正确 的 是 都 在 春 、 夏之交 播种 ， 秋季 收获,读 美国 和 巴西 大豆 生长 周期表 ， 下列 叙述 正确 的 是 都 在 春 、 夏之交 播种 ， 秋季 收获,NN loc CC loc NN NN NN PU VV VV VA DEC VC AD P time NN PU time NN,( (IP (IP (VP (VV 读) (NP (NP (NP (NR 美国) (CC 和) (NR 巴西)) (NP (NN 大豆))) (NP (NN 生长) (NN 周期表))))) (PU ，) (IP (NP (ADJP (JJ 下列)) (NP (NN 叙述))) (NP (CP (IP (VP (VA 正确))) (DEC 的))) (VP (VC 是) (VP (ADVP (AD 都)) (PP (P 在) (NP (NT 春、夏之交))) (VP (VV 播种))))) (PU ，) (IP (VP (NP (NT 秋季)) (VP (VV 收获))))) )
科大讯飞-地理测试11（北京市海淀区高三第一学期期末练习）,8-B-0,读美国和巴西大豆生长周期表，下列叙述正确的是	都在春、夏之交播种,ed-ori,15,1 3,,,读 美国 和 巴西 大豆 生长 周期表 ， 下列 叙述 正确 的 是 都 在 春、夏之交 播种,读 美国 和 巴西 大豆 生长 周期表 ， 下列 叙述 正确 的 是 都 在 春 、 夏之交 播种,VV loc CC loc NN NN NN PU JJ NN VA DEC VC AD P time VV,,实体信息陈述_0（美国大豆，播种，春、夏之交）实体信息陈述_1（巴西大豆，播种，春、夏之交）,实体信息陈述_0（美国大豆，播种，春、夏之交）实体信息陈述_1（巴西大豆，播种，春、夏之交）,,,实体信息陈述,实体信息陈述,,1 3,读 美国 和 巴西 大豆 生长 周期表 ， 下列 叙述 正确 的 是 都 在 春 、 夏之交 播种,读 美国 和 巴西 大豆 生长 周期表 ， 下列 叙述 正确 的 是 都 在 春 、 夏之交 播种,NN loc CC loc NN NN NN PU VV VV VA DEC VC AD P time NN,( (IP (IP (VP (VV 读) (NP (NP (NP (NR 美国) (CC 和) (NR 巴西)) (NP (NN 大豆))) (NP (NN 生长) (NN 周期表))))) (PU ，) (IP (NP (ADJP (JJ 下列)) (NP (NN 叙述))) (NP (CP (IP (VP (VA 正确))) (DEC 的))) (VP (VC 是) (VP (ADVP (AD 都)) (PP (P 在) (NP (NT 春、夏之交))) (VP (VV 播种)))))) )
科大讯飞-地理测试11（北京市海淀区高三第一学期期末练习）,8-B-1,读美国和巴西大豆生长周期表，下列叙述正确的是	都在秋季收获,ed-mod,15,1 3,,,读 美国 和 巴西 大豆 生长 周期表 ， 下列 叙述 正确 的 是 都 在 秋季 收获,读 美国 和 巴西 大豆 生长 周期表 ， 下列 叙述 正确 的 是 都 在 秋季 收获,VV loc CC loc NN NN NN PU JJ NN VA DEC VC AD P time VV,,实体信息陈述_0（美国大豆，收获，秋季）实体信息陈述_1（巴西大豆， 收获，秋季）,实体信息陈述_0（美国大豆，收获，秋季）实体信息陈述_1（巴西大豆， 收获，秋季）,,,实体信息陈述,实体信息陈述,15,1 3,读 美国 和 巴西 大豆 生长 周期表 ， 下列 叙述 正确 的 是 都 在 秋季 收获,读 美国 和 巴西 大豆 生长 周期表 ， 下列 叙述 正确 的 是 都 在 秋季 收获,NN loc CC loc NN NN NN PU VV VV VA DEC VC AD P time NN,( (IP (IP (VP (VV 读) (NP (NP (NR 美国) (CC 和) (NR 巴西)) (NN 大豆) (NN 生长) (NN 周期表)))) (PU ，) (IP (NP (ADJP (JJ 下列)) (NP (NN 叙述))) (NP (CP (IP (VP (VA 正确))) (DEC 的))) (VP (VC 是) (VP (ADVP (AD 都)) (PP (P 在) (NP (NT 秋季))) (VP (VV 收获)))))) )
科大讯飞-地理测试11（北京市海淀区高三第一学期期末练习）,23-C,下列关于图中等温线与甲、乙、丙、丁四地气温的叙述，正确的是	甲地海拔高，1月气温低于丙地,y,17,5 20,3,,下列 关于 图中 等温线 与 甲、乙、丙、丁四地 气温 的 叙述 ， 正确 的 是 甲地 海拔 高 ， 1月 气温 低于 丙地,下列 关于 图中 等温线 与 甲 、 乙 、 丙 、 丁 四 地 气温 的 叙述 ， 正确 的 是 甲地 海拔 高 ， 1月 气温 低于 丙地,JJ P NN term CC loc NN DEG NN PU VA DEC VC NN NN VA PU time NN VV loc,,比较_0（甲地，丙地，海拔，高）比较_1（甲地，丙地，1月气温，低）,比较_0（甲地，丙地，海拔，高）比较_1（甲地，丙地，1月气温，低）,0_15 1_19,0_15 1_19,比较,比较,17,,下列 关于 图中 等温线 与甲 、 乙 、 丙 、 丁四地 气温 的 叙述 ， 正确 的 是 甲地 海拔 高 ， 1月 气温 低于 丙地,下列 关于 图中 等温线 与甲 、 乙 、 丙 、 丁四地 气温 的 叙述 ， 正确 的 是 甲地 海拔 高 ， 1月 气温 低于 丙地,AD P NN term CC loc NN DEG NN PU VA DEC VC NN NN VA PU time NN VV loc,( (IP (NP (ADJP (JJ 下列)) (DNP (PP (P 关于) (NP (NP (NN 图中) (NN 等温线)) (CC 与) (NP (NP (NR 甲、乙、丙、丁四地)) (NP (NN 气温))))) (DEG 的)) (NP (NN 叙述))) (PU ，) (NP (CP (IP (VP (VA 正确))) (DEC 的))) (VP (VC 是) (IP (IP (NP (NN 甲地) (NN 海拔)) (VP (VA 高))) (PU ，) (IP (NP (NT 1月)) (NP (NN 气温)) (VP (VV 低于) (NP (NR 丙地))))))) )
科大讯飞-地理测试11（北京市海淀区高三第一学期期末练习）,23-C-0,下列关于图中等温线与甲、乙、丙、丁四地气温的叙述，正确的是	甲地海拔高,ed-ori,,5 13,3,,下列 关于 图中 等温线 与 甲、乙、丙、丁四地 气温 的 叙述 ， 正确 的 是 甲地 海拔 高,下列 关于 图中 等温线 与 甲 、 乙 、 丙 、 丁 四 地 气温 的 叙述 ， 正确 的 是 甲地 海拔 高,JJ P NN term CC loc NN DEG NN PU VA DEC VC loc NN VA,,比较_0（甲地，丙地，海拔，高）,比较_0（甲地，丙地，海拔，高）,0_15,0_15,比较,比较,,,下列 关于 图中 等温线 与甲 、 乙 、 丙 、 丁四地 气温 的 叙述 ， 正确 的 是 甲地 海拔 高,下列 关于 图中 等温线 与甲 、 乙 、 丙 、 丁四地 气温 的 叙述 ， 正确 的 是 甲地 海拔 高,AD P NN term CC loc NN DEG NN PU VA DEC VC loc NN VA,( (IP (NP (ADJP (JJ 下列)) (DNP (PP (P 关于) (NP (NP (NN 图中) (NN 等温线)) (CC 与) (NP (NP (NR 甲、乙、丙、丁四地)) (NP (NN 气温))))) (DEG 的)) (NP (NN 叙述))) (PU ，) (NP (CP (IP (VP (VA 正确))) (DEC 的))) (VP (VC 是) (IP (NP (NR 甲地)) (NP (NN 海拔)) (VP (VA 高))))) )
科大讯飞-地理测试11（北京市海淀区高三第一学期期末练习）,23-C-1,下列关于图中等温线与甲、乙、丙、丁四地气温的叙述，正确的是	甲地1月气温低于丙地,ed-mod,14,5 17,3,,下列 关于 图中 等温线 与 甲、乙、丙、丁四地 气温 的 叙述 ， 正确 的 是 甲地 1月 气温 低于 丙地,下列 关于 图中 等温线 与 甲 、 乙 、 丙 、 丁 四 地 气温 的 叙述 ， 正确 的 是 甲地 1月 气温 低于 丙地,JJ P NN term CC loc NN DEG NN PU VA DEC VC NN time NN VV loc,,比较_0（甲地，丙地，1月气温，低）,比较_0（甲地，丙地，1月气温，低）,0_16,0_16,比较,比较,14,,下列 关于 图中 等温线 与甲 、 乙 、 丙 、 丁四地 气温 的 叙述 ， 正确 的 是 甲地 1月 气温 低于 丙地,下列 关于 图中 等温线 与甲 、 乙 、 丙 、 丁四地 气温 的 叙述 ， 正确 的 是 甲地 1月 气温 低于 丙地,AD P NN term CC loc NN DEG NN PU VA DEC VC NN time NN VV loc,( (IP (NP (ADJP (JJ 下列)) (DNP (PP (P 关于) (NP (NP (NN 图中) (NN 等温线)) (CC 与) (NP (NP (NR 甲、乙、丙、丁四地)) (NP (NN 气温))))) (DEG 的)) (NP (NN 叙述))) (PU ，) (NP (CP (IP (VP (VA 正确))) (DEC 的))) (VP (VC 是) (IP (NP (NN 甲地)) (NP (NT 1月)) (NP (NN 气温)) (VP (VV 低于) (NP (NR 丙地)))))) )
科大讯飞-地理测试11（北京市海淀区高三第一学期期末练习）,23-D,下列关于图中等温线与甲、乙、丙、丁四地气温的叙述，正确的是	丁地纬度高，7月气温低于丙地,y,17,5 13 20,3 14,,下列 关于 图中 等温线 与 甲、乙、丙、丁四地 气温 的 叙述 ， 正确 的 是 丁地 纬度 高 ， 7月 气温 低于 丙地,下列 关于 图中 等温线 与 甲 、 乙 、 丙 、 丁 四 地 气温 的 叙述 ， 正确 的 是 丁地 纬度 高 ， 7月 气温 低于 丙地,JJ P NN term CC loc NN DEG NN PU VA DEC VC loc term VA PU time NN VV loc,,比较_0（丁地，丙地，纬度，高）比较_1（丁地，丙地，7月气温，低）,比较_0（丁地，丙地，纬度，高）比较_1（丁地，丙地，7月气温，低）,0_15 1_19,0_15 1_19,比较,比较,17,,下列 关于 图中 等温线 与甲 、 乙 、 丙 、 丁四地 气温 的 叙述 ， 正确 的 是 丁地 纬度 高 ， 7月 气温 低于 丙地,下列 关于 图中 等温线 与甲 、 乙 、 丙 、 丁四地 气温 的 叙述 ， 正确 的 是 丁地 纬度 高 ， 7月 气温 低于 丙地,AD P NN term CC loc NN DEG NN PU VA DEC VC loc term VA PU time NN VV loc,( (IP (NP (ADJP (JJ 下列)) (DNP (PP (P 关于) (NP (NP (NN 图中) (NN 等温线)) (CC 与) (NP (NP (NR 甲、乙、丙、丁四地)) (NP (NN 气温))))) (DEG 的)) (NP (NN 叙述))) (PU ，) (IP (NP (CP (IP (VP (VA 正确))) (DEC 的))) (VP (VC 是) (IP (NP (NR 丁地) (NN 纬度)) (VP (VA 高))))) (PU ，) (IP (NP (NT 7月)) (NP (NN 气温)) (VP (VV 低于) (NP (NR 丙地))))) )
科大讯飞-地理测试11（北京市海淀区高三第一学期期末练习）,23-D-0,下列关于图中等温线与甲、乙、丙、丁四地气温的叙述，正确的是	丁地纬度高,ed-ori,,5 13,3 14,,下列 关于 图中 等温线 与 甲、乙、丙、丁四地 气温 的 叙述 ， 正确 的 是 丁地 纬度 高,下列 关于 图中 等温线 与甲 、 乙 、 丙 、 丁 四 地 气温 的 叙述 ， 正确 的 是 丁地 纬度 高,JJ P NN term CC loc NN DEG NN PU VA DEC VC loc term VA,,比较_0（丁地，丙地，纬度，高）,比较_0（丁地，丙地，纬度，高）,0_15,0_15,比较,比较,,,下列 关于 图中 等温线 与甲 、 乙 、 丙 、 丁四地 气温 的 叙述 ， 正确 的 是 丁地 纬度 高,下列 关于 图中 等温线 与甲 、 乙 、 丙 、 丁四地 气温 的 叙述 ， 正确 的 是 丁地 纬度 高,AD P NN term CC loc NN DEG NN PU VA DEC VC loc term JJ,( (IP (NP (ADJP (JJ 下列)) (DNP (PP (P 关于) (NP (NP (NN 图中) (NN 等温线)) (CC 与) (NP (NP (NR 甲、乙、丙、丁四地)) (NP (NN 气温))))) (DEG 的)) (NP (NN 叙述))) (PU ，) (NP (CP (IP (VP (VA 正确))) (DEC 的))) (VP (VC 是) (IP (NP (NP (NR 丁地)) (NP (NN 纬度))) (VP (VA 高))))) )
科大讯飞-地理测试11（北京市海淀区高三第一学期期末练习）,23-D-1,下列关于图中等温线与甲、乙、丙、丁四地气温的叙述，正确的是	丁地7月气温低于丙地,ed-mod,14,5 13 17,3,,下列 关于 图中 等温线 与 甲、乙、丙、丁四地 气温 的 叙述 ， 正确 的 是 丁地 7月 气温 低于 丙地,下列 关于 图中 等温线 与甲 、 乙 、 丙 、 丁四地 气温 的 叙述 ， 正确 的 是 丁地 7月 气温 低于 丙地,JJ P NN term CC loc NN DEG NN PU VA DEC VC loc time NN VV loc,,比较_0（丁地，丙地，7月气温，低）,比较_0（丁地，丙地，7月气温，低）,0_16,0_16,比较,比较,14,,下列 关于 图中 等温线 与甲 、 乙 、 丙 、 丁四地 气温 的 叙述 ， 正确 的 是 丁地 7月 气温 低于 丙地,下列 关于 图中 等温线 与甲 、 乙 、 丙 、 丁四地 气温 的 叙述 ， 正确 的 是 丁地 7月 气温 低于 丙地,AD P NN term CC loc NN DEG NN PU VA DEC VC loc time NN VV loc,( (IP (NP (ADJP (JJ 下列)) (DNP (PP (P 关于) (NP (NP (NN 图中) (NN 等温线)) (CC 与) (NP (NP (NR 甲、乙、丙、丁四地)) (NP (NN 气温))))) (DEG 的)) (NP (NN 叙述))) (PU ，) (NP (CP (IP (VP (VA 正确))) (DEC 的))) (VP (VC 是) (IP (NP (NR 丁地)) (VP (NP (NT 7月)) (NP (NN 气温)) (VP (VV 低于) (NP (NR 丙地))))))) )
科大讯飞-地理测试11（北京市海淀区高三第一学期期末练习）,24-B,关于图中甲、乙、丙、丁四地自然条件与农业发展的叙述，正确的是	乙地地势平坦，适宜大规模机械化生产,y,,3 15,,,关于 图 中 甲、乙、丙、丁四地 自然 条件 与 农业 发展 的 叙述 ， 正确 的 是 乙地 地势 平坦 ， 适宜 大规模 机械化 生产,关于 图 中 甲 、 乙 、 丙 、 丁 四 地 自然 条件 与 农业 发展 的 叙述 ， 正确 的 是 乙地 地势 平坦 ， 适宜 大规模 机械化 生产,P NN LC loc NN NN CC NN NN DEG NN PU VA DEC VC loc NN VA PU VV JJ NN NN,,影响_0（乙地地势平坦，大规模机械化生产，适宜）,影响_0（乙地地势平坦，大规模机械化生产，适宜）,0_19,0_19,影响,影响,,,关于 图中甲 、 乙 、 丙 、 丁四地 自然 条件 与 农业 发展 的 叙述 ， 正确 的 是 乙地 地势 平坦 ， 适宜 大规模 机械化 生产,关于 图中甲 、 乙 、 丙 、 丁四地 自然 条件 与 农业 发展 的 叙述 ， 正确 的 是 乙地 地势 平坦 ， 适宜 大规模 机械化 生产,P NN LC loc NN NN CC NN NN DEG NN PU VA DEC VC loc NN NN PU VV JJ NN NN,( (IP (PP (P 关于) (NP (DNP (NP (LCP (NP (NN 图)) (LC 中)) (NP (NR 甲、乙、丙、丁四地)) (NP (NN 自然) (NN 条件) (CC 与) (NN 农业) (NN 发展))) (DEG 的)) (NP (NN 叙述)))) (PU ，) (NP (CP (IP (VP (VA 正确))) (DEC 的))) (VP (VC 是) (IP (NP (NR 乙地) (NN 地势)) (VP (VP (VA 平坦)) (PU ，) (VP (VV 适宜) (NP (NP (ADJP (JJ 大规模)) (NP (NN 机械化))) (NP (NN 生产)))))))) )
科大讯飞-地理测试11（北京市海淀区高三第一学期期末练习）,24-B-0,关于图中甲、乙、丙、丁四地自然条件与农业发展的叙述，正确的是	乙地地势平坦,ed-ori,,3 15,,,关于 图 中 甲、乙、丙、丁四地 自然 条件 与 农业 发展 的 叙述 ， 正确 的 是 乙地 地势 平坦,关于 图 中 甲 、 乙 、 丙 、 丁 四 地 自然 条件 与 农业 发展 的 叙述 ， 正确 的 是 乙地 地势 平坦,P NN LC loc NN NN CC NN NN DEG NN PU VA DEC VC loc NN VA,,实体信息陈述_0（乙地，地势，平坦）,实体信息陈述_0（乙地，地势，平坦）,,,实体信息陈述,实体信息陈述,,,关于 图中甲 、 乙 、 丙 、 丁四地 自然 条件 与 农业 发展 的 叙述 ， 正确 的 是 乙地 地势 平坦,关于 图中甲 、 乙 、 丙 、 丁四地 自然 条件 与 农业 发展 的 叙述 ， 正确 的 是 乙地 地势 平坦,P NN LC loc NN NN CC NN NN DEG NN PU VA DEC VC loc NN NN,( (IP (PP (P 关于) (NP (DNP (NP (LCP (NP (NN 图)) (LC 中)) (NP (NR 甲、乙、丙、丁四地)) (NP (NN 自然) (NN 条件) (CC 与) (NN 农业) (NN 发展))) (DEG 的)) (NP (NN 叙述)))) (PU ，) (NP (CP (IP (VP (VA 正确))) (DEC 的))) (VP (VC 是) (IP (NP (NR 乙地)) (NP (NN 地势)) (VP (VA 平坦))))) )
科大讯飞-地理测试11（北京市海淀区高三第一学期期末练习）,24-B-1,关于图中甲、乙、丙、丁四地自然条件与农业发展的叙述，正确的是	乙地适宜大规模机械化生产,ed-mod,,3 15,,,关于 图 中 甲、乙、丙、丁四地 自然 条件 与 农业 发展 的 叙述 ， 正确 的 是 乙地 适宜 大规模 机械化 生产,关于 图 中 甲 、 乙 、 丙 、 丁 四 地 自然 条件 与 农业 发展 的 叙述 ， 正确 的 是 乙地 适宜 大规模 机械化 生产,P NN LC loc NN NN CC NN NN DEG NN PU VA DEC VC loc VV JJ NN NN,,实体信息陈述_0（乙地，适宜，大规模机械化生产）,实体信息陈述_0（乙地，适宜，大规模机械化生产）,,,实体信息陈述,实体信息陈述,,,关于 图中甲 、 乙 、 丙 、 丁四地 自然 条件 与 农业 发展 的 叙述 ， 正确 的 是 乙地 适宜 大规模 机械化 生产,关于 图中甲 、 乙 、 丙 、 丁四地 自然 条件 与 农业 发展 的 叙述 ， 正确 的 是 乙地 适宜 大规模 机械化 生产,P NN LC loc NN NN CC NN NN DEG NN PU VA DEC VC loc VV JJ NN NN,( (IP (PP (P 关于) (NP (DNP (NP (LCP (NP (NN 图)) (LC 中)) (NP (NR 甲、乙、丙、丁四地)) (NP (NN 自然) (NN 条件) (CC 与) (NN 农业) (NN 发展))) (DEG 的)) (NP (NN 叙述)))) (PU ，) (NP (CP (IP (VP (VA 正确))) (DEC 的))) (VP (VC 是) (IP (NP (NR 乙地)) (VP (VV 适宜) (NP (NP (ADJP (JJ 大规模)) (NP (NN 机械化))) (NP (NN 生产))))))) )
科大讯飞-地理测试11（北京市海淀区高三第一学期期末练习）,24-D,关于图中甲、乙、丙、丁四地自然条件与农业发展的叙述，正确的是	丁地夏季低温，适宜发展多种经营,y,16,3 15,,,关于 图 中 甲、乙、丙、丁四地 自然 条件 与 农业 发展 的 叙述 ， 正确 的 是 丁地 夏季 低温 ， 适宜 发展 多种 经营,关于 图 中 甲 、 乙 、 丙 、 丁 四 地 自然 条件 与 农业 发展 的 叙述 ， 正确 的 是 丁地 夏季 低温 ， 适宜 发展 多种 经营,P NN LC loc NN NN CC NN NN DEG NN PU VA DEC VC loc time VA PU AD VV NN NN,,影响_0（丁地夏季低温，发展多种经营，适宜）,影响_0（丁地夏季低温，发展多种经营，适宜）,0_19,0_19,影响,影响,16,,关于 图中甲 、 乙 、 丙 、 丁四地 自然 条件 与 农业 发展 的 叙述 ， 正确 的 是 丁地 夏季 低温 ， 适宜 发展 多种 经营,关于 图中甲 、 乙 、 丙 、 丁四地 自然 条件 与 农业 发展 的 叙述 ， 正确 的 是 丁地 夏季 低温 ， 适宜 发展 多种 经营,P NN LC loc NN NN CC NN NN DEG NN PU VA DEC VC loc time VV PU AD VV NN VV,( (IP (PP (P 关于) (NP (DNP (NP (LCP (NP (NN 图)) (LC 中)) (NP (NR 甲、乙、丙、丁四地)) (NP (NN 自然) (NN 条件) (CC 与) (NN 农业) (NN 发展))) (DEG 的)) (NP (NN 叙述)))) (PU ，) (NP (CP (IP (VP (VA 正确))) (DEC 的))) (VP (VC 是) (NP (NP (NR 丁地)) (NP (NT 夏季)) (CP (IP (VP (VP (VA 低温)) (PU ，) (VP (ADVP (AD 适宜)) (VP (VV 发展)))))) (NP (NN 多种) (NN 经营))))) )
科大讯飞-地理测试11（北京市海淀区高三第一学期期末练习）,24-D-0,关于图中甲、乙、丙、丁四地自然条件与农业发展的叙述，正确的是	丁地夏季低温,ed-ori,16,3 15,,,关于 图 中 甲、乙、丙、丁四地 自然 条件 与 农业 发展 的 叙述 ， 正确 的 是 丁地 夏季 低温,关于 图 中 甲 、 乙 、 丙 、 丁 四 地 自然 条件 与 农业 发展 的 叙述 ， 正确 的 是 丁地 夏季 低温,P NN LC loc NN NN CC NN NN DEG NN PU VA DEC VC loc time VA,,实体信息陈述_0（丁地，夏季，低温）,实体信息陈述_0（丁地，夏季，低温）,,,实体信息陈述,实体信息陈述,16,,关于 图中甲 、 乙 、 丙 、 丁四地 自然 条件 与 农业 发展 的 叙述 ， 正确 的 是 丁地 夏季 低温,关于 图中甲 、 乙 、 丙 、 丁四地 自然 条件 与 农业 发展 的 叙述 ， 正确 的 是 丁地 夏季 低温,P NN LC loc NN NN CC NN NN DEG NN PU VA DEC VC loc time VV,( (IP (PP (P 关于) (NP (DNP (NP (LCP (NP (NN 图)) (LC 中)) (NP (NR 甲、乙、丙、丁四地)) (NP (NN 自然) (NN 条件) (CC 与) (NN 农业) (NN 发展))) (DEG 的)) (NP (NN 叙述)))) (PU ，) (NP (CP (IP (VP (VA 正确))) (DEC 的))) (VP (VC 是) (IP (NP (NR 丁地)) (VP (NP (NT 夏季)) (VP (VA 低温)))))) )
科大讯飞-地理测试11（北京市海淀区高三第一学期期末练习）,24-D-1,关于图中甲、乙、丙、丁四地自然条件与农业发展的叙述，正确的是	丁地适宜发展多种经营,ed-mod,,3 15,,,关于 图 中 甲、乙、丙、丁四地 自然 条件 与 农业 发展 的 叙述 ， 正确 的 是 丁地 适宜 发展 多种 经营,关于 图 中 甲 、 乙 、 丙 、 丁 四 地 自然 条件 与 农业 发展 的 叙述 ， 正确 的 是 丁地 适宜 发展 多种 经营,P NN LC loc NN NN CC NN NN DEG NN PU VA DEC VC loc AD VV NN NN,,实体信息陈述_0（丁地，适宜发展，多种经营）,实体信息陈述_0（丁地，适宜发展，多种经营）,,,实体信息陈述,实体信息陈述,,,关于 图中甲 、 乙 、 丙 、 丁四地 自然 条件 与 农业 发展 的 叙述 ， 正确 的 是 丁地 适宜 发展 多种 经营,关于 图中甲 、 乙 、 丙 、 丁四地 自然 条件 与 农业 发展 的 叙述 ， 正确 的 是 丁地 适宜 发展 多种 经营,P NN LC loc NN NN CC NN NN DEG NN PU VA DEC VC loc AD VV NN VV,( (IP (PP (P 关于) (NP (DNP (NP (LCP (NP (NN 图)) (LC 中)) (NP (NR 甲、乙、丙、丁四地)) (NP (NN 自然) (NN 条件) (CC 与) (NN 农业) (NN 发展))) (DEG 的)) (NP (NN 叙述)))) (PU ，) (NP (CP (IP (VP (VA 正确))) (DEC 的))) (VP (VC 是) (IP (NP (NR 丁地)) (VP (ADVP (AD 适宜)) (VP (VV 发展) (NP (NN 多种) (NN 经营))))))) )
科大讯飞-地理测试11（北京市海淀区高三第一学期期末练习）,25-B,关于图示地区自然地理环境的叙述，正确的是	嫩江及其支流汛期长，封冻期长,y,,10,3 14 17,,关于 图示 地区 自然地理环境 的 叙述 ， 正确 的 是 嫩江 及 其 支流 汛期 长 ， 封冻期 长,关于 图示 地区 自然 地理 环境 的 叙述 ， 正确 的 是 嫩江 及 其 支流 汛期 长 ， 封冻期 长,P VA NN term DEG NN PU VA DEC VC loc CC PN NN term VA PU term VA,,实体信息陈述_0（嫩江及其支流，汛期，长）实体信息陈述_1（嫩江及其支流，封冻期，长）,实体信息陈述_0（嫩江及其支流，汛期，长）实体信息陈述_1（嫩江及其支流，封冻期，长）,,,实体信息陈述,实体信息陈述,,,关于 图示 地区 自然地理环境 的 叙述 ， 正确 的 是 嫩江 及 其 支流 汛期 长 ， 封冻期 长,关于 图示 地区 自然地理环境 的 叙述 ， 正确 的 是 嫩江 及 其 支流 汛期 长 ， 封冻期 长,P NN NN term DEG NN PU VA DEC VC loc CC PN NN term VA PU term VA,( (IP (NP (DNP (PP (P 关于) (NP (CP (VP (VA 图示))) (NP (NN 地区) (NN 自然地理环境)))) (DEG 的)) (NP (NN 叙述))) (PU ，) (NP (CP (IP (VP (VA 正确))) (DEC 的))) (VP (VC 是) (IP (NP (NP (NR 嫩江)) (CC 及) (NP (NP (PN 其)) (NP (NN 支流)))) (IP (IP (NP (NN 汛期)) (VP (VA 长))) (PU ，) (IP (NP (NN 封冻期)) (VP (VA 长))))))) )
科大讯飞-地理测试11（北京市海淀区高三第一学期期末练习）,25-B-0,关于图示地区自然地理环境的叙述，正确的是	嫩江及其支流汛期长,ed-ori,,10,3 14,,关于 图示 地区 自然地理环境 的 叙述 ， 正确 的 是 嫩江 及 其 支流 汛期 长,关于 图示 地区 自然 地理 环境 的 叙述 ， 正确 的 是 嫩江 及 其 支流 汛期 长,P VA NN term DEG NN PU VA DEC VC loc CC PN NN term VA,,实体信息陈述_0（嫩江及其支流，汛期，长）,实体信息陈述_0（嫩江及其支流，汛期，长）,,,实体信息陈述,实体信息陈述,,,关于 图示 地区 自然地理环境 的 叙述 ， 正确 的 是 嫩江 及 其 支流 汛期 长,关于 图示 地区 自然地理环境 的 叙述 ， 正确 的 是 嫩江 及 其 支流 汛期 长,P NN NN term DEG NN PU VA DEC VC loc CC PN NN term VA,( (IP (NP (DNP (PP (P 关于) (NP (CP (VP (VA 图示))) (NP (NN 地区) (NN 自然地理环境)))) (DEG 的)) (NP (NN 叙述))) (PU ，) (NP (CP (IP (VP (VA 正确))) (DEC 的))) (VP (VC 是) (IP (NP (NP (NR 嫩江)) (CC 及) (NP (NP (PN 其)) (NP (NN 支流)))) (NP (NN 汛期)) (VP (VA 长))))) )
科大讯飞-地理测试11（北京市海淀区高三第一学期期末练习）,25-B-1,关于图示地区自然地理环境的叙述，正确的是	嫩江及其支流封冻期长,ed-mod,,10,3 14,,关于 图示 地区 自然地理环境 的 叙述 ， 正确 的 是 嫩江 及 其 支流 封冻期 长,关于 图示 地区 自然 地理 环境 的 叙述 ， 正确 的 是 嫩江 及 其 支流 封冻期 长,P VA NN term DEG NN PU VA DEC VC loc CC PN NN term VA,,实体信息陈述_0（嫩江及其支流，封冻期，长）,实体信息陈述_0（嫩江及其支流，封冻期，长）,,,实体信息陈述,实体信息陈述,,,关于 图示 地区 自然地理环境 的 叙述 ， 正确 的 是 嫩江 及 其 支流 封冻期 长,关于 图示 地区 自然地理环境 的 叙述 ， 正确 的 是 嫩江 及 其 支流 封冻期 长,P NN NN term DEG NN PU VA DEC VC loc CC PN NN term VA,( (IP (NP (DNP (PP (P 关于) (NP (CP (VP (VA 图示))) (NP (NN 地区) (NN 自然地理环境)))) (DEG 的)) (NP (NN 叙述))) (PU ，) (NP (CP (IP (VP (VA 正确))) (DEC 的))) (VP (VC 是) (IP (NP (NP (NR 嫩江)) (CC 及) (NP (NP (PN 其)) (NP (NN 支流) (NN 封冻期)))) (VP (VA 长))))) )
科大讯飞-地理测试12（北京市西城区2013届高三第一学期期末试卷）,26-A,黑龙江省和西藏自治区沼泽湿地成因的相似之处是	降水丰富，集中于夏季,y,16,0 2,3 4,,黑龙江省 和 西藏自治区 沼泽 湿地 成因 的 相似 之 处 是 降水 丰富 ， 集中 于 夏季,黑龙江省 和 西藏 自治区 沼泽 湿地 成因 的 相似 之 处 是 降水 丰富 ， 集中 于 夏季,loc CC loc term term NN DEG VA DEC NN VC VV VA PU VV P time,,比较_0（黑龙江省的沼泽湿地成因是降水丰富&#44;集中于夏季，西藏自治区的沼泽湿地成因是降水丰富&#44;集中于夏季，相似）,比较_0（实体信息陈述_1（黑龙江省的沼泽湿地，成因，降水丰富&#44;集中于夏季），实体信息陈述_2（西藏自治区的沼泽湿地，成因，降水丰富&#44;集中于夏季），相似）,0_7,0_7,比较,比较 实体信息陈述,16,,黑龙江省 和 西藏 自治区 沼泽 湿地 成因 的 相似 之 处 是 降水 丰富 ， 集中 于 夏季,黑龙江省 和 西藏自治区 沼泽 湿地 成因 的 相似 之 处 是 降水 丰富 ， 集中 于 夏季,loc CC loc term term NN DEG VA DEC NN VC VV VA PU VV P time,( (IP (IP (NP (NP (NR 黑龙江省) (CC 和) (NR 西藏自治区)) (DNP (NP (NN 沼泽) (NN 湿地) (NN 成因)) (DEG 的)) (CP (IP (VP (VA 相似))) (DEC 之)) (NP (NN 处))) (VP (VC 是) (VP (VP (VV 降水)) (VP (VA 丰富))))) (PU ，) (IP (VP (VV 集中) (PP (P 于) (NP (NT 夏季)))))) )
科大讯飞-地理测试12（北京市西城区2013届高三第一学期期末试卷）,26-A-0,黑龙江省和西藏自治区沼泽湿地成因的相似之处是	降水丰富,ed-ori,,0 2,3 4,,黑龙江省 和 西藏自治区 沼泽 湿地 成因 的 相似 之 处 是 降水 丰富,黑龙江省 和 西藏 自治区 沼泽 湿地 成因 的 相似 之 处 是 降水 丰富,loc CC loc term term NN DEG VA DEC NN VC VV VA,,比较_0（黑龙江省的沼泽湿地成因是降水丰富，西藏自治区的沼泽湿地成因是降水丰富，相似）,比较_0（实体信息陈述_1（黑龙江省的沼泽湿地，成因，降水丰富），实体信息陈述_2（西藏自治区的沼泽湿地，成因，降水丰富），相似）,0_7,0_7,比较,比较 实体信息陈述,,,黑龙江省 和 西藏 自治区 沼泽 湿地 成因 的 相似 之 处 是 降水 丰富,黑龙江省 和 西藏自治区 沼泽 湿地 成因 的 相似 之 处 是 降水 丰富,loc CC loc term term NN DEG VA DEC NN VC VV VA,( (IP (NP (NR 黑龙江省) (CC 和) (NR 西藏自治区)) (NP (DNP (NP (NN 沼泽) (NN 湿地) (NN 成因)) (DEG 的)) (CP (IP (VP (VA 相似))) (DEC 之)) (NP (NN 处))) (VP (VC 是) (VP (VP (VV 降水)) (VP (VA 丰富))))) )
科大讯飞-地理测试12（北京市西城区2013届高三第一学期期末试卷）,26-A-1,黑龙江省和西藏自治区沼泽湿地成因的相似之处是	降水集中于夏季,ed-mod,14,0 2,3 4,,黑龙江省 和 西藏自治区 沼泽 湿地 成因 的 相似 之 处 是 降水 集中 于 夏季,黑龙江省 和 西藏 自治区 沼泽 湿地 成因 的 相似 之 处 是 降水 集中 于 夏季,loc CC loc term term NN DEG VA DEC NN VC VV VV P time,,比较_0（黑龙江省的沼泽湿地成因是降水集中于夏季，西藏自治区的沼泽湿地成因是降水集中于夏季，相似）,比较_0（实体信息陈述_1（黑龙江省的沼泽湿地，成因，降水集中于夏季），实体信息陈述_2（西藏自治区的沼泽湿地，成因，降水集中于夏季），相似）,0_7,0_7,比较,比较 实体信息陈述,14,,黑龙江省 和 西藏 自治区 沼泽 湿地 成因 的 相似 之 处 是 降水 集中 于 夏季,黑龙江省 和 西藏自治区 沼泽 湿地 成因 的 相似 之 处 是 降水 集中 于 夏季,loc CC loc term term NN DEG VA DEC NN VC VV VV P time,( (IP (NP (DNP (NP (NP (NR 黑龙江省) (CC 和) (NR 西藏自治区)) (NP (NN 沼泽) (NN 湿地) (NN 成因))) (DEG 的)) (CP (IP (VP (VA 相似))) (DEC 之)) (NP (NN 处))) (VP (VC 是) (VP (VV 降水) (IP (VP (VV 集中) (PP (P 于) (NP (NT 夏季)))))))) )
